Sand,Clay,Silt,pH,EC,N,,K,SoilType
42.0,38.0,20.0,5.162,0.274,14.462366,42.6142436,176.4,Sandy clay loam
54.0,26.0,20.0,6.071,0.355,14.587814,74.97949373,216.0,Sandy loam
28.0,36.0,36.0,6.921,0.675,14.910394,43.566162250000005,219.6,Clay loam
58.0,20.0,22.0,7.704,0.355,4.21147,14.37397734,139.2,Sandy loam
33.2,41.2,25.6,7.609,0.392,6.111111,15.008591299999999,273.59999999999997,Clay
29.2,46.8,24.0,6.504,0.349,6.021505,32.77774783,277.2,Clay
37.2,34.8,28.0,6.466,0.975,35.555556,33.09505252,219.6,Clay loam
26.8,47.2,26.0,5.696,0.21,4.784946,27.700845310000002,324.0,Clay
29.2,44.8,26.0,6.056,0.266,3.512545,22.94124977,252.0,Clay
31.2,32.8,36.0,7.551,0.483,9.032258,11.200914410000001,190.79999999999998,Clay loam
29.6,44.8,25.6,7.502,0.445,6.702509,12.78744702,450.0,Clay
43.2,26.8,30.0,6.627,0.774,5.681004,32.460440850000005,151.2,Loam
47.2,28.8,24.0,6.881,0.72,4.354839,12.78744702,180.0,Sandy clay loam
51.6,20.8,27.6,7.794,0.448,4.21147,6.12401189,124.8,Sandy loam
42.0,24.0,34.0,7.95,0.397,2.91,34.5103,202.79999999999998,Loam
18.0,38.0,44.0,7.85,0.517,2.55,37.8537,400.8,Clay loam
22.0,42.0,36.0,7.76,0.58,1.06,36.5713,294.0,Clay
32.0,36.0,32.0,7.79,0.536,2.16,32.3348,344.4,Clay loam
32.0,18.0,50.0,7.76,0.604,11.36,84.73,196.79999999999998,Silt loam
32.0,22.0,46.0,7.44,0.541,2.69,18.617700000000003,154.79999999999998,Loam
42.0,20.0,38.0,7.89,0.545,9.2,23.2893,181.2,Loam
28.0,42.0,30.0,7.75,0.473,2.47,17.816200000000002,338.4,Clay
14.0,58.0,28.0,7.53,0.474,4.05,24.5946,620.4,Clay
26.0,38.0,36.0,8.03,0.4,3.39,3.8701,306.0,Clay loam
14.0,58.0,28.0,7.21,0.515,2.29,19.579500000000003,482.4,Clay
42.0,36.0,22.0,7.15,0.415,2.16,107.3781,572.4,Sandy clay loam
24.0,52.0,24.0,7.73,0.491,0.88,19.1902,436.8,Clay
34.0,40.0,26.0,5.92,0.269,1.14,16.2132,201.6,Clay
18.0,44.0,38.0,7.69,0.639,1.23,9.3432,416.4,Clay
26.0,28.0,46.0,7.6,0.604,0.48,7.5112,448.8,Clay loam
36.0,22.0,42.0,8.01,0.396,2.86,7.2822000000000005,184.79999999999998,Loam
32.0,22.0,46.0,7.95,0.413,2.77,9.2058,235.2,Loam
34.0,40.0,26.0,6.15,0.299,8.72,27.4113,236.39999999999998,Clay
36.0,36.0,28.0,5.69,0.174,1.45,18.549,177.6,Clay loam
40.0,28.0,32.0,7.86,0.423,5.81,16.6483,252.0,Clay loam
52.0,16.0,32.0,8.07,0.49,8.28,16.4422,295.2,Loam
26.0,42.0,32.0,7.81,0.386,6.56,10.6485,327.59999999999997,Clay
40.0,26.0,34.0,7.8,0.37,4.27,17.7704,220.79999999999998,Loam
30.0,44.0,26.0,6.62,0.285,3.7,19.762700000000002,187.2,Clay
16.0,44.0,40.0,7.22,0.42,3.08,17.9994,265.2,Silty clay
34.0,30.0,36.0,7.84,0.448,14.4,135.7741,1449.6,Clay loam
14.0,40.0,46.0,8.05,0.336,3.83,7.5112,116.39999999999999,Silty clay
12.0,54.0,34.0,7.8,0.425,3.96,9.480599999999999,328.8,Clay
18.0,44.0,38.0,7.79,0.611,4.49,32.4264,433.2,Clay
22.0,32.0,46.0,7.96,0.411,4.98,32.9531,832.8,Clay loam
22.0,38.0,40.0,7.88,0.538,4.58,25.281599999999997,954.0,Clay loam
26.0,34.0,40.0,7.89,0.46,4.4,22.3962,684.0,Clay loam
38.0,28.0,34.0,8.12,0.414,5.06,18.0223,367.2,Clay loam
14.0,34.0,52.0,7.93,0.417,5.5,46.0061,470.4,Clay loam
16.0,52.0,32.0,7.79,0.429,7.88,14.4041,398.4,Clay
34.0,30.0,36.0,6.17,0.415,3.65,130.1636,273.59999999999997,Clay loam
36.0,28.0,36.0,6.69,0.578,2.86,130.2094,192.0,Clay loam
30.0,28.0,42.0,5.11,0.142,1.89,38.1514,88.8,Clay loam
28.0,34.0,38.0,5.34,0.17,4.36,27.3426,106.8,Clay loam
10.0,34.0,56.0,7.79,0.291,4.67,6.8929,192.0,Clay loam
26.0,30.0,44.0,7.99,0.406,8.98,7.3051,208.79999999999998,Clay loam
24.0,30.0,46.0,8.08,0.464,6.74,5.9769,153.6,Clay loam
10.0,48.0,42.0,7.84,0.405,10.0,5.0151,396.0,Silty clay
16.0,32.0,52.0,7.9,0.499,8.85,8.427200000000001,380.4,Clay loam
34.0,24.0,42.0,7.98,0.443,9.03,8.908100000000001,298.8,Loam
22.0,24.0,54.0,7.97,0.414,10.7,5.3586,175.2,Silt loam
14.0,44.0,42.0,7.84,0.378,11.27,27.6861,621.6,Silty clay
36.0,24.0,40.0,6.4,0.566,3.79,11.312600000000002,120.0,Loam
48.0,18.0,34.0,5.89,0.163,3.3,18.984099999999998,96.0,Loam
48.0,16.0,36.0,5.54,0.134,3.39,18.4574,141.6,Loam
30.0,26.0,44.0,6.21,0.399,3.35,10.8775,142.79999999999998,Loam
38.0,24.0,38.0,6.18,0.152,0.84,42.342099999999995,235.2,Loam
32.0,32.0,36.0,6.99,0.565,2.51,14.427,246.0,Clay loam
30.0,28.0,42.0,7.67,0.482,14.05,19.579500000000003,658.8,Clay loam
30.0,26.0,44.0,7.83,0.438,8.06,10.6714,216.0,Loam
24.0,34.0,42.0,7.83,0.501,4.54,6.2746,243.6,Clay loam
20.0,32.0,48.0,7.85,0.517,3.52,11.1752,284.4,Clay loam
62.0,22.0,16.0,7.37,0.497,7.27,9.8241,138.0,Sandy loam
48.0,24.0,28.0,8.16,0.366,5.11,12.503400000000001,319.2,Loam
26.0,42.0,32.0,7.77,0.379,7.22,20.7932,363.59999999999997,Clay
24.0,50.0,26.0,8.02,0.425,19.81,9.389,265.2,Clay
28.0,50.0,22.0,8.12,0.383,1.63,6.7555000000000005,322.8,Clay
38.0,34.0,28.0,6.34,0.455,5.59,18.961199999999998,180.0,Clay loam
48.0,22.0,30.0,7.63,0.366,1.94,13.3965,165.6,Loam
40.0,22.0,38.0,8.02,0.316,3.48,6.5036,175.2,Loam
38.0,26.0,36.0,7.95,0.302,3.87,19.3047,136.79999999999998,Loam
34.0,32.0,34.0,7.14,0.473,4.01,20.724500000000003,202.79999999999998,Clay loam
42.0,26.0,32.0,7.83,0.313,2.73,14.1751,134.4,Loam
46.0,24.0,30.0,7.52,0.416,0.18,10.076,152.4,Loam
36.0,26.0,38.0,8.09,0.31,3.83,11.0836,151.2,Loam
42.0,22.0,36.0,8.02,0.33,6.16,20.8619,117.6,Loam
44.0,24.0,32.0,7.97,0.311,0.66,21.5718,112.8,Loam
42.0,26.0,32.0,7.63,0.31,0.31,23.174799999999998,181.2,Loam
34.0,28.0,38.0,8.14,0.581,12.81,9.1829,123.6,Clay loam
44.0,24.0,32.0,7.44,0.452,4.89,15.3659,242.39999999999998,Loam
34.0,36.0,30.0,6.7,0.499,1.36,22.6023,226.79999999999998,Clay loam
34.0,32.0,34.0,7.23,0.535,2.69,22.190099999999997,272.4,Clay loam
30.0,26.0,44.0,7.87,0.536,6.34,17.5185,399.59999999999997,Loam
16.0,40.0,44.0,7.89,0.418,5.5,21.297,837.6,Silty clay
44.0,20.0,36.0,8.07,0.388,7.79,46.76180000000001,558.0,Loam
14.0,42.0,44.0,7.93,0.386,6.34,12.137,400.8,Silty clay
40.0,20.0,40.0,8.12,0.405,2.47,10.2134,140.4,Loam
18.0,40.0,42.0,7.84,0.583,0.18,9.801200000000001,480.0,Silty clay
38.0,28.0,34.0,7.88,0.966,8.76,24.6404,193.2,Clay loam
10.0,58.0,32.0,7.89,0.407,6.78,14.4041,488.4,Clay
34.0,30.0,36.0,5.58,0.434,1.5,20.61,156.0,Clay loam
42.0,28.0,30.0,7.82,0.375,5.72,8.1982,187.2,Clay loam
22.0,44.0,34.0,7.05,0.396,15.41,22.3733,362.4,Clay
20.0,38.0,42.0,7.15,0.516,10.22,33.685900000000004,555.6,Clay loam
28.0,38.0,34.0,6.36,0.717,5.15,69.13510000000001,356.4,Clay loam
28.0,36.0,36.0,7.5,0.474,9.51,64.14290000000001,873.6,Clay loam
34.0,24.0,42.0,7.38,0.542,4.32,41.9528,540.0,Loam
16.0,44.0,40.0,7.52,0.463,11.4,37.441500000000005,382.8,Silty clay
30.0,30.0,40.0,7.6,0.404,12.02,35.5866,358.8,Clay loam
10.0,38.0,52.0,7.89,0.413,17.22,27.8693,825.6,Clay loam
24.0,38.0,38.0,7.85,0.55,20.47,24.8694,1309.2,Clay loam
14.0,44.0,42.0,7.43,0.552,6.47,78.79889999999999,463.2,Silty clay
16.0,48.0,36.0,7.57,0.489,6.52,23.151899999999998,597.6,Clay
36.0,32.0,32.0,7.58,0.422,8.1,46.0061,321.59999999999997,Clay loam
20.0,44.0,36.0,7.51,1.098,57.77,14.0377,390.0,Clay
18.0,44.0,38.0,7.67,0.433,13.21,29.4265,937.1999999999999,Clay
24.0,24.0,52.0,7.69,0.613,11.18,32.9531,577.1999999999999,Silt loam
40.0,22.0,38.0,7.01,0.366,4.62,30.1593,277.2,Loam
28.0,32.0,40.0,7.37,0.45,16.29,77.6539,451.2,Clay loam
32.0,30.0,38.0,7.38,0.415,11.36,95.56169999999999,343.2,Clay loam
54.0,10.0,36.0,7.0,0.747,13.39,12.9843,109.2,Loam
26.0,42.0,32.0,7.17,0.451,2.42,34.5561,282.0,Clay
22.0,48.0,30.0,5.56,0.281,2.38,31.7623,320.4,Clay
26.0,42.0,32.0,5.29,0.259,4.32,40.166599999999995,199.2,Clay
32.0,36.0,32.0,5.87,0.356,2.25,9.9844,192.0,Clay loam
22.0,52.0,26.0,6.25,0.287,7.0,45.3878,346.8,Clay
22.0,52.0,26.0,6.45,0.643,6.78,38.4491,264.0,Clay
26.0,48.0,26.0,6.54,0.544,6.21,30.686,222.0,Clay
22.0,40.0,38.0,7.5,0.432,8.15,21.3199,451.2,Clay
24.0,44.0,32.0,7.38,0.482,9.11,24.1824,490.79999999999995,Clay
46.0,28.0,26.0,8.0,0.402,5.28,16.3964,246.0,Sandy clay loam
44.0,30.0,26.0,7.57,0.451,5.2,37.7163,283.2,Sandy clay loam
42.0,30.0,28.0,7.83,0.427,4.32,23.3122,526.8,Clay loam
40.0,22.0,38.0,7.85,0.749,35.48,184.7114,997.1999999999999,Loam
48.0,28.0,24.0,7.69,0.471,8.28,36.5484,458.4,Sandy clay loam
34.0,38.0,28.0,7.99,0.42,3.08,36.7545,436.8,Clay loam
30.0,44.0,26.0,7.94,0.393,7.13,19.831400000000002,429.59999999999997,Clay
20.0,42.0,38.0,7.95,0.516,5.86,16.762800000000002,562.8,Clay
34.0,24.0,42.0,5.79,0.243,5.55,33.4111,159.6,Loam
36.0,22.0,42.0,6.78,0.541,6.65,61.3033,139.2,Loam
56.0,22.0,22.0,7.71,0.525,9.42,30.5486,192.0,Sandy loam
48.0,32.0,20.0,6.77,0.68,2.42,31.029500000000002,248.39999999999998,Sandy clay loam
34.0,24.0,42.0,7.07,0.515,7.18,34.35,170.4,Loam
32.0,36.0,32.0,5.59,0.419,3.61,52.647099999999995,262.8,Clay loam
22.0,38.0,40.0,7.93,0.366,6.87,23.4496,231.6,Clay loam
16.0,44.0,40.0,7.8,1.26,14.05,50.97540000000001,574.8,Silty clay
22.0,32.0,46.0,8.01,0.449,8.32,37.7621,435.59999999999997,Clay loam
38.0,20.0,42.0,8.15,0.343,3.87,24.548800000000004,122.39999999999999,Loam
36.0,20.0,44.0,7.99,0.402,5.94,21.7321,208.79999999999998,Loam
30.0,30.0,40.0,8.04,0.412,3.87,8.8394,338.4,Clay loam
28.0,28.0,44.0,7.95,0.52,12.9,41.2658,1428.0,Clay loam
10.0,32.0,58.0,7.98,0.42,9.91,51.433400000000006,512.4,Clay loam
10.0,40.0,50.0,7.96,0.425,12.81,35.403400000000005,643.1999999999999,Silty clay
16.0,24.0,60.0,8.1,0.458,9.42,40.6704,416.4,Silt loam
22.0,28.0,50.0,8.13,0.304,3.48,8.5646,168.0,Clay loam
26.0,30.0,44.0,8.1,0.441,6.87,27.6174,297.59999999999997,Clay loam
22.0,46.0,32.0,7.89,0.455,5.2,41.1284,897.6,Clay
24.0,36.0,40.0,7.998,0.275,10.52,30.5944,1166.3999999999999,Clay loam
38.0,24.0,38.0,7.96,0.524,12.55,16.4422,673.1999999999999,Loam
28.0,26.0,46.0,8.06,0.496,13.39,18.892500000000002,291.59999999999997,Loam
30.0,34.0,36.0,8.05,0.391,7.44,30.3196,256.8,Clay loam
26.0,24.0,50.0,8.16,0.403,10.88,18.823800000000002,165.6,Silt loam
28.0,16.0,56.0,8.14,0.372,8.01,16.9918,86.39999999999999,Silt loam
24.0,52.0,24.0,5.753,0.35,6.69,38.0369,216.0,Clay
28.0,28.0,44.0,7.96,0.483,7.57,25.1213,297.59999999999997,Clay loam
16.0,50.0,34.0,7.88,0.377,9.95,15.1369,620.4,Clay
14.0,48.0,38.0,8.2,0.307,7.93,16.9918,375.59999999999997,Clay
26.0,52.0,22.0,6.3,0.56,11.71,49.7846,291.59999999999997,Clay
30.0,46.0,24.0,5.85,0.224,4.84,53.975300000000004,214.79999999999998,Clay
30.0,46.0,24.0,6.28,0.272,4.58,57.891200000000005,309.59999999999997,Clay
24.0,50.0,26.0,6.65,0.477,9.2,19.602400000000003,259.2,Clay
18.0,56.0,26.0,6.88,0.261,6.65,18.3658,282.0,Clay
58.0,12.0,30.0,7.95,0.417,12.02,25.716700000000003,80.39999999999999,Loam
26.0,56.0,18.0,6.69,0.6,5.59,20.8161,318.0,Clay
20.0,52.0,28.0,7.94,0.689,10.61,12.6866,601.1999999999999,Clay
30.0,44.0,26.0,8.02,0.395,6.96,26.884600000000002,506.4,Clay
34.0,44.0,22.0,7.94,0.451,20.12,325.409,1704.0,Clay
20.0,56.0,24.0,8.03,0.344,10.44,27.9151,585.6,Clay
24.0,50.0,26.0,7.9,0.408,11.67,12.0912,672.0,Clay
24.0,56.0,20.0,7.05,0.378,11.49322,3.9159,357.59999999999997,Clay
26.0,54.0,20.0,6.8,0.359,6.737872,16.0758,218.4,Clay
30.0,50.0,20.0,6.65,0.303,7.221084,10.0989,258.0,Clay
20.0,58.0,22.0,6.6,0.241,11.800308,11.6332,380.4,Clay
22.0,56.0,22.0,6.29,0.332,8.982324,3.6411000000000002,261.59999999999997,Clay
30.0,50.0,20.0,6.88,0.394,19.682986,10.0073,177.6,Clay
28.0,48.0,24.0,6.69,0.285,7.002058,9.480599999999999,266.4,Clay
38.0,40.0,22.0,6.87,0.308,7.221084,11.1294,260.4,Clay
28.0,54.0,18.0,6.83,0.503,6.297562,18.2055,256.8,Clay
40.0,34.0,26.0,7.13,0.224,4.315038,17.2666,198.0,Sandy clay loam
36.0,40.0,24.0,7.82,0.246,4.624384,16.923099999999998,237.6,Clay
34.0,44.0,22.0,7.77,0.273,4.800508,13.74,195.6,Clay
30.0,50.0,20.0,7.38,0.376,4.184074,25.6022,261.59999999999997,Clay
28.0,50.0,22.0,6.99,0.386,23.557714,14.198,253.2,Clay
40.0,40.0,20.0,6.97,0.274,12.945114,12.640799999999999,302.4,Clay
36.0,38.0,26.0,7.52,0.299,5.635968,6.8929,201.6,Sandy clay loam
40.0,38.0,22.0,7.33,0.228,11.845468,5.839499999999999,186.0,Sandy clay loam
40.0,38.0,22.0,7.44,0.259,4.800508,12.7782,219.6,Sandy clay loam
52.0,30.0,18.0,7.89,0.232,4.00795,9.915700000000001,222.0,Sandy clay loam
40.0,36.0,24.0,7.2,0.276,4.491162,2.4503000000000004,176.4,Sandy clay loam
26.0,40.0,34.0,7.13,0.502,16.027284,146.4684,625.1999999999999,Clay
30.0,38.0,32.0,7.4,0.561,13.870894,33.6401,364.8,Clay loam
34.0,34.0,32.0,7.39,0.53,8.058802,18.778,208.79999999999998,Clay loam
22.0,38.0,40.0,7.77,0.408,9.070386,9.2745,254.39999999999998,Clay loam
34.0,36.0,30.0,7.73,0.332,5.240818,7.7402,338.4,Clay loam
26.0,40.0,34.0,7.71,0.586,17.436276,8.5875,219.6,Clay
36.0,30.0,34.0,7.79,0.384,10.348414,32.5867,391.2,Clay loam
16.0,52.0,32.0,7.48,0.398,5.857252,51.8227,560.4,Clay
20.0,44.0,36.0,7.7,0.351,5.857252,18.892500000000002,314.4,Clay
24.0,36.0,40.0,7.99,0.325,4.931472,19.1215,223.2,Clay loam
30.0,36.0,34.0,7.71,0.364,7.92558,19.0528,327.59999999999997,Clay loam
20.0,34.0,46.0,7.81,0.408,4.579224,16.2819,312.0,Clay loam
20.0,34.0,46.0,7.82,0.665,7.573332,38.6094,577.1999999999999,Clay loam
16.0,46.0,38.0,8.08,0.4,8.542014,42.502399999999994,392.4,Clay
44.0,32.0,24.0,8.02,0.451,14.047018,9.8241,224.4,Sandy clay loam
28.0,42.0,30.0,8.01,0.464,17.084028,10.8775,241.2,Clay
40.0,32.0,28.0,7.98,0.457,14.751514,75.8219,250.79999999999998,Clay loam
28.0,44.0,28.0,8.1,0.328,8.630076,8.1982,255.6,Clay
38.0,28.0,34.0,8.09,0.343,6.561748,7.0302999999999995,147.6,Clay loam
36.0,32.0,32.0,7.98,0.359,1.982524,8.5417,247.2,Clay loam
24.0,36.0,40.0,8.02,0.52,2.598958,34.7622,434.4,Clay loam
44.0,28.0,28.0,8.02,0.425,3.12733,8.2898,171.6,Clay loam
28.0,32.0,40.0,7.87,0.83,30.42655,16.7399,205.2,Clay loam
22.0,48.0,30.0,7.38,0.379,4.4031,13.511000000000001,307.2,Clay
26.0,46.0,28.0,7.49,0.497,4.360198,25.1671,340.8,Clay
18.0,38.0,44.0,7.84,0.392,11.624184,26.5869,208.79999999999998,Clay loam
28.0,28.0,44.0,7.84,0.35,6.076278,16.3964,163.2,Clay loam
46.0,22.0,32.0,7.6,0.398,4.050852,54.3417,157.2,Loam
36.0,26.0,38.0,7.45,0.394,4.624384,39.0903,165.6,Loam
22.0,34.0,44.0,7.83,0.457,4.050852,12.159899999999999,193.2,Clay loam
22.0,50.0,28.0,7.7,0.44,2.289612,42.3192,402.0,Clay
26.0,36.0,38.0,7.8,0.451,5.459844,18.2055,225.6,Clay loam
20.0,38.0,42.0,7.91,0.352,9.467794,16.259,237.6,Clay loam
26.0,38.0,36.0,8.08,0.422,6.340464,25.0297,243.6,Clay loam
18.0,44.0,38.0,7.8,0.438,7.002058,19.3505,406.8,Clay
30.0,36.0,34.0,7.86,0.38,3.479578,37.8995,444.0,Clay loam
22.0,36.0,42.0,7.8,0.563,13.958956,24.2053,277.2,Clay loam
24.0,34.0,42.0,7.93,0.331,6.428526,21.5031,346.8,Clay loam
24.0,28.0,48.0,7.85,0.684,7.27,44.425999999999995,796.8,Clay loam
12.0,40.0,48.0,7.74,0.562,6.516588,72.6388,1617.6,Silty clay
22.0,46.0,32.0,7.78,0.511,10.524538,61.28040000000001,504.0,Clay
24.0,46.0,30.0,7.44,0.374,6.252402,20.953500000000002,301.2,Clay
38.0,26.0,36.0,6.32,0.313,5.416942,11.9309,144.0,Loam
40.0,20.0,40.0,7.09,0.572,5.416942,22.3046,166.79999999999998,Loam
24.0,36.0,40.0,7.77,0.523,10.524538,46.8992,486.0,Clay loam
26.0,36.0,38.0,7.82,1.476,26.639884,148.9645,1998.0,Clay loam
20.0,48.0,32.0,7.28,0.359,10.788724,18.2971,351.59999999999997,Clay
16.0,46.0,38.0,7.78,0.531,9.334572,57.730900000000005,540.0,Clay
12.0,38.0,50.0,7.97,0.347,6.692712,13.419400000000001,326.4,Clay loam
30.0,26.0,44.0,7.83,0.358,5.28372,11.45,451.2,Loam
30.0,26.0,44.0,7.78,0.493,4.667286,5.4044,153.6,Loam
26.0,32.0,42.0,7.94,0.352,4.536322,3.7784999999999997,222.0,Clay loam
20.0,24.0,56.0,7.95,0.539,14.354106,36.7774,198.0,Silt loam
20.0,32.0,48.0,7.84,0.314,5.72403,15.3888,286.8,Clay loam
20.0,40.0,40.0,7.73,0.64,13.078336,27.7548,447.59999999999997,Silty clay
22.0,38.0,40.0,7.54,0.738,4.712446,16.854400000000002,415.2,Clay loam
28.0,34.0,38.0,7.81,0.379,12.109654,5.1525,294.0,Clay loam
28.0,34.0,38.0,7.84,0.584,23.864802,25.648,882.0,Clay loam
24.0,30.0,46.0,7.93,0.772,6.737872,14.3583,312.0,Clay loam
14.0,36.0,50.0,7.84,0.504,6.780774,21.686300000000003,474.0,Clay loam
20.0,40.0,40.0,7.79,0.546,19.154614,13.8087,228.0,Silty clay
16.0,36.0,48.0,7.8,0.952,46.67286,11.9538,163.2,Clay loam
28.0,34.0,38.0,7.57,0.5,4.88857,9.2516,199.2,Clay loam
22.0,44.0,34.0,7.8,0.398,7.133022,15.572,332.4,Clay
16.0,40.0,44.0,7.81,0.359,2.906046,64.5322,510.0,Silty clay
16.0,42.0,42.0,7.84,0.344,3.96279,7.1448,244.79999999999998,Silty clay
20.0,36.0,44.0,7.75,1.171,34.520304,17.0834,193.2,Clay loam
26.0,38.0,36.0,7.55,0.599,17.041126,137.1252,1078.8,Clay loam
28.0,32.0,40.0,7.9,0.534,16.643718,10.763,243.6,Clay loam
32.0,30.0,38.0,7.95,0.432,10.260352,9.801200000000001,210.0,Clay loam
24.0,40.0,36.0,7.96,0.479,7.266244,17.5643,378.0,Clay
28.0,32.0,40.0,7.77,1.129,61.24825,151.68959999999998,914.4,Clay loam
28.0,32.0,40.0,7.72,0.348,16.379532,16.7399,338.4,Clay loam
26.0,36.0,38.0,7.8,0.394,9.29167,29.4494,342.0,Clay loam
20.0,32.0,48.0,7.83,0.597,19.461702,33.0218,656.4,Clay loam
32.0,30.0,38.0,8.08,0.678,23.77674,122.97300000000001,1180.8,Clay loam
20.0,54.0,26.0,7.76,0.321,8.101704,10.4195,414.0,Clay
14.0,52.0,34.0,7.84,0.765,52.44205,29.5868,510.0,Clay
28.0,42.0,30.0,7.73,0.365,7.53043,23.816000000000003,608.4,Clay
20.0,52.0,28.0,7.57,0.835,18.581082,9.389,608.4,Clay
16.0,48.0,36.0,7.58,0.432,14.487328,15.113999999999999,228.0,Clay
22.0,30.0,48.0,7.6,0.563,20.035234,23.5641,336.0,Clay loam
36.0,24.0,40.0,6.78,0.787,13.825734,56.8836,398.4,Loam
44.0,14.0,42.0,5.65,1.672,47.905728,160.1397,609.6,Loam
40.0,14.0,46.0,6.2,1.246,18.009808,59.082,199.2,Loam
42.0,28.0,30.0,6.26,0.492,4.226976,23.770200000000003,159.6,Clay loam
40.0,6.0,54.0,6.7,0.607,9.29167,83.40180000000001,302.4,Silt loam
48.0,22.0,30.0,5.91,0.553,20.606508,76.7379,207.6,Loam
38.0,20.0,42.0,5.62,0.201,8.189766,22.2359,97.2,Loam
42.0,20.0,38.0,6.83,0.543,9.951006,165.81889999999999,636.0,Loam
44.0,12.0,44.0,7.16,0.395,6.780774,104.56139999999999,360.0,Loam
46.0,16.0,38.0,7.37,0.429,8.8062,134.74360000000001,261.59999999999997,Loam
42.0,18.0,40.0,6.66,0.676,11.88837,116.8358,408.0,Loam
42.0,16.0,42.0,6.14,0.92,14.001858,59.40260000000001,306.0,Loam
36.0,14.0,50.0,6.55,1.092,28.267902,87.6841,338.4,Silt loam
22.0,42.0,36.0,7.56,0.324,12.549964,39.525400000000005,328.8,Clay
20.0,44.0,36.0,7.43,0.333,14.266044,20.106199999999998,273.59999999999997,Clay
24.0,36.0,40.0,6.42,0.541,10.479378,61.28040000000001,302.4,Clay loam
24.0,34.0,42.0,6.99,0.543,10.919688,65.9291,350.4,Clay loam
30.0,32.0,38.0,6.41,0.249,7.882678,26.3121,169.2,Clay loam
18.0,46.0,36.0,7.62,0.412,24.614458,41.3574,368.4,Clay
18.0,36.0,46.0,7.54,0.502,12.857052,22.5107,152.4,Clay loam
28.0,30.0,42.0,7.65,0.453,11.581282,20.2207,544.8,Clay loam
28.0,32.0,40.0,7.64,0.446,9.598758,31.7623,483.59999999999997,Clay loam
18.0,38.0,44.0,7.62,0.527,20.915854,52.395199999999996,855.6,Clay loam
12.0,44.0,44.0,7.65,0.45,17.788524,47.2427,1262.3999999999999,Silty clay
18.0,44.0,38.0,7.72,0.363,2.951206,47.334300000000006,402.0,Clay
30.0,38.0,32.0,7.86,0.334,2.729922,33.113400000000006,465.59999999999997,Clay loam
20.0,40.0,40.0,7.77,0.361,7.48527,9.7554,519.6,Silty clay
20.0,28.0,52.0,7.67,0.409,10.700662,29.9532,416.4,Clay loam
24.0,36.0,40.0,7.83,0.904,3.874728,28.0754,262.8,Clay loam
10.0,42.0,48.0,7.93,0.467,6.473686,20.2436,649.1999999999999,Silty clay
10.0,36.0,54.0,7.77,1.103,12.285778,49.09760000000001,831.6,Clay loam
16.0,32.0,52.0,7.87,0.402,5.945314,14.5415,279.59999999999997,Clay loam
16.0,42.0,42.0,7.87,0.452,6.076278,44.9985,357.59999999999997,Silty clay
20.0,30.0,50.0,7.88,0.394,5.635968,50.38,354.0,Clay loam
16.0,28.0,56.0,7.86,0.744,27.73953,199.9857,1556.3999999999999,Clay loam
22.0,44.0,34.0,7.73,0.428,10.391316,32.1058,408.0,Clay
10.0,24.0,66.0,7.92,0.47,12.152556,21.983999999999998,248.39999999999998,Silt loam
14.0,22.0,64.0,8.14,0.5,18.404958,25.281599999999997,195.6,Silt loam
10.0,22.0,68.0,8.02,0.406,7.309146,21.480200000000004,196.79999999999998,Silt loam
20.0,56.0,24.0,6.37,1.232,79.079676,79.4859,415.2,Clay
30.0,18.0,52.0,7.88,0.468,11.624184,27.4571,172.79999999999998,Silt loam
40.0,12.0,48.0,7.47,2.03,102.813514,19.8772,130.79999999999998,Loam
40.0,32.0,28.0,7.66,0.321,2.729922,23.4725,238.79999999999998,Clay loam
22.0,40.0,38.0,7.78,0.373,7.221084,23.151899999999998,308.4,Clay
40.0,28.0,32.0,7.91,0.735,7.133022,9.457699999999999,175.2,Clay loam
20.0,54.0,26.0,7.9,0.329,7.97074,10.969100000000001,307.2,Clay
24.0,44.0,32.0,7.83,0.311,5.019534,39.868900000000004,340.8,Clay
36.0,34.0,30.0,6.76,0.689,7.573332,34.35,168.0,Clay loam
44.0,26.0,30.0,5.76,0.215,1.36609,71.7915,261.59999999999997,Loam
40.0,22.0,38.0,5.75,0.171,1.894462,14.5415,108.0,Loam
44.0,24.0,32.0,7.82,0.451,5.547906,36.2278,380.4,Loam
36.0,36.0,28.0,7.68,0.35,7.04496,34.052299999999995,310.8,Clay loam
22.0,42.0,36.0,7.81,0.42,11.536122,167.3532,1111.2,Clay
30.0,30.0,40.0,8.01,0.32,23.117404,21.5947,373.2,Clay loam
22.0,46.0,32.0,7.99,0.435,37.250226,11.7477,266.4,Clay
30.0,28.0,42.0,8.03,0.313,24.128988,18.549,366.0,Clay loam
30.0,32.0,38.0,6.24,0.603,17.129188,15.526200000000001,177.6,Clay loam
32.0,48.0,20.0,6.64,0.495,5.152756,19.9001,222.0,Clay
36.0,32.0,32.0,6.34,0.239,2.775082,31.144,132.0,Clay loam
36.0,32.0,32.0,7.54,0.33,23.688678,30.067700000000002,116.39999999999999,Clay loam
20.0,50.0,30.0,5.7,0.196,3.039268,67.9443,286.8,Clay
16.0,36.0,48.0,7.82,0.316,23.998024,33.1821,382.8,Clay loam
28.0,42.0,30.0,5.2,0.324,26.287636,93.13430000000001,298.8,Clay
34.0,34.0,32.0,7.8,0.407,27.035034,25.258699999999997,423.59999999999997,Clay loam
40.0,26.0,34.0,8.06,0.285,19.154614,8.1066,181.2,Loam
22.0,34.0,44.0,7.89,0.362,21.708412,12.7095,433.2,Clay loam
30.0,38.0,32.0,7.71,1.219,73.53177,224.96959999999999,685.1999999999999,Clay loam
42.0,18.0,40.0,8.15,0.309,21.003916,26.815900000000003,225.6,Loam
18.0,40.0,42.0,8.04,0.297,18.362056,12.388900000000001,310.8,Silty clay
18.0,44.0,38.0,8.04,0.311,17.348214,15.045300000000001,360.0,Clay
24.0,24.0,52.0,8.16,0.267,19.4188,9.572199999999999,163.2,Silt loam
24.0,22.0,54.0,7.97,0.249,23.029342,12.526299999999999,236.39999999999998,Silt loam
34.0,34.0,32.0,7.8,0.641,45.616116,38.472,396.0,Clay loam
42.0,22.0,36.0,7.82,0.461,32.230692,72.8449,322.8,Loam
48.0,20.0,32.0,8.03,0.308,21.751314,14.7247,207.6,Loam
22.0,50.0,28.0,6.25,0.243,18.273994,16.762800000000002,266.4,Clay
16.0,64.0,20.0,7.44,0.39,3.35,63.6849,262.8,Clay
38.0,32.0,30.0,4.63,0.87,39.58,25.5564,146.4,Clay loam
38.0,28.0,34.0,4.55,0.543,25.45,49.235,127.19999999999999,Clay loam
34.0,36.0,30.0,7.59,0.331,1.72,20.0146,147.6,Clay loam
18.0,46.0,36.0,7.13,0.433,15.01,24.6633,402.0,Clay
22.0,30.0,48.0,7.55,0.371,5.06,32.4493,169.2,Clay loam
44.0,22.0,34.0,5.5,0.291,3.04,37.0522,85.2,Loam
44.0,22.0,34.0,6.08,0.599,22.06,21.915300000000002,216.0,Loam
48.0,20.0,32.0,4.82,0.322,11.62,54.5478,166.79999999999998,Loam
48.0,28.0,24.0,6.46,0.753,19.42,67.09700000000001,255.6,Sandy clay loam
38.0,20.0,42.0,4.97,0.355,17.17,34.2584,147.6,Loam
48.0,16.0,36.0,6.41,0.333,7.57,13.098799999999999,163.2,Loam
32.0,40.0,28.0,5.97,0.319,6.08,17.3811,158.4,Clay
34.0,38.0,28.0,5.92,0.244,4.09,23.174799999999998,178.79999999999998,Clay loam
46.0,30.0,24.0,6.36,0.382,13.34,42.4108,339.59999999999997,Sandy clay loam
32.0,38.0,30.0,7.43,5.621,63.62,181.0932,487.2,Clay loam
34.0,36.0,30.0,7.58,3.45,74.15,133.3238,789.6,Clay loam
32.0,42.0,26.0,7.24,0.577,20.91,38.5865,949.1999999999999,Clay
24.0,46.0,30.0,6.63,0.585,17.13,22.212999999999997,614.4,Clay
38.0,34.0,28.0,7.66,0.419,5.15,10.4195,362.4,Clay loam
24.0,50.0,26.0,7.53,0.611,8.01,15.320100000000002,255.6,Clay
34.0,32.0,34.0,7.2,0.48,19.29,16.5796,348.0,Clay loam
28.0,46.0,26.0,7.43,0.389,5.94,21.1138,760.8,Clay
34.0,36.0,30.0,7.68,0.332,0.79,7.1448,165.6,Clay loam
54.0,28.0,18.0,7.45,0.376,15.41,15.8239,270.0,Sandy clay loam
16.0,50.0,34.0,7.6,0.336,13.17,8.427200000000001,567.6,Clay
20.0,58.0,22.0,7.67,0.418,0.35,8.4501,327.59999999999997,Clay
22.0,50.0,28.0,7.54,0.377,9.25,5.5876,850.8,Clay
18.0,44.0,38.0,7.6,0.345,4.67,7.6944,456.0,Clay
18.0,52.0,30.0,7.54,0.388,2.6,6.87,601.1999999999999,Clay
24.0,50.0,26.0,7.51,0.334,8.45,8.5417,634.8,Clay
24.0,46.0,30.0,7.61,0.357,7.79,14.3354,513.6,Clay
26.0,42.0,32.0,7.7,0.314,3.83,22.5565,433.2,Clay
30.0,40.0,30.0,7.72,0.403,14.53,18.5948,447.59999999999997,Clay
44.0,28.0,28.0,7.6,0.382,10.57,31.7623,339.59999999999997,Clay loam
16.0,56.0,28.0,6.81,0.505,0.92,33.685900000000004,304.8,Clay
24.0,50.0,26.0,6.46,0.706,5.5,36.7316,589.1999999999999,Clay
48.0,18.0,34.0,7.24,0.409,8.72,53.26540000000001,205.2,Loam
44.0,28.0,28.0,6.06,0.454,17.39,63.8452,253.2,Clay loam
30.0,46.0,24.0,5.71,0.226,12.59,57.730900000000005,498.0,Clay
18.0,48.0,34.0,7.48,0.328,8.01,16.5796,444.0,Clay
42.0,26.0,32.0,6.43,0.83,3.74,28.144099999999998,205.2,Loam
28.0,44.0,28.0,7.58,0.318,9.73,10.625599999999999,405.59999999999997,Clay
18.0,56.0,26.0,6.64,0.54,13.17,31.4875,493.2,Clay
20.0,50.0,30.0,7.16,0.436,5.2,18.2284,230.39999999999998,Clay
34.0,30.0,36.0,7.73,0.348,12.55,12.7095,332.4,Clay loam
32.0,28.0,40.0,7.66,0.306,0.31,12.1828,140.4,Clay loam
24.0,44.0,32.0,7.53,0.483,14.75,13.900300000000001,206.4,Clay
34.0,38.0,28.0,7.66,0.31,7.4,12.8698,290.4,Clay loam
24.0,38.0,38.0,7.69,0.323,7.09,10.0989,349.2,Clay loam
36.0,30.0,34.0,7.64,0.398,0.84,10.969100000000001,148.79999999999998,Clay loam
24.0,42.0,34.0,7.7,0.311,6.47,8.7478,232.79999999999998,Clay
24.0,54.0,22.0,7.52,0.35,7.97,8.473,390.0,Clay
46.0,28.0,26.0,7.51,0.419,4.27,8.7936,144.0,Sandy clay loam
42.0,22.0,36.0,7.66,0.314,8.23,7.1219,198.0,Loam
28.0,44.0,28.0,6.18,0.72,12.72,22.006899999999998,316.8,Clay
36.0,40.0,24.0,5.9,0.198,3.74,27.6403,170.4,Clay
28.0,44.0,28.0,7.51,0.302,6.43,10.3279,524.4,Clay
34.0,38.0,28.0,7.69,0.375,3.13,16.4422,296.4,Clay loam
26.0,42.0,32.0,7.67,0.364,11.89,6.7784,218.4,Clay
22.0,52.0,26.0,7.48,0.388,10.0,9.1371,295.2,Clay
42.0,22.0,36.0,7.81,0.345,3.79,8.862300000000001,141.6,Loam
24.0,46.0,30.0,6.98,0.494,5.37,19.9917,222.0,Clay
52.0,26.0,22.0,6.15,0.587,3.74,17.2208,146.4,Sandy loam
42.0,30.0,28.0,7.28,0.416,10.48,17.0834,202.79999999999998,Clay loam
30.0,32.0,38.0,7.69,0.394,7.93,18.961199999999998,320.4,Clay loam
40.0,28.0,32.0,7.71,0.39,12.15,9.0684,147.6,Clay loam
28.0,28.0,44.0,7.68,0.361,12.59,9.9386,231.6,Clay loam
22.0,34.0,44.0,7.71,0.404,14.49,7.3509,168.0,Clay loam
24.0,30.0,46.0,7.75,0.354,11.01,17.7475,148.79999999999998,Clay loam
18.0,56.0,26.0,6.89,0.508,5.72,21.1596,356.4,Clay
20.0,54.0,26.0,7.64,0.475,10.35,34.0065,424.8,Clay
36.0,30.0,34.0,7.64,0.385,9.33,12.7095,252.0,Clay loam
30.0,44.0,26.0,7.64,0.474,4.76,10.6714,360.0,Clay
22.0,52.0,26.0,7.48,0.446,10.04,5.5876,487.2,Clay
26.0,48.0,26.0,6.42,0.665,1.94,16.923099999999998,393.59999999999997,Clay
30.0,40.0,30.0,7.74,0.33,5.68,10.3508,426.0,Clay
28.0,44.0,28.0,7.49,0.377,5.64,11.908000000000001,303.59999999999997,Clay
24.0,46.0,30.0,7.12,0.464,7.49,8.5417,402.0,Clay
28.0,28.0,44.0,7.78,0.331,6.16,13.6484,159.6,Clay loam
36.0,26.0,38.0,7.7,0.382,14.66,9.1142,198.0,Loam
32.0,42.0,26.0,7.0,0.517,13.56,13.74,254.39999999999998,Clay
32.0,36.0,32.0,7.61,0.343,5.55,10.6027,248.39999999999998,Clay loam
40.0,32.0,28.0,7.05,0.558,10.39,23.4954,301.2,Clay loam
20.0,50.0,30.0,7.29,0.483,19.55,11.106499999999999,374.4,Clay
30.0,38.0,32.0,7.55,0.427,8.54,19.9001,297.59999999999997,Clay loam
40.0,34.0,26.0,7.63,0.515,17.08,11.4729,354.0,Sandy clay loam
26.0,50.0,24.0,7.58,0.399,7.93,14.7476,636.0,Clay
26.0,46.0,28.0,7.37,0.421,11.1,17.4956,339.59999999999997,Clay
54.0,22.0,24.0,4.78,0.174,11.58,48.2961,146.4,Sandy loam
42.0,36.0,22.0,6.65,0.701,12.86,31.1211,208.79999999999998,Sandy clay loam
36.0,32.0,32.0,7.82,0.296,8.94,7.1448,218.4,Clay loam
34.0,34.0,32.0,7.31,0.458,21.93,25.0297,313.2,Clay loam
28.0,36.0,36.0,7.8,0.262,2.99,2.7709,291.59999999999997,Clay loam
24.0,40.0,36.0,7.63,0.408,20.39,9.16,248.39999999999998,Clay
26.0,38.0,36.0,7.55,0.457,9.6,33.525600000000004,361.2,Clay loam
26.0,38.0,36.0,7.73,0.306,3.3,8.6104,237.6,Clay loam
40.0,32.0,28.0,7.75,0.558,20.47,116.65259999999999,462.0,Clay loam
38.0,36.0,26.0,7.55,0.617,12.77,140.2396,400.8,Sandy clay loam
30.0,42.0,28.0,7.64,0.418,7.4,6.0456,362.4,Clay
26.0,46.0,28.0,7.62,0.371,8.41,5.8853,435.59999999999997,Clay
44.0,40.0,16.0,7.69,0.29,7.93,8.6333,427.2,Clay
24.0,46.0,30.0,7.65,0.343,4.62,6.3662,409.2,Clay
22.0,46.0,32.0,7.68,0.351,8.81,11.312600000000002,424.8,Clay
42.0,36.0,22.0,7.66,0.373,3.92,7.099,417.59999999999997,Sandy clay loam
22.0,62.0,16.0,7.62,0.464,3.43,21.5031,385.2,Clay
30.0,46.0,24.0,6.99,0.526,6.3,26.1518,280.8,Clay
42.0,32.0,26.0,7.59,0.4,9.2,24.2511,292.8,Sandy clay loam
30.0,42.0,28.0,7.56,0.37,3.48,8.908100000000001,402.0,Clay
24.0,40.0,36.0,7.62,0.359,7.13,12.1828,194.4,Clay
20.0,40.0,40.0,7.75,0.357,13.96,8.4043,236.39999999999998,Silty clay
32.0,30.0,38.0,7.66,0.252,3.43,9.0913,175.2,Clay loam
28.0,44.0,28.0,7.62,0.318,4.09,7.2135,312.0,Clay
24.0,50.0,26.0,7.66,0.342,10.17,9.915700000000001,340.8,Clay
16.0,58.0,26.0,6.77,0.421,11.84,16.0071,435.59999999999997,Clay
24.0,48.0,28.0,7.5,0.484,12.46,21.938200000000002,435.59999999999997,Clay
26.0,36.0,38.0,7.69,0.408,9.64,12.4118,224.4,Clay loam
18.0,54.0,28.0,6.91,0.595,4.58,28.167,433.2,Clay
62.0,20.0,18.0,6.66,0.531,13.21,58.4179,166.79999999999998,Sandy loam
38.0,40.0,22.0,6.8,0.546,8.67,29.105900000000002,258.0,Clay
44.0,34.0,22.0,6.56,0.767,11.84,27.2968,230.39999999999998,Sandy clay loam
40.0,30.0,30.0,7.64,0.375,1.72,19.9459,253.2,Clay loam
24.0,40.0,36.0,7.6,0.401,15.54,17.1521,409.2,Clay
20.0,56.0,24.0,7.52,0.398,7.09,13.053,538.8,Clay
24.0,42.0,34.0,7.5,0.456,5.94,18.32,384.0,Clay
24.0,46.0,30.0,7.55,0.488,8.23,10.8775,408.0,Clay
26.0,44.0,30.0,7.41,0.442,6.21,19.579500000000003,463.2,Clay
30.0,42.0,28.0,7.53,0.395,3.08,31.968400000000003,457.2,Clay
24.0,46.0,30.0,7.64,0.419,7.35,164.1701,715.1999999999999,Clay
22.0,48.0,30.0,7.63,0.405,11.98,18.4803,422.4,Clay
38.0,34.0,28.0,7.66,0.388,9.47,49.1892,367.2,Clay loam
22.0,48.0,30.0,7.59,0.467,25.41,19.579500000000003,500.4,Clay
24.0,42.0,34.0,7.64,0.363,22.19,18.800900000000002,382.8,Clay
22.0,46.0,32.0,7.54,0.32,10.96,24.2969,393.59999999999997,Clay
30.0,40.0,30.0,7.44,0.453,29.9,16.9002,376.8,Clay
26.0,50.0,24.0,6.36,0.509,33.02,46.509899999999995,463.2,Clay
30.0,56.0,14.0,7.17,0.364,25.23,23.7015,193.2,Clay
22.0,54.0,24.0,7.46,0.408,12.72,6.4578,297.59999999999997,Clay
38.0,32.0,30.0,7.66,0.387,9.29,8.0837,198.0,Clay loam
28.0,46.0,26.0,7.61,0.355,9.11,8.9997,139.2,Clay
36.0,30.0,34.0,7.56,0.388,16.82,9.9844,331.2,Clay loam
28.0,44.0,28.0,7.53,0.372,15.28,17.1063,192.0,Clay
34.0,40.0,26.0,7.48,0.367,18.14,9.1142,247.2,Clay
40.0,28.0,32.0,5.99,0.342,12.11,31.8539,184.79999999999998,Clay loam
42.0,32.0,26.0,7.45,0.402,8.19,18.984099999999998,194.4,Sandy clay loam
44.0,22.0,34.0,6.81,0.422,10.39,77.6997,195.6,Loam
34.0,36.0,30.0,7.59,0.341,12.9,22.4649,428.4,Clay loam
52.0,20.0,28.0,6.72,0.33,3.96,24.2969,144.0,Loam
38.0,28.0,34.0,7.66,0.385,9.07,15.8239,248.39999999999998,Clay loam
34.0,36.0,30.0,7.32,0.38,11.49,37.807900000000004,342.0,Clay loam
40.0,24.0,36.0,7.64,0.372,17.83,20.907700000000002,189.6,Loam
40.0,26.0,34.0,7.66,0.45,17.13,16.4422,144.0,Loam
20.0,58.0,22.0,6.7,0.455,10.3,7.8776,399.59999999999997,Clay
22.0,46.0,32.0,6.98,0.454,1.98,22.190099999999997,170.4,Clay
26.0,48.0,26.0,6.94,0.447,7.57,18.1139,186.0,Clay
30.0,42.0,28.0,6.66,0.458,12.55,46.7389,243.6,Clay
24.0,46.0,30.0,6.3,0.487,10.7,29.3349,136.79999999999998,Clay
16.0,54.0,30.0,6.2,0.381,26.86,89.1497,360.0,Clay
14.0,60.0,26.0,6.35,0.499,10.44,73.3945,786.0,Clay
26.0,56.0,18.0,7.36,0.5,20.61,13.1217,567.6,Clay
40.0,28.0,32.0,7.65,0.384,9.2,13.030100000000001,224.4,Clay loam
34.0,36.0,30.0,7.66,0.386,12.9,25.0297,274.8,Clay loam
38.0,30.0,32.0,7.62,0.537,31.17,19.694,277.2,Clay loam
46.0,18.0,36.0,7.81,0.414,6.16,33.731700000000004,496.79999999999995,Loam
30.0,46.0,24.0,7.24,0.412,12.06,16.6483,697.1999999999999,Clay
30.0,48.0,22.0,7.18,0.387,7.62,93.11139999999999,447.59999999999997,Clay
48.0,28.0,24.0,7.69,0.383,5.15,14.152199999999999,583.1999999999999,Sandy clay loam
26.0,50.0,24.0,7.48,0.362,7.27,19.1902,248.39999999999998,Clay
34.0,38.0,28.0,7.61,0.379,13.39,14.381200000000002,105.6,Clay loam
20.0,54.0,26.0,6.67,0.345,5.86,13.0759,364.8,Clay
34.0,30.0,36.0,5.16,0.347,20.83,30.182199999999998,70.8,Clay loam
28.0,44.0,28.0,7.12,0.36,14.0,13.4881,242.39999999999998,Clay
22.0,56.0,22.0,6.24,0.8,8.63,27.136499999999998,405.59999999999997,Clay
28.0,40.0,32.0,5.15,0.325,22.5,54.2043,920.4,Clay
28.0,46.0,26.0,6.74,0.516,14.35,60.2499,366.0,Clay
32.0,40.0,28.0,5.84,0.856,23.12,50.6777,96.0,Clay
28.0,50.0,22.0,6.54,0.357,2.33,99.52340000000001,412.8,Clay
20.0,44.0,36.0,7.24,0.365,2.11,14.5873,378.0,Clay
36.0,34.0,30.0,5.08,0.224,5.94,56.7462,193.2,Clay loam
24.0,46.0,30.0,6.89,0.427,9.91,73.0968,319.2,Clay
32.0,46.0,22.0,7.25,0.599,24.0,45.8916,345.59999999999997,Clay
24.0,50.0,26.0,6.88,0.985,52.18,26.6785,378.0,Clay
40.0,28.0,32.0,7.6,0.322,1.59,12.961400000000001,241.2,Clay loam
20.0,32.0,48.0,7.74,0.381,2.82,14.495700000000001,292.8,Clay loam
16.0,32.0,52.0,7.66,0.356,1.67,16.7399,265.2,Clay loam
16.0,42.0,42.0,6.91,0.522,3.74,43.052,489.59999999999997,Silty clay
42.0,24.0,34.0,5.88,0.483,7.44,25.8083,188.4,Loam
20.0,22.0,58.0,7.56,0.425,11.18,47.792300000000004,363.59999999999997,Silt loam
32.0,22.0,46.0,7.69,0.379,10.0,34.9454,216.0,Loam
22.0,46.0,32.0,7.58,0.472,17.26,90.2947,586.8,Clay
28.0,22.0,50.0,7.74,0.321,1.36,10.1905,256.8,Silt loam
34.0,32.0,34.0,7.68,0.302,0.88,18.4803,326.4,Clay loam
48.0,14.0,38.0,7.82,0.46,3.87,26.7472,315.59999999999997,Loam
26.0,22.0,52.0,7.71,0.368,0.88,13.1675,199.2,Silt loam
52.0,14.0,34.0,7.78,0.343,1.63,52.005900000000004,112.8,Loam
52.0,14.0,34.0,7.72,0.394,5.11,50.4945,128.4,Loam
46.0,18.0,36.0,7.67,0.414,10.7,20.2894,163.2,Loam
48.0,18.0,34.0,7.7,0.515,19.37,31.372999999999998,194.4,Loam
38.0,26.0,36.0,7.74,0.52,0.26,57.5019,306.0,Loam
40.0,16.0,44.0,7.78,0.489,20.03,24.754900000000003,242.39999999999998,Loam
46.0,12.0,42.0,7.83,0.57,24.26,29.1517,146.4,Loam
28.0,28.0,44.0,7.74,0.29,5.2,32.7012,212.4,Clay loam
26.0,54.0,20.0,7.7,0.397,16.6,44.9527,583.1999999999999,Clay
32.0,42.0,26.0,7.62,0.365,8.06,34.6935,432.0,Clay
28.0,24.0,48.0,7.84,0.445,14.27,28.3731,136.79999999999998,Loam
32.0,32.0,36.0,7.65,0.405,14.31,19.694,141.6,Clay loam
26.0,52.0,22.0,7.74,0.422,17.83,20.7932,392.4,Clay
26.0,44.0,30.0,7.72,0.562,23.73,10.2134,271.2,Clay
32.0,38.0,30.0,6.93,0.53,11.23,47.3572,398.4,Clay loam
44.0,34.0,22.0,5.61,0.246,14.27,47.5633,325.2,Sandy clay loam
26.0,50.0,24.0,5.61,0.225,16.78,53.357,382.8,Clay
44.0,38.0,18.0,7.58,0.337,4.05,47.746500000000005,330.0,Sandy clay loam
38.0,32.0,30.0,7.62,0.336,7.57,17.701700000000002,346.8,Clay loam
36.0,38.0,26.0,7.66,0.343,6.08,17.701700000000002,338.4,Sandy clay loam
54.0,18.0,28.0,7.63,0.427,14.62,27.9151,234.0,Loam
30.0,38.0,32.0,7.57,0.348,10.88,17.976499999999998,562.8,Clay loam
32.0,38.0,30.0,7.08,0.535,16.38,28.4189,355.2,Clay loam
24.0,44.0,32.0,7.62,0.508,27.78,12.2515,382.8,Clay
24.0,44.0,32.0,7.54,0.411,17.3,50.7922,704.4,Clay
42.0,34.0,24.0,7.6,0.378,10.74,16.7399,308.4,Sandy clay loam
28.0,44.0,28.0,5.72,0.24,10.0,52.2578,327.59999999999997,Clay
24.0,46.0,30.0,6.49,0.778,12.81,46.3267,462.0,Clay
40.0,30.0,30.0,7.04,0.5,9.11,40.5788,427.2,Clay loam
32.0,30.0,38.0,7.46,0.496,21.75,26.861700000000003,414.0,Clay loam
30.0,40.0,30.0,7.63,0.384,11.4,38.1743,345.59999999999997,Clay
40.0,30.0,30.0,7.64,0.383,17.3,29.8158,220.79999999999998,Clay loam
40.0,34.0,26.0,7.57,0.37,9.47,18.846700000000002,274.8,Sandy clay loam
30.0,32.0,38.0,7.69,0.427,17.17,32.3119,321.59999999999997,Clay loam
30.0,42.0,28.0,7.65,0.379,16.25,19.9459,316.8,Clay
24.0,42.0,34.0,7.36,0.447,21.05,15.3888,435.59999999999997,Clay
38.0,34.0,28.0,5.31,0.214,12.2,19.923,186.0,Clay loam
62.0,14.0,24.0,7.43,0.549,23.64,27.594500000000004,188.4,Loam
30.0,36.0,34.0,6.7,0.392,9.25,56.5401,182.4,Clay loam
40.0,26.0,34.0,5.22,0.454,26.64,41.1284,104.39999999999999,Loam
28.0,46.0,26.0,5.8,0.252,11.23,30.9379,259.2,Clay
44.0,30.0,26.0,5.37,0.219,7.71,48.548,182.4,Sandy clay loam
50.0,16.0,34.0,5.57,0.195,5.99,43.326800000000006,165.6,Loam
54.0,16.0,30.0,6.01,0.194,7.66,27.5716,141.6,Loam
68.0,10.0,22.0,7.06,0.516,3.87,36.66290000000001,110.39999999999999,Loam
66.0,10.0,24.0,5.47,0.146,8.63,45.0214,103.2,Loam
40.0,22.0,38.0,7.48,0.901,45.57,349.04179999999997,916.8,Loam
40.0,28.0,32.0,7.53,0.41,6.03,27.1136,379.2,Clay loam
26.0,44.0,30.0,7.21,0.513,7.53,44.059599999999996,511.2,Clay
50.0,32.0,18.0,7.02,0.51,6.96,57.31870000000001,301.2,Sandy clay loam
44.0,32.0,24.0,7.15,0.554,6.78,22.3275,158.4,Sandy clay loam
38.0,34.0,28.0,5.4,0.164,7.35,19.373400000000004,242.39999999999998,Clay loam
54.0,20.0,26.0,7.5,0.406,7.75,13.3965,193.2,Sandy loam
48.0,28.0,24.0,7.49,0.483,6.56,65.05890000000001,301.2,Sandy clay loam
28.0,44.0,28.0,6.38,0.838,8.1,42.1131,284.4,Clay
48.0,20.0,32.0,7.51,0.402,16.6,17.2666,289.2,Loam
28.0,40.0,32.0,5.27,0.173,3.21,28.2586,244.79999999999998,Clay
48.0,22.0,30.0,4.94,0.175,3.74,26.9991,112.8,Loam
34.0,28.0,38.0,7.26,0.399,10.66,20.152,321.59999999999997,Clay loam
40.0,30.0,30.0,5.12,0.212,7.57,22.0756,211.2,Clay loam
38.0,40.0,22.0,5.26,0.233,13.78,46.257999999999996,313.2,Clay
32.0,36.0,32.0,5.72,0.224,14.53,46.143499999999996,358.8,Clay loam
18.0,52.0,30.0,7.26,0.408,17.35,8.381400000000001,490.79999999999995,Clay
18.0,52.0,30.0,6.15,0.295,14.88,24.525900000000004,661.1999999999999,Clay
26.0,40.0,34.0,5.78,0.229,8.89,40.533,486.0,Clay
36.0,32.0,32.0,5.87,0.359,22.98,42.548199999999994,310.8,Clay loam
28.0,44.0,28.0,6.4,0.394,6.21,33.2508,406.8,Clay
26.0,40.0,34.0,7.15,0.378,29.41,67.555,645.6,Clay
18.0,56.0,26.0,7.57,0.628,32.23,18.4803,418.8,Clay
26.0,48.0,26.0,5.55,0.243,2.82,54.3875,525.6,Clay
34.0,26.0,40.0,6.83,0.49,12.42,183.5206,808.8,Loam
46.0,18.0,36.0,6.04,0.173,5.28,19.0757,218.4,Loam
22.0,50.0,28.0,4.88,0.224,4.76,34.8996,390.0,Clay
28.0,42.0,30.0,4.8,0.145,1.72,33.0447,390.0,Clay
26.0,44.0,30.0,4.67,0.141,5.37,27.090700000000002,376.8,Clay
14.0,50.0,36.0,7.08,0.424,4.54,15.915500000000002,788.4,Clay
22.0,48.0,30.0,4.77,0.195,9.38,19.4421,355.2,Clay
26.0,46.0,28.0,4.7,0.146,3.04,25.3045,412.8,Clay
24.0,46.0,30.0,4.9,0.157,5.11,25.4419,327.59999999999997,Clay
30.0,38.0,32.0,4.66,0.178,5.77,32.5409,262.8,Clay loam
48.0,24.0,28.0,6.05,0.206,0.97,25.7625,182.4,Loam
40.0,22.0,38.0,6.3,0.178,3.26,24.045,110.39999999999999,Loam
42.0,12.0,46.0,5.83,0.189,9.42,21.251199999999997,55.199999999999996,Loam
30.0,16.0,54.0,5.12,0.137,2.69,26.7701,72.0,Silt loam
56.0,8.0,36.0,5.38,0.15,3.48,97.89750000000001,124.8,Loam
48.0,10.0,42.0,5.33,0.292,16.64,85.09639999999999,278.4,Loam
56.0,10.0,34.0,5.4,0.315,17.92,9.2516,62.4,Loam
56.0,8.0,36.0,5.3,0.197,9.82,19.1902,37.199999999999996,Loam
42.0,18.0,40.0,5.25,0.286,16.86,24.915200000000002,85.2,Loam
50.0,22.0,28.0,6.72,0.431,18.54,27.7319,153.6,Loam
48.0,26.0,26.0,7.09,0.455,16.03,22.5336,194.4,Sandy loam
40.0,14.0,46.0,5.27,0.239,6.56,49.8991,115.19999999999999,Loam
38.0,30.0,32.0,6.58,0.414,8.41,5.9082,199.2,Clay loam
48.0,20.0,32.0,5.4,0.157,7.0,13.0759,108.0,Loam
42.0,28.0,30.0,5.92,0.384,23.25,10.6943,134.4,Clay loam
40.0,32.0,28.0,6.79,0.771,20.47,25.945700000000002,164.4,Clay loam
32.0,44.0,24.0,7.06,0.368,9.73,32.289,219.6,Clay
32.0,30.0,38.0,7.43,0.364,11.93,8.6333,145.2,Clay loam
20.0,44.0,36.0,7.51,0.346,13.03,9.0455,141.6,Clay
32.0,36.0,32.0,4.89,0.338,23.12,20.083299999999998,177.6,Clay loam
44.0,24.0,32.0,4.49,0.337,24.0,35.1515,128.4,Loam
32.0,30.0,38.0,6.2,0.359,17.52,11.6332,164.4,Clay loam
30.0,40.0,30.0,4.95,0.618,41.74,36.5942,303.59999999999997,Clay
20.0,54.0,26.0,6.02,0.265,13.83,16.1674,582.0,Clay
22.0,52.0,26.0,5.49,0.204,13.17,42.96040000000001,435.59999999999997,Clay
32.0,36.0,32.0,4.91,0.28,17.74,28.1899,190.79999999999998,Clay loam
28.0,50.0,22.0,7.25,0.467,18.89,20.152,546.0,Clay
44.0,26.0,30.0,5.92,0.804,21.4,56.9065,184.79999999999998,Loam
38.0,34.0,28.0,5.3,1.148,63.4,33.548500000000004,448.8,Clay loam
54.0,22.0,24.0,6.98,0.627,15.94,39.9376,170.4,Sandy loam
64.0,18.0,18.0,6.78,0.523,10.22,33.4111,240.0,Loam
30.0,42.0,28.0,5.12,0.483,26.9,31.6249,378.0,Clay
38.0,34.0,28.0,4.93,0.269,20.12,23.6786,199.2,Clay loam
44.0,28.0,28.0,4.67,0.283,16.16,16.9689,114.0,Clay loam
68.0,10.0,22.0,7.87,0.296,5.55,8.3127,87.6,Loam
54.0,22.0,24.0,7.46,0.38,5.9,23.838900000000002,309.59999999999997,Sandy loam
36.0,34.0,30.0,4.55,0.163,8.98,11.6103,500.4,Clay loam
44.0,14.0,42.0,5.07,0.287,13.83,21.915300000000002,277.2,Loam
48.0,26.0,26.0,4.76,0.153,8.06,25.419,178.79999999999998,Sandy loam
48.0,20.0,32.0,4.98,0.14,5.55,19.373400000000004,121.19999999999999,Loam
36.0,22.0,42.0,6.76,0.762,8.37,58.280499999999996,170.4,Loam
30.0,24.0,46.0,6.5,0.245,6.6,20.3581,202.79999999999998,Loam
42.0,18.0,40.0,5.22,0.18,8.01,18.1368,153.6,Loam
32.0,16.0,52.0,5.15,0.312,13.69,25.6251,144.0,Silt loam
34.0,30.0,36.0,6.07,0.475,25.01,14.1064,210.0,Clay loam
38.0,22.0,40.0,5.23,0.265,5.81,13.6484,184.79999999999998,Loam
56.0,10.0,34.0,5.85,0.31,4.84,94.66860000000001,127.19999999999999,Loam
38.0,24.0,38.0,6.12,0.378,19.55,54.2272,205.2,Loam
38.0,24.0,38.0,5.28,0.144,11.32,93.7526,320.4,Loam
26.0,34.0,40.0,5.4,0.191,13.12,12.274400000000002,555.6,Clay loam
40.0,22.0,38.0,7.25,0.486,11.76,36.5942,234.0,Loam
38.0,22.0,40.0,6.77,0.34,9.11,63.41010000000001,289.2,Loam
56.0,18.0,26.0,6.0,0.32,16.56,78.1119,374.4,Loam
30.0,24.0,46.0,5.63,0.225,16.25,21.3428,241.2,Loam
34.0,24.0,42.0,5.84,0.348,18.27,21.5031,200.4,Loam
36.0,32.0,32.0,7.26,0.45,13.03,123.0875,926.4,Clay loam
30.0,36.0,34.0,7.51,0.414,8.94,12.274400000000002,483.59999999999997,Clay loam
54.0,18.0,28.0,5.0,0.349,14.05,9.7325,182.4,Loam
56.0,16.0,28.0,5.08,0.415,16.47,24.090799999999998,282.0,Loam
42.0,20.0,38.0,6.16,0.305,8.98,11.427100000000001,198.0,Loam
70.0,8.0,22.0,5.8,0.282,6.43,33.319500000000005,242.39999999999998,Loamy sand
66.0,10.0,24.0,4.99,0.371,12.59,5.8853,128.4,Loam
48.0,20.0,32.0,5.1,0.179,3.61,30.0219,207.6,Loam
34.0,30.0,36.0,5.8,0.302,5.46,68.2191,214.79999999999998,Clay loam
36.0,36.0,28.0,5.92,0.233,18.76,46.303799999999995,307.2,Clay loam
20.0,54.0,26.0,4.77,0.175,6.25,30.3425,382.8,Clay
24.0,46.0,30.0,5.03,0.204,24.7,25.3274,332.4,Clay
22.0,50.0,28.0,6.43,0.396,12.81,32.3577,470.4,Clay
66.0,10.0,24.0,6.21,0.267,13.08,56.0821,453.59999999999997,Loam
34.0,44.0,22.0,5.07,0.179,14.18,49.1205,549.6,Clay
28.0,48.0,24.0,6.95,0.555,10.3,23.9305,327.59999999999997,Clay
30.0,46.0,24.0,6.95,0.454,10.22,22.648100000000003,310.8,Clay
32.0,36.0,32.0,7.6,0.673,18.8,102.68360000000001,949.1999999999999,Clay loam
22.0,32.0,46.0,7.58,0.466,15.9,11.8622,450.0,Clay loam
26.0,40.0,34.0,7.52,0.539,3.96,9.2516,456.0,Clay
38.0,34.0,28.0,7.65,0.699,23.64,182.8107,1810.8,Clay loam
42.0,28.0,30.0,7.58,0.626,28.0,73.6006,844.8,Clay loam
36.0,36.0,28.0,7.65,0.481,40.51,24.045,474.0,Clay loam
30.0,40.0,30.0,7.75,0.5,25.41,10.7172,468.0,Clay
66.0,16.0,18.0,5.5,0.851,47.6,30.2738,217.2,Loam
50.0,20.0,30.0,7.63,0.385,7.44,26.6098,368.4,Loam
32.0,32.0,36.0,4.93,0.328,16.91,12.6866,243.6,Clay loam
20.0,38.0,42.0,7.57,0.499,24.0,6.3433,403.2,Clay loam
20.0,40.0,40.0,7.72,0.526,24.7,9.389,559.1999999999999,Silty clay
28.0,48.0,24.0,7.67,0.383,11.84,7.5341000000000005,523.1999999999999,Clay
40.0,22.0,38.0,7.8,0.452,12.06,7.5112,236.39999999999998,Loam
36.0,22.0,42.0,7.89,0.347,4.71,8.8394,228.0,Loam
38.0,28.0,34.0,7.79,0.467,17.44,11.6332,267.59999999999997,Clay loam
24.0,44.0,32.0,7.75,0.366,9.55,6.183000000000001,405.59999999999997,Clay
26.0,46.0,28.0,7.0,0.636,9.33,15.205599999999999,416.4,Clay
40.0,32.0,28.0,7.7,0.384,11.01,9.480599999999999,334.8,Clay loam
38.0,24.0,38.0,7.79,0.306,7.66,4.809,290.4,Loam
40.0,24.0,36.0,7.74,0.439,13.87,4.7174000000000005,265.2,Loam
52.0,20.0,28.0,7.83,0.457,5.42,3.435,204.0,Loam
24.0,56.0,20.0,6.76,0.542,19.86,37.098,246.0,Clay
62.0,12.0,26.0,7.75,0.785,31.66,16.6025,164.4,Loam
36.0,38.0,26.0,5.02,0.244,9.16,30.7776,226.79999999999998,Sandy clay loam
32.0,46.0,22.0,5.94,0.611,26.42,45.8,396.0,Clay
38.0,34.0,28.0,7.64,0.363,9.77,12.8011,436.8,Clay loam
26.0,42.0,32.0,7.64,0.327,8.89,19.9688,525.6,Clay
22.0,50.0,28.0,7.38,0.447,10.96,45.502300000000005,830.4,Clay
28.0,36.0,36.0,7.66,0.505,20.56,26.564,531.6,Clay loam
54.0,18.0,28.0,5.74,0.472,21.22,28.922700000000003,218.4,Loam
44.0,14.0,42.0,6.26,0.415,15.28,62.585699999999996,312.0,Loam
50.0,14.0,36.0,6.02,0.279,12.02,34.4645,168.0,Loam
48.0,14.0,38.0,5.64,0.275,16.2,51.341800000000006,271.2,Loam
48.0,12.0,40.0,5.57,0.209,6.6,15.4804,199.2,Loam
58.0,8.0,34.0,5.93,0.332,6.96,14.9766,160.79999999999998,Loam
20.0,48.0,32.0,7.48,0.684,45.44,32.1287,402.0,Clay
42.0,38.0,20.0,7.24,0.471,16.82,20.2894,392.4,Sandy clay loam
18.0,54.0,28.0,6.92,1.581,42.23,42.2734,903.6,Clay
22.0,50.0,28.0,6.03,0.372,17.13,17.2895,350.4,Clay
44.0,22.0,34.0,5.93,0.503,25.49,12.846900000000002,333.59999999999997,Loam
42.0,34.0,24.0,5.14,0.441,24.7,29.243299999999998,522.0,Sandy clay loam
36.0,32.0,32.0,7.66,0.454,16.38,24.8465,463.2,Clay loam
22.0,48.0,30.0,7.62,0.335,4.93,13.9461,434.4,Clay
24.0,52.0,24.0,7.64,0.365,9.51,20.770300000000002,526.8,Clay
36.0,36.0,28.0,7.8,0.334,5.59,16.6025,342.0,Clay loam
22.0,56.0,22.0,7.15,0.402,8.32,31.2356,600.0,Clay
36.0,32.0,32.0,7.74,0.441,8.63,47.1969,638.4,Clay loam
40.0,40.0,20.0,7.34,0.382,9.38,103.2103,916.8,Clay
38.0,38.0,24.0,7.61,0.377,8.23,65.494,615.6,Sandy clay loam
40.0,28.0,32.0,7.8,0.488,3.74,10.6027,466.79999999999995,Clay loam
50.0,20.0,30.0,7.82,0.528,8.32,47.8152,502.79999999999995,Loam
24.0,36.0,40.0,7.65,0.348,8.94,14.381200000000002,375.59999999999997,Clay loam
24.0,18.0,58.0,7.88,0.353,13.21,12.274400000000002,244.79999999999998,Silt loam
16.0,38.0,46.0,7.7,0.401,15.19,14.3354,459.59999999999997,Clay loam
26.0,26.0,48.0,7.68,0.946,53.54,88.0047,1453.2,Loam
26.0,44.0,30.0,7.46,0.373,7.93,39.2277,477.59999999999997,Clay
24.0,40.0,36.0,7.58,1.46,24.22,51.2502,1018.8,Clay
18.0,36.0,46.0,7.45,2.882,120.64,80.35610000000001,1160.3999999999999,Clay loam
20.0,26.0,54.0,7.64,1.786,33.33,88.6001,1035.6,Silt loam
30.0,36.0,34.0,6.08,0.462,16.51,19.923,496.79999999999995,Clay loam
22.0,44.0,34.0,6.72,0.576,5.11,139.0488,786.0,Clay
36.0,34.0,30.0,5.73,0.246,9.11,10.373700000000001,334.8,Clay loam
30.0,36.0,34.0,7.15,0.375,3.17,14.3583,398.4,Clay loam
24.0,44.0,32.0,7.05,0.58,7.57,13.2362,453.59999999999997,Clay
36.0,36.0,28.0,7.3,0.449,6.74,11.7248,457.2,Clay loam
34.0,36.0,30.0,7.32,0.372,7.22,14.4499,500.4,Clay loam
30.0,38.0,32.0,7.73,0.383,5.33,12.137,524.4,Clay loam
36.0,38.0,26.0,7.87,0.31,6.3,20.8619,626.4,Sandy clay loam
38.0,38.0,24.0,7.71,0.311,9.07,11.45,432.0,Sandy clay loam
28.0,36.0,36.0,7.79,0.438,6.52,19.579500000000003,402.0,Clay loam
28.0,38.0,34.0,7.75,0.515,3.52,11.1294,440.4,Clay loam
44.0,34.0,22.0,7.72,0.43,4.32,11.9309,542.4,Sandy clay loam
26.0,46.0,28.0,6.72,0.454,7.66,47.334300000000006,474.0,Clay
40.0,28.0,32.0,7.79,0.343,5.2,9.480599999999999,343.2,Clay loam
34.0,28.0,38.0,7.63,1.135,17.13,15.801000000000002,698.4,Clay loam
16.0,38.0,46.0,7.73,0.393,3.92,18.1597,402.0,Clay loam
20.0,34.0,46.0,7.8,0.388,10.35,8.427200000000001,746.4,Clay loam
46.0,10.0,44.0,4.04,28.4,2.3,6.3,38.6,Loam
36.0,14.0,50.0,4.41,41.8,3.3,7.5,48.0,Silt loam
35.0,18.0,46.0,5.13,32.0,2.1,12.4,36.0,Loam
36.0,14.0,50.0,4.16,72.4,4.2,52.1,158.5,Silt loam
48.0,19.0,34.0,3.87,11.63,1.0,3.7,24.4,Loam
71.0,8.0,20.0,3.99,22.2,1.1,8.3,30.0,Loamy sand
39.0,13.0,48.0,4.94,35.0,3.6,49.7,153.1,Loam
15.0,22.0,63.0,4.79,81.1,5.2,75.5,96.2,Silt loam
79.0,4.0,17.0,3.73,44.0,20.5,84.1,197.2,Loamy sand
17.0,25.0,58.0,4.33,52.9,4.6,14.6,103.6,Silt loam
34.0,13.0,53.0,4.97,84.7,7.2,66.1,386.3,Silt loam
30.0,17.0,54.0,3.56,27.9,4.3,22.4,57.3,Silt loam
44.0,11.0,45.0,5.86,14.0,3.6,46.1,161.3,Loam
79.0,3.0,19.0,3.86,143.8,23.5,247.5,358.7,Loamy sand
47.0,10.0,44.0,4.33,53.6,4.9,19.0,103.7,Loam
42.0,11.0,46.0,4.99,96.8,6.5,67.8,141.9,Loam
63.0,6.0,30.0,3.78,48.0,6.4,26.1,67.3,Loam
20.0,23.0,57.0,6.53,41.7,4.1,82.7,388.2,Silt loam
7.0,28.0,65.0,5.43,42.1,3.5,18.0,59.9,Clay loam
90.0,1.0,9.0,3.7,74.0,20.3,120.9,297.0,Sand
8.0,35.0,57.0,4.52,48.4,5.1,9.0,54.0,Clay loam
36.0,15.0,49.0,6.78,39.8,3.4,71.8,176.6,Loam
56.0,8.0,37.0,4.14,15.12,2.7,14.8,57.2,Loam
53.0,5.0,41.0,4.55,34.3,10.8,54.1,392.9,Loam
55.0,6.0,39.0,4.84,24.9,4.2,11.1,117.3,Loam
21.0,26.0,53.0,6.16,26.9,3.0,51.3,161.6,Silt loam
26.0,23.0,51.0,5.65,25.3,3.1,30.7,121.1,Silt loam
49.0,6.0,45.0,4.18,13.16,8.1,15.7,158.1,Loam
45.0,8.0,48.0,5.13,70.6,3.8,58.4,70.3,Loam
38.0,16.0,46.0,5.55,52.4,4.0,35.7,98.3,Loam
43.0,12.0,45.0,5.92,31.8,2.0,36.3,205.2,Loam
45.0,19.0,37.0,5.25,42.6,2.0,20.2,84.1,Loam
61.0,4.0,34.0,4.45,67.0,10.5,53.8,224.6,Loam
88.0,2.0,10.0,4.31,101.5,20.4,142.9,407.4,Sand
40.0,11.0,49.0,3.92,81.5,7.3,38.7,354.6,Loam
41.0,7.0,52.0,4.32,81.0,5.5,15.2,142.7,Silt loam
75.0,4.0,21.0,4.09,69.3,14.3,108.9,439.2,Loamy sand
56.0,5.0,39.0,4.47,100.3,5.8,20.1,106.9,Loam
65.0,4.0,31.0,4.32,31.8,7.6,26.7,158.5,Loam
69.0,5.0,26.0,4.59,159.3,17.5,19.3,542.7,Loam
21.0,27.0,52.0,5.1,66.3,3.6,42.7,214.8,Clay loam
30.0,11.0,59.0,3.92,57.0,7.7,29.6,133.0,Silt loam
48.0,11.0,41.0,4.04,13.51,2.8,17.0,61.9,Loam
11.0,27.0,62.0,4.43,68.2,5.8,51.3,197.4,Clay loam
58.0,8.0,34.0,4.87,22.2,2.1,51.0,191.4,Loam
37.0,12.0,51.0,4.11,47.2,3.0,44.1,158.3,Silt loam
58.0,5.0,36.0,4.82,35.7,3.5,60.3,229.2,Loam
33.0,14.0,53.0,5.73,48.6,3.5,31.2,103.1,Silt loam
74.0,4.0,22.0,5.0,17.14,1.5,59.7,68.2,Loamy sand
33.0,10.0,58.0,5.83,122.0,7.5,73.0,350.4,Silt loam
48.0,8.0,44.0,3.96,53.2,5.0,18.9,100.0,Loam
49.0,8.0,44.0,5.06,38.7,7.0,112.0,132.4,Loam
38.0,11.0,51.0,4.29,51.9,4.2,17.7,170.6,Silt loam
33.0,18.0,49.0,4.19,38.5,3.0,33.6,124.5,Loam
84.0,3.0,13.0,3.7,35.4,15.5,42.6,188.0,Loamy sand
50.0,8.0,42.0,6.94,56.1,4.3,31.1,133.1,Loam
16.0,26.0,58.0,4.27,172.9,7.0,108.2,328.8,Silt loam
92.0,3.0,5.0,5.28,13.06,0.4,10.9,31.5,Sand
8.0,29.0,62.0,5.08,42.6,3.4,57.8,259.6,Clay loam
49.0,17.0,34.0,5.68,38.5,1.9,56.0,172.0,Loam
39.0,15.0,46.0,3.78,39.0,3.5,42.0,124.4,Loam
69.0,6.0,25.0,3.91,35.4,7.5,31.8,87.0,Loam
46.0,10.0,43.0,4.22,65.1,4.8,19.2,208.3,Loam
67.0,5.0,28.0,3.84,111.4,11.8,33.4,223.5,Loam
44.0,9.0,47.0,4.82,8.08,2.9,6.5,84.6,Loam
33.0,19.0,48.0,5.73,18.27,2.6,27.4,219.7,Loam
29.0,22.0,49.0,5.22,42.3,2.8,18.7,77.7,Loam
14.0,43.0,43.0,7.58,18.84,2.0,18.7,243.9,Silty clay
16.0,25.0,59.0,5.95,53.6,3.4,32.8,236.1,Silt loam
28.0,18.0,54.0,6.92,62.3,4.9,35.1,215.8,Silt loam
14.0,21.0,64.0,6.3,82.1,4.6,124.6,253.1,Silt loam
13.0,25.0,62.0,5.52,89.1,5.7,35.8,131.6,Silt loam
35.0,12.0,53.0,4.45,93.7,7.1,92.7,227.9,Silt loam
42.0,11.0,46.0,3.91,44.7,6.3,74.1,190.2,Loam
25.0,21.0,54.0,7.45,15.46,2.4,96.9,254.5,Silt loam
28.0,12.0,60.0,5.23,93.0,4.4,69.6,155.1,Silt loam
47.0,9.0,43.0,5.4,39.5,3.2,49.8,117.2,Loam
33.0,29.0,38.0,6.24,28.8,2.3,34.7,242.0,Clay loam
66.0,8.0,26.0,4.79,32.7,2.3,18.0,93.6,Loam
30.0,22.0,48.0,5.13,46.8,3.4,17.9,78.9,Loam
31.0,17.0,52.0,6.85,88.5,4.4,82.4,726.6,Silt loam
17.0,29.0,54.0,5.26,83.8,4.5,30.3,449.3,Clay loam
14.0,43.0,42.0,7.42,24.9,3.3,66.2,665.5,Silty clay
22.0,28.0,51.0,6.71,23.6,2.8,39.1,163.2,Clay loam
28.0,13.0,59.0,4.27,87.3,9.0,37.6,216.5,Silt loam
40.0,23.0,37.0,6.56,24.4,2.1,15.3,77.4,Loam
26.0,25.0,49.0,5.61,34.2,2.5,51.5,245.1,Loam
48.0,9.0,43.0,4.18,78.1,10.7,97.9,467.6,Loam
25.0,18.0,57.0,5.25,12.85,5.7,18.1,151.7,Silt loam
38.0,12.0,50.0,4.14,98.3,6.2,60.9,229.5,Silt loam
73.0,6.0,22.0,3.92,24.8,13.1,52.2,156.0,Loamy sand
37.0,14.0,49.0,5.07,9.52,4.3,14.0,130.0,Loam
46.0,11.0,43.0,4.52,111.7,4.9,88.6,253.1,Loam
29.0,15.0,56.0,3.8,116.2,11.0,45.4,409.9,Silt loam
13.0,30.0,57.0,6.73,20.3,5.3,61.4,366.6,Clay loam
42.0,13.0,46.0,4.0,27.7,6.1,20.1,153.6,Loam
23.0,39.0,38.0,7.47,28.3,3.2,25.7,519.0,Clay loam
48.0,23.0,28.0,7.38,30.4,1.9,22.7,189.2,Loam
81.0,3.0,16.0,4.35,103.2,22.8,161.5,391.6,Loamy sand
21.0,22.0,57.0,6.64,40.8,3.8,10.2,63.2,Silt loam
17.0,26.0,57.0,4.83,32.4,4.1,18.9,73.6,Silt loam
34.0,14.0,52.0,5.44,56.6,3.7,77.0,300.2,Silt loam
45.0,14.0,41.0,5.07,18.62,1.8,31.6,51.5,Loam
52.0,11.0,37.0,4.3,19.63,4.6,82.5,78.7,Loam
39.0,10.0,50.0,4.1,18.88,5.5,27.1,75.4,Silt loam
26.0,22.0,52.0,4.72,77.0,4.2,26.8,252.0,Silt loam
58.0,6.0,36.0,3.95,34.5,5.9,41.6,228.0,Loam
35.0,13.0,52.0,4.87,40.0,4.5,38.7,143.8,Silt loam
35.0,19.0,46.0,5.27,35.8,2.4,21.1,96.0,Loam
38.0,5.0,57.0,4.64,64.1,4.4,13.1,147.8,Silt loam
33.0,8.0,58.0,4.09,46.8,5.8,27.0,150.3,Silt loam
31.0,21.0,47.0,5.4,32.1,2.7,70.2,294.6,Loam
38.0,11.0,50.0,4.69,81.7,11.4,22.8,190.6,Silt loam
49.0,9.0,42.0,4.82,7.76,1.5,12.1,35.6,Loam
60.0,5.0,35.0,4.13,57.6,14.7,89.6,185.1,Loam
28.0,14.0,57.0,5.74,18.77,7.3,43.1,130.1,Silt loam
71.0,4.0,26.0,4.85,11.84,1.3,8.1,15.7,Loamy sand
23.0,15.0,62.0,4.73,128.1,7.5,66.9,180.3,Silt loam
24.0,24.0,52.0,4.55,96.5,4.5,57.8,259.4,Silt loam
41.0,11.0,48.0,3.84,72.4,7.4,79.5,270.4,Loam
31.0,18.0,51.0,6.47,113.1,5.9,51.7,199.6,Silt loam
20.0,22.0,59.0,4.33,114.7,6.7,66.7,99.4,Silt loam
20.0,24.0,56.0,5.24,18.41,5.0,13.1,149.8,Silt loam
21.0,17.0,61.0,5.77,121.2,7.4,132.9,729.4,Silt loam
31.0,14.0,54.0,3.74,61.1,6.0,29.4,112.7,Silt loam
29.0,15.0,56.0,4.21,172.5,9.4,59.7,417.5,Silt loam
59.0,7.0,34.0,5.11,36.2,3.8,23.9,42.3,Loam
22.0,15.0,62.0,4.93,29.9,10.2,88.6,417.3,Silt loam
44.0,12.0,44.0,5.45,57.7,3.9,18.8,148.7,Loam
33.0,18.0,49.0,4.07,65.0,3.8,26.9,209.6,Loam
35.0,14.0,51.0,4.87,114.4,9.5,42.2,232.3,Silt loam
22.0,24.0,54.0,5.18,92.6,6.0,42.5,123.0,Silt loam
39.0,10.0,51.0,4.77,47.4,3.6,21.6,47.5,Silt loam
37.0,9.0,54.0,4.65,51.5,3.7,29.9,80.4,Silt loam
40.0,10.0,51.0,4.64,101.2,5.7,85.8,205.5,Silt loam
23.0,23.0,55.0,5.32,63.1,4.3,15.1,104.3,Silt loam
37.0,12.0,51.0,4.14,142.7,6.3,38.3,179.9,Silt loam
29.0,23.0,48.0,6.2,27.0,4.2,15.9,34.4,Loam
41.0,12.0,47.0,5.0,56.4,4.7,73.1,114.8,Loam
39.0,10.0,50.0,4.02,35.0,4.5,44.9,163.9,Silt loam
33.0,18.0,48.0,4.8,6.73,1.7,8.9,76.0,Loam
14.0,25.0,61.0,6.17,9.15,1.6,65.1,368.2,Silt loam
29.0,25.0,46.0,6.03,8.07,1.9,27.5,115.3,Loam
52.0,10.0,38.0,4.31,7.26,3.2,12.7,67.9,Loam
34.0,15.0,51.0,5.63,7.6,2.4,7.2,63.4,Silt loam
11.0,33.0,56.0,7.42,15.87,2.2,25.2,310.3,Clay loam
13.0,28.0,59.0,6.62,14.93,2.4,23.0,261.7,Clay loam
25.0,17.0,58.0,5.55,13.32,3.7,15.6,186.3,Silt loam
57.0,6.0,37.0,7.51,24.3,3.1,7.2,40.4,Loam
12.0,33.0,55.0,5.98,10.43,1.3,26.0,133.1,Clay loam
14.0,37.0,49.0,6.97,11.14,2.0,48.3,165.3,Clay loam
23.0,25.0,52.0,5.6,14.42,3.4,17.9,730.7,Silt loam
32.0,20.0,48.0,5.04,6.93,2.3,8.6,44.5,Loam
12.0,33.0,55.0,4.63,9.05,3.1,7.3,121.6,Clay loam
17.0,29.0,55.0,7.3,14.51,1.8,9.2,152.8,Clay loam
29.0,24.0,47.0,6.15,8.15,1.3,20.1,111.5,Loam
44.0,13.0,43.0,4.88,9.46,2.4,11.1,38.0,Loam
12.0,31.0,57.0,5.11,8.39,2.4,7.8,89.4,Clay loam
43.0,13.0,44.0,5.14,8.96,1.4,5.5,101.0,Loam
55.0,11.0,34.0,5.33,26.1,6.2,22.8,404.8,Loam
53.0,11.0,37.0,5.44,9.81,2.7,14.5,134.0,Loam
49.0,15.0,36.0,7.26,15.54,1.7,8.9,66.9,Loam
24.0,21.0,55.0,5.0,19.66,3.4,8.4,55.4,Silt loam
55.0,8.0,37.0,3.66,17.96,6.7,31.4,98.0,Loam
15.0,22.0,63.0,5.6,11.73,5.0,8.3,180.3,Silt loam
14.0,21.0,65.0,6.3,20.7,9.7,12.0,199.0,Silt loam
46.0,7.0,46.0,3.92,28.8,12.5,23.3,127.6,Loam
41.0,15.0,44.0,4.12,10.52,4.2,24.9,63.8,Loam
39.0,11.0,50.0,3.78,13.74,5.0,22.3,99.8,Silt loam
50.0,9.0,41.0,5.08,17.49,4.2,24.5,147.2,Loam
34.0,16.0,49.0,4.74,9.54,2.4,4.4,88.5,Loam
51.0,8.0,41.0,5.57,17.54,2.9,18.8,76.5,Loam
36.0,14.0,50.0,3.56,15.3,5.1,18.2,77.7,Silt loam
32.0,14.0,54.0,4.08,11.66,4.5,10.7,87.5,Silt loam
28.0,12.0,59.0,7.15,35.4,6.5,11.3,66.3,Silt loam
17.0,22.0,60.0,5.25,16.79,7.7,7.9,146.1,Silt loam
22.0,15.0,63.0,6.89,41.8,11.4,17.9,98.0,Silt loam
66.0,10.0,23.0,6.55,13.05,2.6,5.5,43.1,Loam
17.0,21.0,61.0,5.15,14.61,4.5,10.0,60.2,Silt loam
15.0,24.0,61.0,6.58,18.0,3.8,4.5,50.8,Silt loam
20.0,21.0,59.0,3.76,14.34,7.0,22.5,61.9,Silt loam
69.0,6.0,25.0,3.9,27.3,6.6,31.2,263.3,Loam
41.0,10.0,49.0,6.81,68.9,17.9,22.1,183.4,Loam
12.0,26.0,62.0,4.44,7.37,3.0,3.6,74.7,Silt loam
21.0,22.0,58.0,6.88,22.4,5.7,7.2,92.1,Silt loam
20.0,20.0,60.0,7.04,36.7,8.8,11.3,126.3,Silt loam
23.0,15.0,62.0,6.92,41.1,13.1,22.0,161.4,Silt loam
76.0,4.0,20.0,4.8,36.6,22.4,63.9,327.7,Loamy sand
20.0,16.0,64.0,3.88,14.94,6.3,16.9,88.0,Silt loam
21.0,24.0,55.0,5.54,12.76,4.5,8.5,92.3,Silt loam
14.0,30.0,55.0,5.47,7.78,2.4,0.0,121.6,Clay loam
11.0,28.0,62.0,7.24,23.2,6.0,17.9,158.8,Clay loam
62.0,5.0,33.0,4.49,60.6,23.0,45.4,368.9,Loam
38.0,18.0,44.0,7.92,18.16,1.7,0.0,31.0,Loam
19.0,23.0,58.0,6.86,37.6,4.2,10.0,70.6,Silt loam
48.0,9.0,42.0,4.56,59.6,15.6,38.8,240.0,Loam
18.0,18.0,64.0,6.26,39.8,6.6,15.1,133.9,Silt loam
33.0,15.0,51.0,4.63,20.2,4.7,20.2,74.5,Silt loam
17.0,16.0,67.0,5.2,19.17,9.1,19.5,131.6,Silt loam
61.0,5.0,34.0,6.53,78.0,19.1,48.4,364.9,Loam
17.0,23.0,60.0,6.85,37.1,8.5,11.2,154.1,Silt loam
18.0,18.0,64.0,6.22,34.2,8.5,10.3,162.1,Silt loam
8.0,40.0,53.0,5.14,9.2,3.8,4.8,206.6,Clay loam
68.0,6.0,26.0,4.41,3.32,0.6,16.9,21.7,Loam
92.0,1.0,7.0,4.38,47.4,12.6,36.3,497.9,Sand
64.0,5.0,32.0,4.53,51.0,25.3,49.1,328.3,Loam
71.0,6.0,23.0,4.05,4.22,0.8,9.0,21.0,Loamy sand
39.0,10.0,51.0,5.0,10.31,2.4,26.0,84.2,Silt loam
45.0,13.0,42.0,4.33,3.59,1.1,26.8,15.0,Loam
72.0,9.0,19.0,4.75,4.16,0.2,10.4,25.2,Loamy sand
79.0,4.0,18.0,4.4,4.2,0.5,7.0,16.9,Loamy sand
69.0,6.0,26.0,4.33,7.4,1.1,39.9,20.3,Loam
64.0,6.0,30.0,4.47,3.19,0.5,19.4,6.2,Loam
71.0,6.0,23.0,4.5,2.96,0.5,20.0,17.1,Loamy sand
73.0,5.0,23.0,4.69,3.85,0.7,31.3,13.1,Loamy sand
93.0,1.0,6.0,3.84,55.6,13.6,80.8,503.7,Sand
81.0,4.0,15.0,4.84,3.84,0.4,43.3,8.0,Loamy sand
36.0,9.0,55.0,5.2,1.73,0.3,11.2,8.0,Silt loam
66.0,6.0,29.0,4.16,5.67,1.2,46.2,23.5,Loam
45.0,15.0,40.0,4.48,5.87,0.9,22.9,26.4,Loam
43.0,10.0,47.0,5.34,5.79,1.6,9.3,19.4,Loam
56.0,7.0,38.0,4.12,5.99,0.9,10.4,27.5,Loam
70.0,5.0,25.0,4.8,3.92,0.7,12.4,11.7,Loamy sand
59.0,7.0,34.0,5.68,6.04,1.3,0.0,50.2,Loam
35.0,10.0,55.0,4.32,14.51,1.9,16.2,34.2,Silt loam
45.0,7.0,48.0,4.62,5.66,0.8,17.2,14.4,Loam
42.0,8.0,50.0,4.97,24.1,3.5,8.5,16.4,Silt loam
46.0,7.0,47.0,5.59,20.4,1.4,5.4,10.0,Loam
48.0,10.0,42.0,4.7,2.97,0.6,35.6,13.8,Loam
58.0,6.0,35.0,4.62,8.27,0.8,0.0,21.6,Loam
61.0,5.0,34.0,5.31,11.92,1.2,4.5,10.7,Loam
39.0,6.0,54.0,6.15,15.57,6.9,8.3,67.4,Silt loam
44.0,9.0,47.0,4.6,3.76,1.1,7.9,17.0,Loam
57.0,6.0,36.0,4.79,37.6,3.8,10.0,55.1,Loam
41.0,11.0,48.0,4.45,4.07,1.1,0.0,18.0,Loam
57.0,6.0,37.0,4.55,9.14,3.9,15.4,65.4,Loam
62.0,7.0,31.0,4.15,4.44,0.8,22.0,20.4,Loam
30.0,23.0,47.0,4.65,4.01,0.8,11.3,28.4,Loam
38.0,11.0,52.0,4.6,4.79,0.7,9.1,14.9,Silt loam
57.0,6.0,37.0,4.4,16.07,2.2,25.7,58.7,Loam
52.0,9.0,39.0,5.41,7.43,0.8,0.0,14.4,Loam
35.0,11.0,54.0,5.28,6.75,2.4,5.4,18.7,Silt loam
51.0,7.0,42.0,4.32,12.01,1.2,12.1,21.7,Loam
54.0,7.0,39.0,4.21,4.01,0.7,27.8,19.9,Loam
8.0,40.0,52.0,4.36,13.75,2.4,12.2,74.6,Silty clay
37.0,8.0,55.0,4.45,4.57,2.7,6.3,23.9,Silt loam
34.0,15.0,51.0,4.36,11.39,1.2,4.5,26.0,Silt loam
55.0,6.0,39.0,4.34,9.26,3.1,19.6,63.2,Loam
76.0,4.0,20.0,4.17,2.57,0.4,0.0,18.5,Loamy sand
19.0,28.0,53.0,4.34,9.86,1.4,15.9,50.1,Clay loam
52.0,9.0,39.0,4.3,15.45,2.5,12.6,34.2,Loam
77.0,3.0,20.0,4.01,2.28,0.5,0.0,12.2,Loamy sand
46.0,7.0,48.0,3.98,6.66,1.4,5.6,56.1,Loam
53.0,6.0,40.0,4.16,6.47,2.3,7.6,44.1,Loam
56.0,5.0,39.0,4.07,18.57,2.0,19.0,40.6,Loam
50.0,8.0,42.0,4.11,5.86,0.9,0.0,31.1,Loam
39.0,7.0,54.0,5.68,4.18,0.8,4.8,14.6,Silt loam
63.0,4.0,33.0,4.38,6.22,1.6,15.8,20.9,Loam
22.0,12.0,66.0,4.7,6.65,0.8,16.4,23.0,Silt loam
12.0,32.0,56.0,5.69,10.16,2.8,0.0,61.0,Clay loam
26.0,14.0,60.0,5.4,69.1,6.3,6.7,731.7,Silt loam
41.0,11.0,48.0,5.29,25.4,3.1,4.8,38.9,Loam
48.0,7.0,44.0,3.92,13.62,1.9,11.3,34.8,Loam
27.0,19.0,53.0,4.71,11.57,1.4,0.0,24.9,Silt loam
9.0,39.0,52.0,5.3,5.38,2.5,0.0,136.0,Clay loam
22.0,23.0,55.0,6.46,88.6,5.3,17.6,249.8,Silt loam
27.0,20.0,53.0,5.69,19.57,2.4,0.0,66.5,Silt loam
20.0,14.0,66.0,5.26,12.23,4.9,0.0,27.2,Silt loam
14.0,26.0,60.0,4.57,41.2,3.7,6.6,415.4,Silt loam
34.0,17.0,48.0,5.22,25.3,3.1,7.0,363.4,Loam
33.0,13.0,53.0,4.63,19.28,1.9,0.0,26.2,Silt loam
8.0,39.0,53.0,5.82,14.43,1.5,5.2,140.5,Clay loam
20.0,28.0,52.0,5.83,16.37,2.4,12.1,333.6,Clay loam
17.0,28.0,55.0,4.55,23.7,2.5,7.6,83.2,Clay loam
40.0,10.0,50.0,3.54,38.4,7.3,38.3,67.0,Silt loam
11.0,30.0,59.0,5.72,25.2,5.8,10.1,457.7,Clay loam
15.0,22.0,63.0,4.95,22.8,3.4,6.8,104.1,Silt loam
51.0,7.0,42.0,5.7,39.1,8.2,22.9,95.8,Loam
55.0,8.0,38.0,4.71,28.7,2.0,13.8,76.8,Loam
36.0,14.0,50.0,4.52,36.8,3.0,8.2,63.2,Silt loam
26.0,18.0,56.0,4.52,11.75,2.4,4.5,69.4,Silt loam
34.0,15.0,51.0,4.23,13.74,3.7,16.3,111.3,Silt loam
24.0,25.0,51.0,5.98,18.1,1.4,0.0,68.1,Silt loam
43.0,16.0,41.0,4.5,8.0,1.5,4.1,34.0,Loam
29.0,21.0,50.0,4.18,11.78,1.2,0.0,43.6,Silt loam
18.0,23.0,59.0,5.78,37.6,3.2,7.3,1834.3,Silt loam
26.0,13.0,61.0,3.97,64.4,10.2,21.7,141.4,Silt loam
28.0,16.0,55.0,3.94,15.59,1.5,6.2,67.5,Silt loam
28.0,15.0,57.0,5.71,15.72,3.8,6.0,49.6,Silt loam
24.0,13.0,63.0,4.42,27.5,3.0,5.6,106.0,Silt loam
36.0,16.0,48.0,4.17,19.36,2.1,5.6,32.1,Loam
32.0,16.0,52.0,4.18,68.8,5.9,29.8,166.1,Silt loam
26.0,22.0,52.0,4.21,15.92,3.4,8.9,107.8,Silt loam
15.0,38.0,47.0,5.98,31.6,3.6,16.7,212.5,Clay loam
33.0,21.0,46.0,5.97,15.69,1.9,18.7,86.0,Loam
34.0,11.0,55.0,4.08,44.6,4.5,29.2,113.5,Silt loam
28.0,13.0,58.0,5.11,83.4,6.7,21.8,183.1,Silt loam
30.0,21.0,49.0,4.04,8.63,2.3,8.8,44.5,Loam
19.0,20.0,60.0,5.73,39.7,2.0,15.9,137.2,Silt loam
42.0,8.0,49.0,4.5,61.4,5.1,23.3,83.7,Loam
31.0,13.0,56.0,3.82,20.6,5.1,22.8,102.6,Silt loam
13.0,21.0,65.0,4.23,47.3,6.8,22.8,337.0,Silt loam
17.0,22.0,61.0,4.4,19.91,4.2,0.0,50.4,Silt loam
17.0,33.0,51.0,3.93,11.51,3.6,5.7,77.6,Clay loam
45.0,9.0,46.0,4.08,29.9,4.3,20.6,58.7,Loam
29.0,18.0,54.0,4.42,8.75,1.1,0.0,39.7,Silt loam
46.0,11.0,43.0,3.85,21.0,3.0,10.2,37.1,Loam
28.0,33.0,39.0,5.14,28.1,1.9,48.0,248.0,Clay loam
19.0,33.0,48.0,5.41,17.63,2.3,8.3,134.3,Clay loam
39.0,14.0,47.0,4.1,23.6,2.9,69.0,53.5,Loam
43.0,10.0,47.0,4.15,33.2,2.9,26.2,86.4,Loam
11.0,28.0,60.0,4.42,21.5,3.4,7.8,112.2,Clay loam
56.0,6.0,37.0,3.94,30.6,3.8,32.3,108.1,Loam
73.0,3.0,24.0,5.08,14.01,2.3,17.3,66.0,Loamy sand
27.0,29.0,44.0,4.76,5.31,1.7,0.0,65.4,Clay loam
19.0,19.0,62.0,4.16,30.3,2.8,15.1,49.2,Silt loam
19.0,18.0,63.0,3.65,26.0,6.1,91.3,92.5,Silt loam
38.0,13.0,49.0,4.58,28.7,4.4,7.2,66.2,Loam
16.0,26.0,58.0,5.3,10.24,2.5,0.0,192.1,Silt loam
40.0,11.0,49.0,5.43,30.0,2.5,4.7,21.3,Loam
29.0,17.0,54.0,4.74,41.8,3.8,10.6,55.1,Silt loam
29.0,13.0,57.0,3.96,23.4,6.0,19.9,72.5,Silt loam
39.0,13.0,48.0,4.39,20.7,2.7,9.1,29.9,Loam
25.0,18.0,57.0,4.96,26.0,3.2,7.6,135.7,Silt loam
40.0,16.0,45.0,4.84,17.97,2.1,0.0,28.9,Loam
11.0,25.0,64.0,7.09,70.8,5.7,24.7,122.6,Silt loam
33.0,12.0,54.0,3.87,60.7,7.7,17.6,83.7,Silt loam
15.0,24.0,61.0,4.38,14.49,2.2,0.0,39.4,Silt loam
15.0,26.0,59.0,4.09,22.9,2.6,0.0,149.6,Silt loam
9.0,29.0,62.0,4.97,5.85,1.4,0.0,87.2,Clay loam
12.0,36.0,51.0,6.48,10.99,1.4,0.0,60.7,Clay loam
29.0,12.0,59.0,4.68,11.39,2.8,10.8,58.3,Silt loam
64.0,5.0,31.0,4.01,19.72,3.7,41.4,46.8,Loam
37.0,13.0,50.0,5.86,19.92,2.0,6.5,78.2,Silt loam
32.0,17.0,51.0,5.08,32.3,5.6,21.9,81.6,Silt loam
29.0,12.0,59.0,3.88,40.9,8.2,25.8,117.0,Silt loam
19.0,24.0,57.0,4.83,26.6,3.1,0.0,49.3,Silt loam
43.0,8.0,49.0,3.66,46.7,13.6,108.4,191.8,Loam
14.0,32.0,53.0,5.09,14.03,2.8,0.0,69.3,Clay loam
20.0,26.0,54.0,4.65,26.6,2.3,6.4,53.4,Silt loam
27.0,25.0,48.0,4.57,17.51,1.7,4.7,62.8,Loam
19.0,20.0,61.0,4.43,41.0,4.7,14.6,97.1,Silt loam
28.0,13.0,59.0,3.6,26.3,4.9,38.2,94.1,Silt loam
8.0,34.0,58.0,5.24,43.1,2.8,15.5,192.9,Clay loam
4.0,38.0,58.0,4.72,8.66,3.2,5.6,76.6,Clay loam
23.0,23.0,54.0,3.95,17.97,3.6,12.2,185.0,Silt loam
50.0,10.0,40.0,4.81,23.3,1.9,13.0,55.1,Loam
34.0,13.0,53.0,4.22,27.8,2.7,6.7,57.2,Silt loam
16.0,22.0,63.0,4.83,38.8,4.7,8.3,370.6,Silt loam
39.0,12.0,49.0,4.85,77.5,5.6,48.0,562.9,Loam
12.0,23.0,66.0,4.66,19.34,3.0,8.1,81.4,Silt loam
15.0,22.0,62.0,4.58,72.4,5.1,11.4,114.1,Silt loam
30.0,13.0,57.0,3.85,28.8,3.2,13.1,56.4,Silt loam
35.0,12.0,53.0,4.08,40.0,10.7,38.1,218.4,Silt loam
27.0,16.0,57.0,3.66,32.1,4.2,16.0,58.1,Silt loam
37.0,15.0,49.0,4.06,19.6,2.0,15.0,31.1,Loam
41.0,12.0,47.0,4.37,31.8,4.5,32.4,78.1,Loam
17.0,31.0,52.0,5.1,19.65,1.8,22.3,135.3,Clay loam
20.0,24.0,57.0,4.61,33.1,4.0,7.7,205.1,Silt loam
55.0,8.0,37.0,3.92,37.1,5.8,65.6,145.4,Loam
23.0,20.0,58.0,4.31,48.7,2.9,16.0,260.6,Silt loam
37.0,13.0,50.0,4.06,37.0,4.9,25.3,90.1,Silt loam
11.0,28.0,61.0,5.03,46.4,3.2,4.2,85.3,Clay loam
51.0,10.0,38.0,4.35,28.3,3.7,17.1,108.7,Loam
44.0,11.0,45.0,4.41,18.73,5.9,22.0,66.0,Loam
23.0,15.0,62.0,4.73,4.08,3.6,9.4,39.7,Silt loam
75.0,4.0,21.0,6.32,7.46,2.0,27.6,175.9,Loamy sand
46.0,13.0,41.0,4.35,12.93,3.9,22.3,64.9,Loam
64.0,5.0,32.0,4.28,4.51,4.7,13.0,38.5,Loam
76.0,3.0,21.0,4.45,3.35,3.5,15.0,35.9,Loamy sand
48.0,8.0,44.0,3.86,17.18,6.1,7.6,37.2,Loam
71.0,4.0,25.0,4.89,5.52,2.3,10.3,104.5,Loamy sand
56.0,9.0,35.0,4.87,12.71,3.5,6.7,83.9,Loam
75.0,3.0,22.0,4.68,2.16,2.4,0.0,11.6,Loamy sand
32.0,22.0,46.0,5.79,18.09,1.6,4.0,110.3,Loam
64.0,4.0,32.0,4.34,5.13,4.7,39.1,53.7,Loam
40.0,11.0,49.0,4.79,23.0,4.6,10.0,246.7,Loam
74.0,3.0,22.0,4.53,3.71,3.0,9.4,123.2,Loamy sand
48.0,8.0,44.0,4.3,14.47,3.3,21.9,75.2,Loam
70.0,4.0,26.0,4.52,4.29,3.6,17.1,36.8,Loamy sand
67.0,4.0,29.0,4.51,3.41,2.6,14.7,19.7,Loam
70.0,7.0,23.0,4.64,3.68,1.1,4.0,5.2,Loamy sand
53.0,9.0,37.0,4.52,4.21,3.5,7.8,178.6,Loam
62.0,7.0,31.0,4.81,4.6,3.5,110.4,46.8,Loam
68.0,4.0,28.0,5.43,8.84,5.2,11.6,270.5,Loam
66.0,7.0,27.0,4.72,5.38,1.0,92.5,67.4,Loam
74.0,6.0,20.0,3.82,15.14,0.8,48.6,19.6,Loamy sand
27.0,18.0,56.0,4.16,9.56,3.1,14.8,78.1,Silt loam
31.0,17.0,51.0,5.06,21.2,1.4,22.0,73.6,Silt loam
52.0,18.0,30.0,5.33,17.98,1.4,21.8,92.8,Loam
64.0,7.0,29.0,4.89,16.08,0.8,65.6,94.1,Loam
58.0,9.0,33.0,4.5,5.47,0.8,9.2,23.0,Loam
58.0,6.0,36.0,6.26,25.6,2.7,24.9,95.8,Loam
69.0,9.0,22.0,5.1,12.86,1.1,66.2,90.0,Loam
44.0,11.0,45.0,4.14,31.8,2.6,52.2,101.4,Loam
69.0,9.0,22.0,7.14,14.79,1.0,10.1,39.5,Loam
45.0,12.0,43.0,4.01,7.12,1.1,10.1,23.9,Loam
16.0,24.0,61.0,4.08,24.1,3.8,9.7,80.8,Silt loam
11.0,25.0,64.0,4.6,32.6,2.7,15.1,86.5,Silt loam
57.0,15.0,28.0,6.33,24.2,1.0,61.0,195.4,Loam
87.0,3.0,10.0,4.97,5.78,1.1,52.6,50.9,Sand
60.0,11.0,29.0,5.78,17.71,1.3,85.9,244.3,Loam
17.0,20.0,64.0,4.64,24.5,2.5,23.3,69.7,Silt loam
83.0,3.0,13.0,4.32,4.11,1.1,56.1,15.7,Loamy sand
58.0,6.0,35.0,3.72,18.19,4.4,52.4,61.1,Loam
16.0,29.0,55.0,5.56,58.6,3.6,51.4,811.4,Clay loam
75.0,4.0,21.0,4.81,8.26,1.0,64.4,132.4,Loamy sand
87.0,3.0,11.0,4.16,4.13,0.6,8.9,4.5,Sand
55.0,18.0,27.0,4.84,5.11,1.3,32.6,87.5,Loam
66.0,8.0,26.0,4.27,8.51,1.6,31.7,27.4,Loam
62.0,10.0,28.0,5.4,9.56,1.4,58.9,99.7,Loam
43.0,16.0,40.0,5.08,28.6,2.1,50.6,218.5,Loam
78.0,3.0,19.0,4.98,3.95,1.2,64.5,11.5,Loamy sand
80.0,5.0,15.0,5.78,15.44,1.0,57.9,191.4,Loamy sand
85.0,3.0,12.0,4.3,2.94,1.0,36.9,5.6,Sand
80.0,5.0,15.0,6.57,10.29,0.8,74.3,242.2,Loamy sand
62.0,8.0,29.0,4.55,11.7,1.3,43.9,40.8,Loam
6.0,34.0,60.0,4.45,7.89,2.3,6.5,89.7,Clay loam
86.0,4.0,11.0,5.22,4.27,0.8,12.0,56.9,Sand
80.0,5.0,15.0,5.29,10.81,1.2,95.1,72.8,Loamy sand
46.0,12.0,42.0,4.69,21.1,1.2,35.9,57.7,Loam
62.0,11.0,27.0,4.61,29.2,1.5,25.4,101.6,Loam
68.0,8.0,24.0,4.44,11.51,0.8,20.2,16.4,Loam
93.0,2.0,5.0,5.21,5.26,0.5,49.1,7.0,Sand
72.0,9.0,19.0,4.29,22.0,0.9,48.6,135.1,Loamy sand
55.0,10.0,35.0,4.76,4.44,1.6,15.5,52.1,Loam
19.0,26.0,55.0,4.55,14.98,3.0,75.4,94.2,Silt loam
33.0,28.0,40.0,6.97,19.64,1.9,16.3,214.8,Clay loam
62.0,9.0,29.0,4.45,9.71,1.4,13.8,43.5,Loam
74.0,4.0,21.0,4.43,5.01,1.5,7.5,25.1,Loamy sand
19.0,19.0,62.0,4.39,18.47,1.2,57.9,126.3,Silt loam
52.0,7.0,41.0,5.21,70.4,12.8,112.0,472.1,Loam
79.0,5.0,17.0,4.63,3.21,0.8,65.7,24.4,Loamy sand
31.0,18.0,50.0,7.06,33.5,1.7,59.2,379.8,Silt loam
71.0,8.0,21.0,6.03,7.19,1.2,105.6,164.4,Loamy sand
17.0,38.0,45.0,6.68,23.5,2.6,30.5,187.9,Clay loam
68.0,6.0,26.0,3.73,8.74,1.7,8.7,22.7,Loam
53.0,5.0,42.0,3.66,252.0,23.2,161.5,352.2,Loam
68.0,4.0,28.0,4.93,38.5,2.9,84.0,63.9,Loam
67.0,5.0,28.0,5.51,21.7,2.7,108.0,112.9,Loam
57.0,6.0,37.0,5.15,38.6,2.7,98.0,164.0,Loam
69.0,5.0,26.0,4.69,42.9,2.6,126.8,75.5,Loam
34.0,19.0,47.0,6.88,23.4,1.4,81.3,174.2,Loam
16.0,34.0,50.0,7.5,57.1,1.8,61.4,234.2,Clay loam
19.0,18.0,62.0,7.63,374.0,3.3,62.1,495.8,Silt loam
15.0,29.0,56.0,7.16,23.0,2.5,56.5,198.0,Clay loam
12.0,28.0,60.0,6.2,68.6,7.2,108.4,267.5,Clay loam
63.0,6.0,31.0,5.83,87.1,7.2,48.2,360.3,Loam
24.0,24.0,52.0,7.23,34.9,2.1,77.6,238.8,Silt loam
65.0,5.0,29.0,5.91,30.2,2.0,50.2,102.7,Loam
11.0,26.0,63.0,4.98,51.7,6.3,48.4,157.2,Silt loam
60.0,11.0,29.0,7.3,30.2,1.3,66.1,153.9,Loam
26.0,16.0,58.0,5.16,25.8,12.2,86.8,260.8,Silt loam
64.0,7.0,29.0,5.67,14.72,2.8,90.4,38.5,Loam
84.0,1.0,15.0,4.57,14.46,1.4,15.0,23.8,Loamy sand
85.0,2.0,14.0,5.1,23.5,2.6,76.7,34.4,Loamy sand
66.0,5.0,29.0,4.9,51.7,3.1,97.3,125.4,Loam
15.0,28.0,57.0,6.16,31.7,5.1,100.0,585.0,Clay loam
9.0,38.0,53.0,5.28,45.0,4.6,42.8,288.1,Clay loam
21.0,17.0,61.0,7.11,66.2,5.1,22.1,380.8,Silt loam
76.0,4.0,20.0,6.14,7.07,1.8,40.3,49.0,Loamy sand
80.0,2.0,18.0,4.12,12.17,2.8,25.5,33.2,Loamy sand
77.0,3.0,20.0,3.99,8.0,2.0,33.1,14.1,Loamy sand
47.0,13.0,40.0,7.17,26.6,2.0,35.7,79.7,Loam
32.0,26.0,42.0,7.85,32.0,1.4,69.1,304.9,Loam
24.0,29.0,47.0,7.64,23.1,1.6,14.4,204.5,Clay loam
62.0,14.0,24.0,6.17,9.8,1.0,84.1,115.5,Loam
77.0,5.0,19.0,5.46,19.8,1.6,110.5,92.4,Loamy sand
33.0,20.0,47.0,7.67,32.3,1.4,10.1,135.4,Loam
17.0,26.0,57.0,6.39,69.2,4.2,32.6,149.8,Silt loam
21.0,25.0,54.0,7.46,37.6,2.4,74.5,349.5,Silt loam
33.0,17.0,50.0,6.03,9.22,2.1,22.6,113.3,Silt loam
39.0,16.0,45.0,5.76,12.82,2.3,18.7,58.4,Loam
41.0,9.0,50.0,6.24,189.1,26.3,45.5,149.5,Silt loam
19.0,20.0,62.0,5.19,32.7,6.6,19.7,143.1,Silt loam
30.0,26.0,45.0,7.19,13.4,2.2,28.7,150.8,Loam
55.0,7.0,38.0,5.93,38.4,3.8,11.8,34.6,Loam
46.0,16.0,38.0,4.77,11.07,1.5,8.8,50.9,Loam
29.0,11.0,61.0,7.27,86.1,6.8,23.8,52.7,Silt loam
12.0,31.0,57.0,5.28,6.52,2.1,6.8,45.9,Clay loam
38.0,11.0,51.0,4.99,48.9,3.9,19.4,70.6,Silt loam
18.0,23.0,59.0,7.0,16.67,3.7,10.6,68.3,Silt loam
15.0,32.0,53.0,7.85,28.2,2.2,87.6,224.9,Clay loam
27.0,29.0,44.0,5.75,12.49,2.2,32.6,96.9,Clay loam
83.0,3.0,15.0,3.8,7.08,2.2,8.5,27.7,Loamy sand
16.0,31.0,53.0,6.83,22.2,4.6,86.8,472.5,Clay loam
35.0,20.0,46.0,5.63,12.46,3.7,42.7,130.9,Loam
20.0,22.0,58.0,7.0,53.2,8.1,59.0,665.6,Silt loam
24.0,20.0,56.0,5.81,16.5,3.2,68.9,105.5,Silt loam
9.0,47.0,44.0,7.79,32.4,3.0,35.5,280.2,Silty clay
12.0,30.0,58.0,6.88,13.81,1.9,53.7,150.7,Clay loam
40.0,13.0,47.0,3.97,10.1,2.6,19.0,39.9,Loam
79.0,5.0,16.0,4.78,10.82,1.6,36.8,29.4,Loamy sand
57.0,13.0,30.0,5.27,12.81,1.2,15.1,56.4,Loam
43.0,20.0,37.0,7.31,12.88,1.5,7.1,69.8,Loam
40.0,14.0,46.0,6.15,39.6,3.3,24.7,62.5,Loam
37.0,17.0,46.0,7.67,20.9,2.3,13.8,85.3,Loam
24.0,13.0,63.0,7.16,38.9,12.4,45.0,275.8,Silt loam
41.0,9.0,49.0,6.65,63.1,21.2,30.0,151.6,Loam
51.0,11.0,37.0,6.49,14.8,2.3,93.1,199.7,Loam
36.0,23.0,41.0,7.17,11.88,1.8,10.9,97.8,Loam
62.0,6.0,32.0,3.82,33.5,13.6,42.1,188.5,Loam
45.0,17.0,38.0,5.15,4.88,1.6,4.2,49.5,Loam
41.0,15.0,44.0,3.76,17.24,2.7,15.7,49.6,Loam
46.0,9.0,45.0,5.11,51.3,18.3,36.7,117.6,Loam
41.0,17.0,41.0,7.15,9.8,1.4,12.9,67.7,Loam
56.0,7.0,37.0,6.41,18.28,2.8,10.6,35.0,Loam
40.0,11.0,49.0,6.83,10.52,1.6,7.6,60.0,Loam
51.0,17.0,33.0,5.95,7.15,1.6,8.0,119.3,Loam
54.0,11.0,34.0,7.11,14.2,1.4,18.4,165.0,Loam
37.0,9.0,54.0,7.24,54.1,3.3,12.9,61.0,Silt loam
38.0,11.0,50.0,4.41,10.6,2.4,6.7,40.2,Silt loam
33.0,19.0,48.0,7.36,68.8,6.5,11.3,176.4,Loam
30.0,16.0,54.0,7.21,43.9,3.9,6.7,58.5,Silt loam
50.0,6.0,44.0,6.69,207.0,19.6,41.8,133.3,Loam
60.0,6.0,33.0,6.54,186.4,16.8,42.0,132.7,Loam
39.0,17.0,44.0,7.38,35.2,4.2,178.7,218.2,Loam
30.0,20.0,49.0,5.27,88.1,9.0,18.9,82.4,Loam
39.0,9.0,52.0,7.41,65.3,3.4,14.2,26.7,Silt loam
39.0,20.0,41.0,6.34,13.1,1.4,22.0,58.9,Loam
28.0,16.0,57.0,5.39,27.4,3.9,9.6,56.8,Silt loam
15.0,35.0,49.0,5.22,9.15,2.5,0.0,171.1,Clay loam
44.0,14.0,42.0,7.07,69.2,4.6,49.2,220.4,Loam
27.0,19.0,54.0,4.62,7.9,3.2,6.1,49.8,Silt loam
29.0,11.0,60.0,4.36,49.5,5.1,13.8,65.1,Silt loam
26.0,14.0,60.0,7.16,80.5,6.1,25.2,53.3,Silt loam
10.0,36.0,54.0,6.68,20.5,4.0,5.6,160.8,Clay loam
40.0,23.0,38.0,7.59,30.1,2.1,106.9,297.3,Loam
69.0,13.0,18.0,7.3,11.75,0.8,43.6,130.3,Loam
24.0,31.0,45.0,7.26,12.13,2.1,36.3,158.3,Clay loam
33.0,12.0,55.0,4.07,35.3,5.7,16.9,82.8,Silt loam
27.0,16.0,57.0,5.89,19.94,11.1,14.2,192.9,Silt loam
19.0,23.0,58.0,7.04,23.0,5.5,24.2,67.7,Silt loam
32.0,13.0,55.0,7.13,103.2,8.0,16.0,113.3,Silt loam
18.0,32.0,49.0,6.94,14.7,1.8,39.6,155.1,Clay loam
13.0,38.0,50.0,4.84,12.5,1.6,0.0,156.3,Clay loam
8.0,34.0,58.0,5.76,41.3,4.6,6.2,132.2,Clay loam
17.0,32.0,52.0,4.55,32.9,4.4,5.4,98.5,Clay loam
21.0,14.0,65.0,7.1,133.7,15.6,15.6,97.0,Silt loam
12.0,33.0,55.0,6.34,46.5,6.5,4.5,213.3,Clay loam
17.0,14.0,69.0,6.74,70.5,7.4,13.3,61.3,Silt loam
30.0,21.0,50.0,7.66,34.0,2.7,52.2,193.9,Loam
34.0,9.0,57.0,7.28,58.4,5.5,9.6,44.4,Silt loam
24.0,20.0,56.0,7.72,29.6,3.7,54.1,257.1,Silt loam
42.0,14.0,44.0,4.85,46.6,4.4,15.0,114.2,Loam
15.0,36.0,49.0,6.64,16.11,6.3,14.0,570.4,Clay loam
18.0,31.0,51.0,8.05,13.06,1.1,0.0,129.1,Clay loam
20.0,27.0,53.0,7.89,21.9,1.5,22.0,53.0,Clay loam
19.0,22.0,59.0,6.91,89.4,6.2,8.7,98.4,Silt loam
10.0,36.0,55.0,7.77,29.0,2.0,18.2,209.6,Clay loam
7.0,43.0,50.0,7.89,30.9,1.5,6.7,156.6,Silty clay
29.0,18.0,53.0,7.28,66.4,3.8,61.9,220.3,Silt loam
47.0,10.0,43.0,7.61,36.7,2.1,0.0,14.2,Loam
15.0,18.0,67.0,5.43,41.4,7.9,16.1,130.2,Silt loam
34.0,12.0,54.0,5.74,49.4,7.1,16.6,411.5,Silt loam
45.0,13.0,42.0,4.24,36.8,3.8,16.8,126.7,Loam
15.0,37.0,49.0,7.99,19.03,0.9,0.0,237.1,Clay loam
48.0,8.0,45.0,5.56,65.2,6.2,13.7,301.4,Loam
62.0,7.0,30.0,6.13,9.57,1.2,5.9,84.5,Loam
19.0,20.0,61.0,5.72,36.9,5.5,6.1,468.3,Silt loam
42.0,14.0,44.0,5.16,13.45,1.6,4.8,258.6,Loam
64.0,8.0,28.0,5.63,16.68,1.6,4.6,218.6,Loam
83.0,6.0,11.0,7.02,8.02,1.2,34.7,64.3,Loamy sand
60.0,9.0,31.0,5.31,10.04,2.4,13.3,205.0,Loam
27.0,22.0,51.0,7.63,29.7,2.3,4.8,215.7,Silt loam
37.0,18.0,45.0,5.17,20.0,2.5,15.8,477.8,Loam
54.0,13.0,33.0,5.07,14.29,1.5,0.0,196.2,Loam
55.0,13.0,33.0,4.92,14.04,1.2,5.6,168.0,Loam
75.0,6.0,18.0,5.7,13.84,1.2,18.6,167.2,Loamy sand
42.0,17.0,41.0,5.23,15.88,2.2,12.1,203.3,Loam
28.0,23.0,49.0,5.52,22.0,2.5,24.0,414.7,Loam
53.0,12.0,36.0,5.14,38.8,2.2,19.7,337.6,Loam
50.0,11.0,39.0,5.77,39.8,3.1,22.3,246.3,Loam
53.0,9.0,38.0,5.63,33.5,4.6,6.4,187.0,Loam
58.0,10.0,32.0,7.56,20.2,1.7,24.0,161.2,Loam
20.0,21.0,59.0,5.06,47.3,7.2,8.4,558.9,Silt loam
39.0,23.0,38.0,6.89,11.15,2.2,6.1,268.7,Loam
23.0,38.0,38.0,7.74,19.47,2.0,50.8,414.2,Clay loam
26.0,27.0,46.0,7.26,25.8,4.0,15.7,587.6,Clay loam
32.0,38.0,30.0,7.84,23.4,1.4,45.5,827.6,Clay loam
40.0,25.0,35.0,8.03,20.2,1.1,23.2,226.9,Loam
79.0,4.0,18.0,6.58,5.08,0.4,3.8,127.8,Loamy sand
14.0,45.0,41.0,7.87,18.09,1.2,23.0,372.9,Silty clay
42.0,15.0,43.0,5.59,7.51,1.2,7.9,253.4,Loam
48.0,13.0,39.0,5.82,7.67,3.1,33.9,273.6,Loam
58.0,10.0,32.0,7.52,30.9,1.3,8.5,127.2,Loam
55.0,15.0,30.0,5.65,8.56,1.2,7.3,181.6,Loam
35.0,12.0,53.0,3.91,27.0,4.1,24.7,73.9,Silt loam
40.0,13.0,46.0,5.18,19.0,3.2,4.9,167.1,Loam
41.0,18.0,41.0,7.42,27.5,2.2,12.1,577.9,Loam
31.0,16.0,54.0,5.22,67.3,4.5,18.2,232.6,Silt loam
53.0,17.0,30.0,7.44,14.91,1.3,31.4,599.3,Loam
59.0,10.0,32.0,5.88,10.54,1.2,10.8,136.2,Loam
79.0,5.0,16.0,6.69,8.21,0.4,5.3,127.3,Loamy sand
69.0,7.0,24.0,6.33,7.63,0.8,16.8,86.4,Loam
45.0,15.0,40.0,5.54,9.57,1.3,8.8,172.3,Loam
52.0,11.0,37.0,6.01,8.56,2.6,33.2,331.2,Loam
32.0,15.0,53.0,5.74,6.91,0.6,0.0,36.8,Silt loam
57.0,6.0,37.0,4.07,36.3,3.7,19.4,42.8,Loam
60.0,5.0,35.0,6.45,44.5,3.0,9.6,48.4,Loam
59.0,6.0,35.0,4.57,16.24,1.0,7.3,35.4,Loam
38.0,8.0,55.0,7.08,55.7,3.2,10.5,29.3,Silt loam
48.0,10.0,42.0,4.63,39.2,3.0,48.5,72.8,Loam
85.0,2.0,13.0,6.03,17.38,1.4,48.4,142.6,Sand
53.0,14.0,33.0,4.69,7.62,1.8,7.1,113.5,Loam
46.0,13.0,41.0,4.9,9.31,1.7,6.2,44.1,Loam
43.0,9.0,48.0,7.25,36.8,1.7,9.8,75.8,Loam
59.0,7.0,34.0,5.51,36.6,4.0,10.1,211.2,Loam
22.0,23.0,54.0,7.73,22.5,2.3,0.0,44.4,Silt loam
46.0,11.0,43.0,4.59,19.02,1.5,17.0,71.9,Loam
60.0,8.0,33.0,7.58,32.5,1.4,3.8,50.6,Loam
25.0,14.0,61.0,7.12,64.8,4.4,43.7,211.7,Silt loam
46.0,9.0,45.0,6.4,81.2,3.4,26.6,131.5,Loam
39.0,9.0,52.0,4.64,11.21,1.7,7.3,46.9,Silt loam
56.0,7.0,37.0,5.64,36.0,2.9,44.3,124.9,Loam
16.0,38.0,46.0,7.75,14.08,1.6,8.3,187.9,Clay loam
12.0,32.0,56.0,7.56,16.65,2.0,4.2,195.8,Clay loam
42.0,15.0,43.0,5.56,43.7,2.4,39.4,205.2,Loam
32.0,19.0,49.0,5.0,7.67,4.4,13.8,141.2,Loam
34.0,9.0,57.0,6.61,34.7,2.5,8.1,212.3,Silt loam
15.0,28.0,57.0,6.3,43.7,2.7,41.3,114.2,Clay loam
34.0,20.0,45.0,5.62,16.9,4.4,8.5,235.7,Loam
26.0,23.0,51.0,4.37,36.4,2.4,14.5,59.0,Silt loam
21.0,29.0,49.0,4.71,29.9,2.7,24.4,154.3,Clay loam
32.0,12.0,56.0,4.18,35.6,5.0,27.6,56.2,Silt loam
45.0,8.0,47.0,4.53,84.3,6.3,86.1,180.8,Loam
39.0,9.0,52.0,4.37,32.9,4.1,30.9,111.0,Silt loam
38.0,12.0,50.0,4.02,27.2,4.4,24.1,62.9,Silt loam
90.0,1.0,9.0,7.28,21.0,0.6,4.7,24.2,Sand
47.0,7.0,45.0,4.04,73.9,7.1,50.5,141.9,Loam
35.0,22.0,43.0,5.51,70.3,2.8,139.2,478.0,Loam
36.0,17.0,47.0,7.41,34.4,2.1,7.1,103.7,Loam
20.0,23.0,57.0,5.09,24.5,3.0,8.2,79.0,Silt loam
15.0,21.0,64.0,5.26,34.4,2.6,8.8,80.6,Silt loam
32.0,13.0,55.0,4.23,74.3,4.8,38.9,94.0,Silt loam
21.0,15.0,65.0,5.05,93.0,7.5,42.5,46.5,Silt loam
39.0,12.0,49.0,6.89,75.1,4.7,55.3,362.7,Loam
39.0,15.0,46.0,4.51,16.05,0.7,10.7,33.4,Loam
37.0,15.0,48.0,4.75,16.11,1.8,16.8,94.8,Loam
37.0,15.0,49.0,4.63,64.1,4.9,32.6,223.8,Loam
33.0,19.0,47.0,7.3,41.3,3.1,72.7,81.9,Loam
12.0,38.0,50.0,8.0,15.06,1.3,0.0,248.7,Clay loam
11.0,31.0,57.0,7.7,29.9,2.0,7.1,266.9,Clay loam
60.0,9.0,31.0,6.78,18.55,1.3,7.7,474.3,Loam
52.0,14.0,34.0,7.27,33.4,2.0,129.3,1212.2,Loam
21.0,19.0,60.0,7.29,54.4,7.2,80.6,304.9,Silt loam
16.0,22.0,62.0,7.02,63.6,7.6,11.0,249.8,Silt loam
9.0,31.0,60.0,7.69,27.1,2.3,7.1,336.6,Clay loam
26.0,10.0,64.0,6.14,69.7,9.5,6.6,358.5,Silt loam
29.0,25.0,45.0,7.5,34.9,2.4,37.5,1097.2,Loam
28.0,19.0,53.0,6.16,11.99,3.6,5.4,271.9,Silt loam
21.0,32.0,48.0,5.74,25.4,3.4,8.1,375.4,Clay loam
34.0,20.0,46.0,5.7,36.1,2.9,7.1,175.4,Loam
12.0,47.0,40.0,7.98,16.72,1.3,6.3,521.3,Silty clay
18.0,22.0,61.0,6.3,83.1,6.8,16.8,511.0,Silt loam
22.0,23.0,55.0,5.88,18.92,3.3,6.3,333.1,Silt loam
22.0,18.0,60.0,5.91,110.2,8.9,26.0,1176.2,Silt loam
21.0,26.0,53.0,7.32,13.6,2.3,4.2,139.0,Silt loam
28.0,19.0,53.0,6.09,40.1,5.1,6.3,464.3,Silt loam
18.0,49.0,33.0,7.57,17.7,3.0,7.8,596.3,Clay
54.0,17.0,29.0,6.12,7.17,0.9,27.4,221.7,Loam
40.0,13.0,47.0,6.94,50.0,8.7,262.4,913.7,Loam
55.0,11.0,34.0,5.97,8.29,3.0,7.3,274.7,Loam
14.0,39.0,48.0,7.45,22.6,3.4,6.8,759.5,Clay loam
23.0,37.0,40.0,7.88,18.36,1.6,6.0,245.1,Clay loam
20.0,18.0,62.0,5.31,98.9,10.2,13.4,339.2,Silt loam
36.0,14.0,50.0,5.22,26.7,3.7,11.2,80.0,Silt loam
21.0,33.0,46.0,6.8,17.99,2.1,0.0,111.3,Clay loam
40.0,18.0,42.0,7.57,30.3,1.7,40.2,127.5,Loam
25.0,22.0,53.0,5.63,23.5,1.6,0.0,172.0,Silt loam
12.0,24.0,64.0,5.75,37.6,2.6,4.2,234.9,Silt loam
17.0,34.0,49.0,7.53,41.9,3.3,38.5,261.3,Clay loam
31.0,20.0,49.0,6.66,20.1,1.5,25.4,9873.7,Loam
35.0,18.0,47.0,6.34,19.99,1.1,0.0,108.1,Loam
34.0,29.0,37.0,7.53,22.1,1.2,50.3,1307.2,Clay loam
14.0,47.0,40.0,7.83,14.29,1.9,14.7,396.7,Clay
21.0,23.0,56.0,7.22,22.1,5.1,8.8,1297.7,Silt loam
13.0,25.0,61.0,7.48,38.5,4.3,7.2,305.5,Silt loam
4.0,37.0,59.0,7.95,19.8,1.2,0.0,173.0,Clay loam
13.0,38.0,49.0,7.98,17.43,1.3,6.2,145.0,Clay loam
31.0,32.0,38.0,7.81,26.2,2.1,7.2,1773.1,Clay loam
14.0,48.0,38.0,7.83,19.04,1.5,135.7,1426.0,Clay
11.0,49.0,40.0,7.85,14.72,1.5,26.2,1181.5,Silty clay
18.0,36.0,46.0,7.53,22.0,2.7,7.3,576.6,Clay loam
31.0,11.0,58.0,6.47,20.6,8.8,55.1,571.5,Silt loam
44.0,15.0,42.0,7.73,24.3,2.9,40.7,1354.2,Loam
27.0,16.0,58.0,6.93,35.7,5.3,7.1,486.3,Silt loam
13.0,30.0,58.0,7.58,17.36,2.4,10.0,203.2,Clay loam
14.0,40.0,46.0,6.84,13.97,3.2,8.4,100.2,Silty clay
33.0,24.0,43.0,7.73,13.98,1.1,5.7,494.5,Loam
25.0,20.0,54.0,7.36,32.7,5.9,16.8,344.9,Silt loam
17.0,28.0,56.0,6.85,28.1,5.6,15.6,260.0,Clay loam
22.0,28.0,50.0,7.15,24.5,5.5,12.7,165.1,Clay loam
25.0,25.0,50.0,7.24,64.4,4.8,55.0,377.7,Silt loam
19.0,30.0,51.0,7.05,24.2,5.8,33.0,794.0,Clay loam
23.0,19.0,58.0,6.57,46.1,13.4,44.1,236.9,Silt loam
21.0,17.0,62.0,6.5,33.2,13.7,21.8,289.3,Silt loam
17.0,32.0,51.0,6.95,22.1,7.0,12.1,145.1,Clay loam
51.0,18.0,30.0,6.44,9.83,2.3,11.7,414.1,Loam
16.0,26.0,58.0,7.35,34.2,8.9,18.5,347.9,Silt loam
59.0,8.0,33.0,4.69,50.6,7.9,24.3,581.3,Loam
9.0,57.0,35.0,7.66,124.0,1.2,5.5,184.9,Clay
24.0,39.0,37.0,7.55,30.6,1.2,13.1,496.5,Clay loam
12.0,35.0,53.0,7.35,57.4,5.4,36.6,867.0,Clay loam
28.0,22.0,50.0,6.84,21.0,5.3,18.3,613.6,Silt loam
64.0,6.0,30.0,6.79,7.99,3.9,8.1,158.6,Loam
72.0,6.0,22.0,6.58,10.06,2.5,12.1,288.9,Loamy sand
51.0,12.0,38.0,5.8,4.39,3.9,5.6,105.2,Loam
51.0,15.0,34.0,5.57,7.02,2.3,4.9,199.0,Loam
49.0,12.0,39.0,5.1,53.5,2.6,36.4,153.3,Loam
12.0,28.0,60.0,6.92,54.7,6.2,6.5,498.4,Clay loam
20.0,36.0,44.0,7.43,18.74,1.6,6.6,208.2,Clay loam
18.0,35.0,47.0,5.35,5.74,2.1,0.0,239.0,Clay loam
29.0,23.0,48.0,5.65,23.3,2.9,0.0,90.4,Loam
21.0,28.0,51.0,5.62,6.45,2.7,0.0,155.5,Clay loam
29.0,24.0,47.0,6.75,10.1,2.8,0.0,139.3,Loam
22.0,42.0,36.0,8.01,16.94,1.6,4.9,521.1,Clay
43.0,16.0,42.0,6.64,17.97,4.3,13.4,332.0,Loam
28.0,32.0,41.0,7.79,28.2,3.2,9.3,511.3,Clay loam
33.0,33.0,34.0,7.38,18.4,1.8,9.8,476.0,Clay loam
31.0,18.0,51.0,6.52,60.7,4.4,16.3,533.9,Silt loam
35.0,32.0,33.0,7.75,17.26,1.2,9.4,408.9,Clay loam
33.0,32.0,36.0,6.54,11.41,1.9,26.4,558.5,Clay loam
15.0,48.0,37.0,7.72,18.99,1.7,10.0,535.5,Clay
48.0,19.0,32.0,7.78,28.0,1.6,98.5,154.2,Loam
43.0,10.0,47.0,7.24,150.2,7.8,35.0,356.8,Loam
39.0,22.0,39.0,6.77,41.0,2.7,8.1,391.5,Loam
42.0,22.0,36.0,7.86,14.37,0.7,0.0,528.7,Loam
97.0,1.0,2.0,8.91,74.9,0.1,0.0,258.3,Sand
16.0,42.0,42.0,7.71,17.0,2.4,32.0,221.7,Silty clay
54.0,7.0,39.0,6.62,32.8,12.4,16.5,155.0,Loam
29.0,21.0,51.0,5.45,8.44,1.4,14.2,452.4,Silt loam
20.0,23.0,57.0,6.97,69.5,6.6,11.2,853.8,Silt loam
19.0,35.0,46.0,5.88,10.54,2.9,0.0,417.6,Clay loam
38.0,36.0,25.0,8.02,17.61,0.8,12.3,531.3,Sandy clay loam
51.0,14.0,35.0,6.08,14.21,1.3,5.5,68.8,Loam
6.0,54.0,40.0,7.32,12.43,1.6,4.9,380.4,Silty clay
67.0,6.0,27.0,5.47,12.84,1.1,25.4,204.5,Loam
13.0,42.0,45.0,7.78,17.0,1.3,9.5,472.4,Silty clay
24.0,15.0,61.0,4.84,45.2,4.3,10.5,74.4,Silt loam
44.0,6.0,50.0,6.02,23.3,1.6,4.3,37.8,Silt loam
46.0,10.0,44.0,4.36,14.95,1.8,25.2,85.9,Loam
28.0,13.0,58.0,7.05,119.4,6.5,92.0,220.9,Silt loam
36.0,9.0,55.0,5.88,28.8,7.0,5.4,251.8,Silt loam
58.0,16.0,26.0,7.72,15.73,1.6,22.5,324.7,Loam
29.0,15.0,56.0,5.0,8.68,3.6,5.6,67.3,Silt loam
7.0,60.0,33.0,7.95,19.17,1.6,9.2,495.4,Clay
15.0,36.0,50.0,7.68,27.4,2.6,5.9,353.6,Clay loam
10.0,53.0,37.0,7.79,18.93,2.0,3.9,250.9,Clay
15.0,45.0,40.0,7.7,27.3,2.0,30.1,916.3,Silty clay
6.0,47.0,47.0,8.23,16.56,0.8,6.8,314.5,Silty clay
12.0,37.0,52.0,7.03,21.1,5.5,10.5,396.0,Clay loam
14.0,37.0,49.0,7.62,18.5,1.9,4.7,228.6,Clay loam
26.0,34.0,40.0,7.52,20.5,2.7,4.7,487.1,Clay loam
26.0,26.0,48.0,7.6,23.4,2.0,34.9,731.0,Loam
41.0,10.0,49.0,6.67,40.5,2.8,9.3,55.3,Loam
34.0,15.0,51.0,5.42,14.68,7.9,11.7,192.0,Silt loam
11.0,32.0,57.0,7.6,27.3,2.0,12.1,264.8,Clay loam
53.0,9.0,38.0,4.65,20.6,3.5,24.4,68.3,Loam
39.0,11.0,49.0,6.34,9.19,2.0,6.9,23.9,Loam
25.0,20.0,55.0,6.93,31.7,9.2,22.9,463.1,Silt loam
12.0,16.0,72.0,6.42,60.5,11.4,14.6,168.1,Silt loam
46.0,17.0,37.0,4.72,15.04,1.6,7.8,98.3,Loam
11.0,30.0,60.0,7.04,24.0,3.1,3.5,102.8,Clay loam
15.0,42.0,44.0,7.0,13.5,1.7,5.7,197.3,Silty clay
50.0,26.0,24.0,6.9,24.9,1.1,45.0,488.3,Sandy loam
8.0,36.0,56.0,7.81,15.95,1.5,4.1,161.1,Clay loam
49.0,11.0,40.0,7.58,40.6,4.8,20.9,107.6,Loam
30.0,23.0,47.0,7.6,44.9,1.5,161.4,251.9,Loam
33.0,17.0,50.0,7.05,149.9,11.2,22.2,639.5,Silt loam
45.0,10.0,45.0,6.64,24.3,2.9,6.6,55.1,Loam
46.0,10.0,45.0,4.38,7.05,2.8,15.4,24.1,Loam
34.0,14.0,52.0,7.57,36.1,2.0,8.2,11.9,Silt loam
23.0,13.0,63.0,6.38,59.7,5.4,42.5,105.3,Silt loam
32.0,14.0,54.0,5.5,11.77,1.8,8.2,50.5,Silt loam
42.0,13.0,45.0,5.84,13.05,1.4,7.9,31.0,Loam
37.0,13.0,50.0,5.1,15.12,1.8,12.3,23.2,Silt loam
13.0,25.0,63.0,6.11,13.76,1.0,45.9,67.6,Silt loam
26.0,17.0,57.0,7.87,14.83,1.2,6.5,26.8,Silt loam
9.0,43.0,49.0,7.91,20.6,1.3,9.2,162.0,Silty clay
25.0,15.0,60.0,5.84,34.1,4.2,19.0,41.1,Silt loam
20.0,27.0,53.0,7.14,54.8,2.3,12.7,161.2,Clay loam
43.0,18.0,39.0,7.67,29.0,1.9,15.4,177.4,Loam
9.0,37.0,53.0,7.82,21.6,1.4,7.7,120.2,Clay loam
23.0,20.0,57.0,6.7,36.4,2.2,6.6,42.4,Silt loam
13.0,26.0,61.0,6.57,23.2,2.3,0.0,46.8,Silt loam
15.0,21.0,64.0,5.79,43.4,3.5,8.6,64.1,Silt loam
21.0,22.0,58.0,5.82,28.1,1.6,6.0,22.8,Silt loam
25.0,19.0,57.0,8.13,18.98,1.1,12.6,152.8,Silt loam
18.0,23.0,59.0,7.4,37.4,3.3,7.8,232.0,Silt loam
10.0,28.0,62.0,7.5,38.7,1.8,8.3,188.4,Clay loam
51.0,8.0,41.0,4.11,38.3,9.2,52.8,161.4,Loam
31.0,25.0,44.0,6.13,8.4,2.3,36.6,228.4,Loam
36.0,21.0,43.0,4.88,5.62,1.2,0.0,112.7,Loam
10.0,36.0,54.0,7.71,18.69,1.9,30.6,321.4,Clay loam
47.0,16.0,38.0,5.59,16.02,1.4,7.6,120.1,Loam
29.0,30.0,41.0,7.75,18.62,2.5,74.1,399.6,Clay loam
2.0,46.0,52.0,7.9,15.92,2.1,22.5,201.4,Silty clay
13.0,31.0,56.0,8.11,18.04,1.6,30.9,208.2,Clay loam
2.0,50.0,47.0,8.08,19.5,2.2,20.4,299.0,Silty clay
50.0,6.0,44.0,7.22,50.2,2.5,20.2,24.6,Loam
46.0,15.0,38.0,7.5,23.7,2.6,179.0,241.6,Loam
14.0,24.0,62.0,6.56,37.6,3.6,9.4,63.9,Silt loam
19.0,17.0,64.0,4.46,30.0,3.6,14.1,49.5,Silt loam
53.0,9.0,38.0,7.72,81.3,3.7,30.0,98.1,Loam
19.0,24.0,57.0,7.46,59.2,5.1,7.1,262.6,Silt loam
40.0,9.0,51.0,7.2,79.1,9.6,13.2,148.2,Silt loam
45.0,10.0,45.0,8.25,22.7,1.0,0.0,22.2,Loam
51.0,10.0,40.0,7.9,22.7,1.6,45.3,56.7,Loam
23.0,17.0,60.0,6.15,28.1,2.2,7.7,30.9,Silt loam
38.0,10.0,52.0,4.78,25.9,3.1,12.4,45.7,Silt loam
47.0,8.0,45.0,4.51,22.4,3.2,8.5,34.1,Loam
17.0,31.0,52.0,7.73,18.92,2.4,62.1,311.7,Clay loam
43.0,14.0,43.0,7.18,78.8,6.1,14.8,88.5,Loam
11.0,33.0,56.0,6.36,89.2,6.2,9.0,368.2,Clay loam
22.0,20.0,58.0,6.92,132.3,7.9,10.6,228.9,Silt loam
54.0,5.0,40.0,4.53,137.7,20.5,167.1,439.4,Loam
17.0,17.0,66.0,7.22,94.6,5.5,9.5,49.7,Silt loam
18.0,22.0,60.0,7.03,67.4,4.1,10.0,230.8,Silt loam
30.0,20.0,50.0,7.45,52.8,3.5,115.1,528.0,Silt loam
55.0,6.0,40.0,4.79,405.0,23.6,165.2,575.6,Loam
12.0,37.0,51.0,7.71,35.1,1.9,28.0,226.7,Clay loam
51.0,18.0,31.0,7.45,32.5,1.7,50.0,245.2,Loam
15.0,28.0,57.0,7.82,32.1,1.6,6.8,94.2,Clay loam
14.0,27.0,59.0,4.68,84.7,5.2,13.5,168.1,Clay loam
47.0,16.0,38.0,7.4,58.1,3.2,10.3,109.2,Loam
26.0,15.0,59.0,7.24,58.8,4.4,8.6,53.3,Silt loam
6.0,23.0,71.0,4.9,34.3,5.3,9.1,57.9,Silt loam
34.0,18.0,47.0,8.18,21.4,1.2,21.6,59.3,Loam
42.0,12.0,46.0,7.65,54.0,2.4,7.1,57.5,Loam
33.0,12.0,55.0,7.28,54.6,3.3,11.3,84.5,Silt loam
40.0,9.0,51.0,7.37,20.2,1.5,69.4,300.2,Silt loam
51.0,9.0,40.0,6.28,126.9,10.5,47.7,348.3,Loam
36.0,17.0,46.0,7.46,67.4,2.6,76.4,380.0,Loam
23.0,25.0,53.0,4.1,24.7,2.2,14.7,62.3,Silt loam
17.0,20.0,63.0,7.96,26.0,1.3,5.3,86.3,Silt loam
19.0,29.0,52.0,7.28,26.0,4.6,9.9,456.8,Clay loam
22.0,22.0,57.0,5.17,45.2,3.9,13.8,132.5,Silt loam
17.0,21.0,63.0,6.4,78.1,7.1,6.7,111.9,Silt loam
26.0,29.0,45.0,7.69,16.6,0.7,17.8,141.3,Clay loam
24.0,18.0,58.0,6.63,138.9,7.7,16.2,299.1,Silt loam
15.0,25.0,60.0,5.39,49.3,5.5,10.1,288.3,Silt loam
20.0,22.0,58.0,3.86,26.8,5.0,15.1,52.7,Silt loam
13.0,42.0,45.0,7.58,21.6,2.0,10.1,224.7,Silty clay
6.0,45.0,50.0,8.05,18.49,1.2,5.4,137.1,Silty clay
70.0,4.0,25.0,5.47,229.0,22.9,102.5,467.3,Loamy sand
13.0,44.0,43.0,7.86,27.4,1.9,20.9,339.0,Silty clay
38.0,13.0,49.0,7.99,51.7,2.5,5.9,58.5,Loam
40.0,17.0,43.0,7.93,26.4,3.1,19.2,248.3,Loam
13.0,25.0,63.0,5.84,17.43,8.2,11.6,236.4,Silt loam
20.0,21.0,58.0,6.5,90.8,8.9,44.3,195.1,Silt loam
28.0,14.0,58.0,5.79,115.9,9.6,34.0,208.9,Silt loam
65.0,4.0,31.0,5.09,213.0,26.1,159.6,690.9,Loam
23.0,17.0,60.0,7.11,27.4,8.1,49.4,143.8,Silt loam
16.0,25.0,59.0,6.85,51.1,4.7,57.9,309.7,Silt loam
41.0,18.0,41.0,7.75,17.13,1.1,50.5,124.3,Loam
63.0,11.0,26.0,8.03,18.05,0.6,19.2,121.6,Loam
7.0,43.0,51.0,7.93,34.7,1.5,17.7,423.5,Silty clay
38.0,21.0,42.0,5.7,27.4,1.7,0.0,49.9,Loam
22.0,25.0,53.0,6.36,23.4,2.0,16.4,78.2,Silt loam
43.0,11.0,46.0,6.49,184.9,10.4,96.1,302.5,Loam
32.0,15.0,53.0,4.44,19.57,2.1,6.4,73.6,Silt loam
28.0,11.0,61.0,5.66,73.3,5.2,26.5,129.5,Silt loam
28.0,14.0,58.0,3.85,31.9,4.9,20.7,101.5,Silt loam
38.0,19.0,44.0,5.8,9.33,3.3,5.3,191.9,Loam
24.0,14.0,61.0,5.4,40.9,2.9,10.6,67.1,Silt loam
33.0,13.0,54.0,5.19,39.2,3.7,19.0,71.3,Silt loam
25.0,19.0,55.0,5.07,24.2,2.0,20.0,49.3,Silt loam
25.0,20.0,54.0,6.03,19.7,9.7,19.8,462.1,Silt loam
31.0,12.0,56.0,6.73,11.76,3.5,7.2,71.4,Silt loam
62.0,8.0,31.0,7.78,23.0,0.5,0.0,8.1,Loam
31.0,20.0,49.0,5.89,12.17,1.2,22.2,57.1,Loam
14.0,29.0,57.0,7.72,21.4,2.4,32.7,80.0,Clay loam
18.0,20.0,62.0,4.75,47.5,3.3,12.1,86.7,Silt loam
14.0,28.0,58.0,6.04,34.6,2.5,26.6,47.9,Clay loam
49.0,7.0,44.0,6.41,14.55,3.7,12.7,288.5,Loam
26.0,19.0,55.0,5.6,9.55,4.4,13.1,49.5,Silt loam
31.0,14.0,55.0,4.53,11.12,2.7,11.3,65.9,Silt loam
31.0,16.0,54.0,5.22,9.66,2.1,0.0,54.6,Silt loam
51.0,9.0,40.0,5.65,8.22,4.9,12.5,194.3,Loam
10.0,34.0,55.0,6.61,8.59,2.4,8.0,119.7,Clay loam
29.0,15.0,56.0,5.02,48.4,3.6,21.3,127.8,Silt loam
49.0,17.0,35.0,4.5,24.8,3.8,9.9,111.7,Loam
44.0,10.0,45.0,4.59,14.87,3.3,8.3,186.9,Loam
58.0,9.0,33.0,5.04,14.77,2.3,8.1,40.3,Loam
46.0,9.0,45.0,4.59,77.6,6.0,30.2,97.6,Loam
42.0,14.0,44.0,6.16,38.4,3.6,174.9,270.2,Loam
47.0,7.0,46.0,4.19,13.02,7.5,29.6,64.4,Loam
42.0,6.0,52.0,4.5,25.7,10.9,17.0,88.2,Silt loam
48.0,8.0,44.0,4.32,9.43,5.2,20.1,44.2,Loam
43.0,10.0,47.0,4.23,5.59,3.6,16.4,69.4,Loam
44.0,8.0,48.0,4.15,37.2,6.9,16.9,95.4,Loam
44.0,8.0,48.0,5.81,147.5,6.5,51.4,244.8,Loam
15.0,26.0,59.0,6.82,28.7,2.8,107.8,271.5,Silt loam
8.0,45.0,47.0,7.74,17.16,1.7,8.5,381.5,Silty clay
25.0,25.0,50.0,7.49,21.7,5.6,10.9,353.9,Silt loam
33.0,11.0,56.0,4.76,44.7,4.5,20.8,329.3,Silt loam
61.0,5.0,33.0,5.62,36.7,1.6,7.2,17.5,Loam
37.0,19.0,44.0,5.33,20.4,1.5,30.4,127.0,Loam
40.0,11.0,49.0,7.36,16.39,2.4,4.9,65.3,Loam
32.0,19.0,49.0,5.94,6.01,1.2,4.7,70.8,Loam
40.0,13.0,47.0,4.74,88.1,2.9,29.6,48.5,Loam
27.0,21.0,51.0,4.63,6.16,2.8,12.1,103.3,Silt loam
50.0,11.0,39.0,4.42,10.57,5.8,16.6,123.1,Loam
59.0,12.0,28.0,6.93,47.6,2.4,8.3,205.5,Loam
11.0,34.0,55.0,6.5,20.3,1.4,34.5,133.6,Clay loam
14.0,37.0,49.0,7.91,34.8,1.9,20.0,185.3,Clay loam
15.0,25.0,60.0,5.61,67.4,4.6,9.4,198.7,Silt loam
14.0,32.0,55.0,4.85,17.3,1.7,9.7,83.5,Clay loam
15.0,33.0,52.0,6.65,11.47,2.6,0.0,178.6,Clay loam
13.0,37.0,50.0,7.2,41.1,2.7,6.4,98.3,Clay loam
15.0,36.0,49.0,7.1,12.09,1.3,0.0,51.1,Clay loam
15.0,37.0,47.0,7.9,15.18,1.3,0.0,228.6,Clay loam
12.0,40.0,48.0,7.67,23.5,2.2,0.0,377.0,Silty clay
37.0,16.0,47.0,7.18,44.3,3.5,8.5,53.9,Loam
16.0,28.0,56.0,7.56,42.6,3.4,7.2,87.6,Clay loam
14.0,24.0,61.0,6.21,73.4,7.7,14.0,132.4,Silt loam
19.0,29.0,52.0,7.48,43.2,4.0,8.6,238.4,Clay loam
16.0,29.0,55.0,7.68,48.8,3.2,8.9,178.7,Clay loam
29.0,22.0,49.0,7.97,23.1,1.2,26.8,138.0,Loam
35.0,16.0,48.0,7.2,66.8,3.2,8.9,150.7,Loam
6.0,58.0,35.0,6.23,12.56,1.7,0.0,233.4,Clay
15.0,20.0,65.0,5.36,134.0,7.9,14.9,128.4,Silt loam
21.0,22.0,56.0,4.7,107.9,6.8,23.5,270.9,Silt loam
11.0,32.0,57.0,7.69,16.38,2.3,10.1,149.0,Clay loam
51.0,16.0,33.0,4.69,7.34,2.0,9.1,98.4,Loam
12.0,39.0,49.0,5.8,9.06,2.2,0.0,187.1,Clay loam
19.0,31.0,51.0,8.1,20.6,1.0,0.0,314.4,Clay loam
40.0,11.0,49.0,4.1,27.6,4.3,20.6,87.7,Loam
21.0,28.0,51.0,6.3,15.3,1.9,12.1,74.5,Clay loam
19.0,21.0,60.0,5.3,61.2,2.6,23.7,138.0,Silt loam
17.0,30.0,53.0,7.6,19.69,2.3,7.9,213.8,Clay loam
20.0,30.0,50.0,7.76,18.13,1.6,10.2,186.6,Clay loam
14.0,45.0,42.0,8.09,19.01,1.1,0.0,314.3,Silty clay
11.0,34.0,55.0,7.75,18.04,1.5,0.0,270.7,Clay loam
21.0,22.0,57.0,7.71,26.4,2.3,6.7,192.5,Silt loam
10.0,45.0,46.0,7.94,18.21,1.4,7.3,377.0,Silty clay
13.0,34.0,53.0,7.6,30.5,2.3,23.0,394.6,Clay loam
25.0,21.0,54.0,7.63,21.0,3.1,12.5,300.4,Silt loam
25.0,18.0,57.0,5.25,13.06,4.4,17.3,244.0,Silt loam
32.0,15.0,53.0,7.44,32.0,4.8,16.1,217.1,Silt loam
28.0,25.0,48.0,7.03,35.6,5.0,16.7,373.2,Loam
12.0,45.0,43.0,4.9,6.97,2.6,0.0,232.0,Silty clay
14.0,29.0,57.0,7.55,30.2,2.9,20.7,313.3,Clay loam
8.0,37.0,55.0,6.56,25.0,1.7,64.0,275.3,Clay loam
22.0,23.0,55.0,7.43,34.9,5.9,16.2,299.0,Silt loam
17.0,37.0,46.0,6.95,4.73,1.2,0.0,79.3,Clay loam
10.0,36.0,55.0,7.52,14.63,2.6,12.5,65.1,Clay loam
34.0,19.0,47.0,8.06,13.77,1.0,30.5,112.9,Loam
5.0,46.0,49.0,8.06,17.08,1.0,0.0,280.8,Silty clay
18.0,21.0,61.0,7.23,68.9,11.7,16.4,246.3,Silt loam
29.0,22.0,49.0,7.25,32.2,5.7,12.3,390.6,Loam
19.0,25.0,57.0,7.13,46.6,4.7,39.4,532.2,Silt loam
14.0,34.0,52.0,7.18,30.8,4.5,6.6,410.7,Clay loam
20.0,33.0,47.0,7.97,31.3,2.4,8.5,370.7,Clay loam
23.0,22.0,55.0,7.78,20.8,6.8,8.6,207.8,Silt loam
38.0,11.0,51.0,7.43,48.7,11.7,14.7,132.6,Silt loam
8.0,34.0,58.0,7.65,24.6,2.2,7.1,203.0,Clay loam
17.0,22.0,62.0,5.22,40.0,4.6,10.7,264.0,Silt loam
37.0,12.0,52.0,4.98,34.1,3.3,11.7,160.8,Silt loam
20.0,25.0,55.0,6.28,10.23,2.9,7.3,204.5,Silt loam
44.0,15.0,41.0,7.64,21.2,4.4,17.6,223.2,Loam
12.0,38.0,50.0,7.87,24.1,2.8,44.1,273.0,Clay loam
17.0,19.0,64.0,7.38,15.31,9.8,10.3,188.6,Silt loam
19.0,29.0,52.0,7.25,23.4,5.8,21.3,400.0,Clay loam
23.0,22.0,55.0,6.82,51.6,7.4,14.7,471.4,Silt loam
30.0,16.0,54.0,7.03,80.2,14.4,25.5,570.4,Silt loam
14.0,26.0,61.0,4.63,27.8,2.9,6.8,192.0,Silt loam
24.0,25.0,52.0,4.64,51.4,3.4,12.7,310.5,Silt loam
29.0,24.0,47.0,7.05,55.7,2.9,11.0,129.9,Loam
6.0,45.0,49.0,7.87,21.9,2.2,10.9,149.3,Silty clay
31.0,21.0,48.0,7.14,20.8,2.5,12.7,204.3,Loam
37.0,14.0,48.0,6.9,139.5,10.8,35.3,336.3,Loam
54.0,9.0,37.0,5.02,79.4,4.3,47.4,248.6,Loam
16.0,32.0,52.0,7.61,19.0,2.1,3.1,110.7,Clay loam
26.0,26.0,48.0,7.63,20.0,2.1,0.0,90.7,Loam
29.0,11.0,60.0,6.94,30.1,13.8,93.7,523.4,Silt loam
17.0,27.0,56.0,7.77,15.89,1.2,4.3,197.8,Clay loam
44.0,30.0,27.0,7.96,20.1,1.0,7.6,207.0,Sandy clay loam
6.0,43.0,51.0,8.03,23.0,1.2,14.3,332.9,Silty clay
36.0,30.0,34.0,7.65,17.35,1.3,7.9,292.6,Clay loam
28.0,26.0,46.0,7.86,28.6,1.7,3.1,190.4,Loam
32.0,22.0,46.0,7.47,34.5,6.3,10.2,194.7,Loam
23.0,24.0,52.0,7.31,65.7,4.8,7.5,193.2,Silt loam
28.0,20.0,51.0,7.23,55.5,7.7,53.2,415.9,Silt loam
19.0,21.0,60.0,7.87,29.2,1.7,7.3,129.5,Silt loam
21.0,27.0,52.0,7.62,28.9,4.2,7.8,204.9,Clay loam
34.0,16.0,50.0,6.84,121.5,11.2,22.9,191.2,Silt loam
22.0,23.0,55.0,6.72,87.5,7.1,11.5,370.9,Silt loam
22.0,24.0,55.0,5.07,127.2,7.3,23.4,241.5,Silt loam
22.0,24.0,54.0,5.54,108.8,8.5,188.2,251.7,Silt loam
12.0,28.0,60.0,7.0,75.2,5.7,14.9,205.5,Clay loam
22.0,17.0,61.0,6.1,136.6,12.7,31.8,256.2,Silt loam
24.0,20.0,56.0,7.32,37.4,3.5,8.0,187.5,Silt loam
18.0,33.0,48.0,5.2,18.8,8.9,30.6,310.2,Clay loam
12.0,37.0,51.0,7.03,34.1,4.2,6.0,447.0,Clay loam
37.0,27.0,36.0,6.54,7.03,0.9,9.4,134.2,Clay loam
15.0,40.0,45.0,4.55,8.22,1.6,5.6,47.2,Silty clay
47.0,20.0,34.0,7.93,17.82,1.2,20.0,242.9,Loam
23.0,20.0,56.0,6.68,36.6,3.1,7.1,236.8,Silt loam
24.0,30.0,47.0,7.56,17.0,5.0,11.9,375.3,Clay loam
10.0,37.0,53.0,7.91,21.6,1.7,23.8,613.2,Clay loam
8.0,40.0,52.0,8.2,17.46,0.9,9.8,275.2,Silty clay
14.0,36.0,50.0,7.57,16.11,1.6,6.3,282.3,Clay loam
24.0,23.0,54.0,7.38,26.6,5.1,19.4,548.5,Silt loam
20.0,23.0,57.0,7.36,19.65,3.7,7.9,300.0,Silt loam
18.0,24.0,58.0,7.33,65.1,4.8,14.3,112.0,Silt loam
16.0,39.0,46.0,7.3,21.8,2.9,9.2,570.1,Clay loam
8.0,52.0,40.0,7.94,18.0,1.6,6.8,367.3,Silty clay
45.0,26.0,29.0,7.82,24.8,1.5,5.6,125.3,Loam
44.0,11.0,45.0,4.83,92.9,6.4,25.3,265.3,Loam
28.0,30.0,42.0,7.62,35.3,2.2,6.7,199.6,Clay loam
24.0,26.0,50.0,7.46,84.0,5.8,14.8,663.4,Silt loam
8.0,56.0,36.0,7.83,28.4,2.0,8.6,330.8,Clay
52.0,10.0,38.0,7.54,38.1,4.3,13.0,127.9,Loam
45.0,21.0,34.0,6.95,34.8,1.5,8.3,329.0,Loam
23.0,14.0,63.0,6.61,55.2,9.7,10.1,310.4,Silt loam
14.0,23.0,63.0,6.18,14.5,6.9,11.3,101.3,Silt loam
42.0,13.0,45.0,7.13,71.4,3.8,12.9,165.3,Loam
24.0,23.0,53.0,7.33,40.3,4.3,11.2,239.0,Silt loam
31.0,23.0,46.0,7.38,64.7,6.4,13.3,338.6,Loam
21.0,25.0,53.0,6.08,19.2,6.3,11.4,530.7,Silt loam
31.0,37.0,32.0,8.0,15.4,0.9,6.0,173.8,Clay loam
23.0,30.0,47.0,6.02,7.53,1.7,7.3,161.9,Clay loam
33.0,12.0,55.0,6.1,37.5,2.7,6.5,55.3,Silt loam
36.0,12.0,52.0,4.48,15.32,4.4,13.3,58.1,Silt loam
14.0,26.0,60.0,3.91,31.9,3.7,8.5,100.7,Silt loam
26.0,22.0,52.0,5.06,19.82,2.4,7.8,164.2,Silt loam
20.0,44.0,36.0,7.98,16.08,1.6,10.0,249.1,Clay
20.0,28.0,52.0,6.33,19.09,2.9,0.0,158.2,Clay loam
37.0,23.0,40.0,8.69,30.0,1.2,235.6,875.1,Loam
26.0,30.0,44.0,7.74,17.2,3.2,29.8,304.0,Clay loam
19.0,28.0,52.0,7.28,40.1,4.3,11.2,331.3,Clay loam
40.0,26.0,34.0,7.61,11.83,1.2,44.6,185.9,Loam
16.0,38.0,46.0,7.88,17.4,1.4,7.7,174.0,Clay loam
14.0,26.0,60.0,7.55,33.6,5.5,8.0,188.1,Silt loam
17.0,38.0,45.0,7.88,18.43,1.5,0.0,112.8,Clay loam
40.0,19.0,40.0,7.6,17.02,1.8,34.6,498.4,Loam
9.0,43.0,49.0,8.11,32.6,1.5,14.2,399.2,Silty clay
13.0,28.0,59.0,7.77,46.6,2.2,25.7,206.8,Clay loam
17.0,29.0,54.0,7.65,22.3,2.9,6.5,119.2,Clay loam
33.0,20.0,47.0,5.84,15.27,1.3,0.0,61.3,Loam
66.0,8.0,26.0,7.33,14.31,1.5,43.5,132.7,Loam
16.0,20.0,65.0,6.42,40.4,4.7,8.1,288.2,Silt loam
20.0,22.0,57.0,7.28,20.3,3.7,24.9,103.8,Silt loam
26.0,20.0,54.0,6.0,90.3,8.4,14.9,372.9,Silt loam
24.0,20.0,56.0,5.74,67.0,6.9,12.2,124.7,Silt loam
40.0,11.0,49.0,4.13,48.7,5.0,30.2,120.9,Loam
37.0,17.0,46.0,5.18,28.3,1.9,27.0,72.9,Loam
17.0,19.0,63.0,4.09,39.9,4.3,18.1,91.2,Silt loam
44.0,10.0,46.0,4.38,85.5,5.6,59.3,242.0,Loam
35.0,13.0,52.0,7.45,44.4,2.1,28.9,107.9,Silt loam
52.0,7.0,42.0,7.27,277.0,21.3,50.3,246.2,Loam
25.0,27.0,48.0,4.93,9.51,2.0,0.0,210.0,Clay loam
31.0,18.0,51.0,4.14,15.47,1.5,0.0,75.8,Silt loam
41.0,11.0,48.0,4.6,120.3,6.7,56.0,251.9,Loam
38.0,19.0,43.0,4.91,27.9,1.6,8.2,132.6,Loam
13.0,35.0,52.0,5.07,7.44,3.3,0.0,163.6,Clay loam
15.0,33.0,52.0,7.19,39.7,4.4,6.9,255.9,Clay loam
26.0,18.0,56.0,6.38,111.3,7.9,21.0,212.8,Silt loam
16.0,28.0,56.0,7.78,17.22,1.5,0.0,174.1,Clay loam
52.0,21.0,27.0,6.87,8.32,0.6,4.5,117.1,Sandy loam
36.0,16.0,47.0,7.03,26.9,1.6,51.3,156.5,Loam
41.0,21.0,38.0,4.12,16.72,1.3,0.0,144.0,Loam
49.0,24.0,27.0,7.12,8.98,0.9,9.7,139.7,Sandy loam
61.0,9.0,30.0,4.57,14.57,4.5,31.1,98.4,Loam
66.0,7.0,27.0,4.77,9.14,1.8,9.3,193.3,Loam
77.0,6.0,18.0,5.11,5.51,1.1,7.9,72.6,Loamy sand
75.0,4.0,21.0,4.73,41.6,12.7,99.0,505.4,Loamy sand
45.0,14.0,41.0,4.78,19.0,5.2,27.8,257.0,Loam
51.0,11.0,38.0,6.44,28.6,2.1,7.1,57.5,Loam
50.0,13.0,38.0,5.79,7.98,2.7,9.7,115.8,Loam
55.0,6.0,40.0,6.52,259.0,14.1,79.3,179.2,Loam
49.0,11.0,40.0,4.46,15.62,5.0,20.0,128.4,Loam
27.0,24.0,50.0,6.56,93.3,5.2,13.1,248.0,Loam
28.0,23.0,50.0,8.06,26.4,2.4,66.5,434.3,Loam
16.0,17.0,67.0,5.67,83.3,7.3,19.9,155.9,Silt loam
10.0,27.0,63.0,4.94,67.4,5.0,11.5,135.0,Clay loam
32.0,21.0,47.0,6.98,24.6,4.0,8.4,200.9,Loam
40.0,16.0,43.0,7.38,58.0,4.7,123.2,338.5,Loam
38.0,12.0,50.0,6.46,83.7,5.9,38.3,274.6,Silt loam
23.0,22.0,55.0,6.88,72.3,6.3,15.6,182.5,Silt loam
38.0,17.0,44.0,7.6,48.2,2.4,9.8,118.6,Loam
29.0,15.0,56.0,6.68,20.0,3.5,5.4,114.7,Silt loam
20.0,23.0,57.0,7.39,17.77,2.3,7.6,224.3,Silt loam
17.0,32.0,51.0,5.73,16.92,7.4,5.6,144.1,Clay loam
36.0,18.0,46.0,7.22,59.3,3.5,7.9,143.5,Loam
18.0,30.0,52.0,6.23,15.6,2.4,57.4,543.7,Clay loam
16.0,26.0,58.0,5.57,20.8,3.0,22.9,488.1,Silt loam
68.0,12.0,20.0,4.93,9.79,1.3,33.8,94.1,Loam
43.0,21.0,36.0,5.5,6.47,1.8,9.6,102.7,Loam
21.0,25.0,53.0,7.66,21.9,2.1,6.5,108.0,Silt loam
57.0,13.0,30.0,6.14,26.4,2.2,7.5,196.5,Loam
26.0,20.0,55.0,6.2,30.7,2.2,4.3,553.0,Silt loam
61.0,11.0,28.0,6.13,10.29,2.2,85.7,266.5,Loam
37.0,20.0,43.0,6.62,15.78,2.8,112.6,1182.9,Loam
45.0,13.0,42.0,5.76,19.44,1.3,0.0,68.4,Loam
26.0,32.0,42.0,7.21,27.1,2.9,6.1,624.1,Clay loam
25.0,24.0,52.0,6.32,47.2,3.7,3.8,96.0,Silt loam
56.0,13.0,31.0,7.55,27.5,1.4,32.3,153.1,Loam
52.0,13.0,36.0,7.38,20.3,1.8,9.3,130.2,Loam
21.0,25.0,54.0,6.45,22.5,1.7,6.7,210.8,Silt loam
16.0,27.0,57.0,7.55,24.9,1.8,4.3,195.4,Clay loam
27.0,19.0,54.0,7.34,32.3,3.0,6.1,234.3,Silt loam
15.0,34.0,51.0,7.57,30.8,2.4,5.8,222.2,Clay loam
22.0,26.0,53.0,7.43,31.4,2.5,3.4,154.8,Silt loam
28.0,20.0,52.0,7.95,24.0,1.1,9.1,92.7,Silt loam
47.0,13.0,40.0,5.47,72.2,4.7,81.7,611.8,Loam
59.0,14.0,27.0,5.07,12.87,1.3,9.2,54.2,Loam
16.0,48.0,36.0,8.33,19.45,1.5,28.1,282.3,Clay
18.0,31.0,52.0,6.64,14.54,1.7,0.0,89.6,Clay loam
38.0,18.0,44.0,7.13,41.4,2.6,8.2,77.2,Loam
10.0,35.0,55.0,5.86,19.51,1.9,0.0,137.3,Clay loam
30.0,22.0,47.0,5.63,15.58,2.0,0.0,72.1,Loam
17.0,35.0,48.0,7.99,21.4,1.5,0.0,82.7,Clay loam
45.0,12.0,44.0,7.22,50.6,12.6,42.5,406.1,Loam
47.0,21.0,32.0,7.51,26.3,3.1,18.4,317.1,Loam
24.0,21.0,54.0,7.49,29.7,3.3,14.7,400.4,Silt loam
38.0,25.0,37.0,5.92,27.8,2.9,68.0,357.8,Loam
48.0,19.0,32.0,5.87,19.99,2.4,21.0,135.1,Loam
55.0,15.0,30.0,5.36,5.6,1.4,0.0,115.5,Loam
58.0,14.0,28.0,5.42,16.16,2.0,0.0,113.9,Loam
35.0,11.0,55.0,6.0,8.96,2.4,14.2,105.0,Silt loam
65.0,8.0,27.0,5.98,11.07,3.0,39.4,259.7,Loam
24.0,37.0,40.0,7.59,15.13,0.8,7.5,517.4,Clay loam
29.0,36.0,35.0,7.67,51.3,1.6,49.8,1502.4,Clay loam
35.0,14.0,51.0,6.02,10.55,3.1,15.1,271.9,Silt loam
100.0,0.0,0.0,7.4,9.27,0.1,0.0,18.1,Sand
48.0,18.0,34.0,6.2,13.49,2.4,5.6,169.4,Loam
36.0,19.0,45.0,5.03,12.63,3.4,11.2,154.9,Loam
36.0,26.0,38.0,8.1,17.05,1.3,4.6,107.2,Loam
74.0,9.0,17.0,4.38,3.78,0.5,0.0,12.6,Loamy sand
50.0,9.0,41.0,4.82,69.7,4.8,28.1,94.7,Loam
31.0,19.0,50.0,4.78,80.6,5.1,28.3,123.7,Silt loam
22.0,17.0,61.0,4.55,95.4,8.8,70.0,219.3,Silt loam
36.0,12.0,52.0,4.46,113.5,14.1,34.1,188.9,Silt loam
43.0,10.0,47.0,3.88,28.4,6.5,24.6,56.0,Loam
17.0,18.0,65.0,3.98,76.5,7.5,68.7,182.2,Silt loam
34.0,11.0,54.0,4.92,173.3,8.5,146.4,313.7,Silt loam
73.0,3.0,24.0,4.87,124.4,28.1,41.3,349.8,Loamy sand
72.0,3.0,24.0,4.46,152.4,27.3,25.5,360.9,Loamy sand
39.0,12.0,49.0,4.97,9.85,3.7,36.2,56.4,Loam
37.0,11.0,52.0,5.65,82.4,10.4,112.2,282.1,Silt loam
37.0,12.0,50.0,4.68,84.3,4.2,40.0,105.0,Silt loam
34.0,12.0,54.0,7.11,99.7,6.6,52.3,124.5,Silt loam
33.0,12.0,54.0,4.7,93.2,6.4,24.4,38.8,Silt loam
23.0,16.0,61.0,5.45,120.4,7.4,112.9,475.6,Silt loam
35.0,22.0,43.0,7.04,19.99,2.5,85.6,49.3,Loam
23.0,15.0,62.0,4.17,93.5,11.8,57.4,152.3,Silt loam
43.0,10.0,46.0,4.48,200.0,19.6,12.4,92.3,Loam
20.0,20.0,60.0,4.91,71.3,5.9,25.1,86.1,Silt loam
44.0,10.0,46.0,4.3,227.0,13.6,60.6,57.8,Loam
27.0,14.0,59.0,5.96,118.8,9.8,38.1,194.3,Silt loam
22.0,21.0,57.0,4.68,77.8,4.4,29.1,79.0,Silt loam
27.0,22.0,51.0,4.66,102.2,5.0,66.3,136.4,Silt loam
41.0,11.0,48.0,4.61,85.0,4.0,101.3,216.6,Loam
49.0,13.0,37.0,4.7,57.0,2.4,22.3,45.8,Loam
31.0,15.0,53.0,5.38,84.0,5.5,65.3,319.6,Silt loam
76.0,4.0,21.0,5.4,151.8,26.9,78.2,367.6,Loamy sand
23.0,17.0,60.0,4.8,64.4,5.8,39.4,90.5,Silt loam
67.0,6.0,27.0,3.8,120.3,10.9,33.9,110.1,Loam
83.0,4.0,13.0,5.09,32.0,24.6,44.8,246.6,Loamy sand
49.0,9.0,42.0,4.42,165.2,13.5,25.0,130.2,Loam
31.0,19.0,50.0,6.71,48.3,3.5,13.4,47.6,Silt loam
22.0,20.0,57.0,5.19,52.3,4.6,16.0,132.5,Silt loam
18.0,21.0,60.0,4.71,72.1,6.6,22.0,143.0,Silt loam
25.0,17.0,59.0,6.1,119.7,6.4,32.7,75.1,Silt loam
14.0,23.0,63.0,4.48,82.4,6.6,27.9,168.8,Silt loam
13.0,21.0,66.0,4.91,57.4,6.0,11.2,106.5,Silt loam
22.0,22.0,56.0,4.65,62.5,4.5,21.8,97.3,Silt loam
31.0,13.0,57.0,6.89,117.8,7.6,52.7,270.1,Silt loam
21.0,22.0,58.0,5.78,47.4,4.3,31.7,82.8,Silt loam
34.0,16.0,51.0,6.17,59.6,4.7,32.3,161.9,Silt loam
39.0,14.0,47.0,5.5,12.05,4.3,12.9,56.3,Loam
24.0,15.0,61.0,6.11,68.2,8.2,103.3,280.5,Silt loam
18.0,17.0,65.0,5.25,91.4,6.2,29.2,108.3,Silt loam
73.0,6.0,22.0,4.29,190.6,19.3,18.9,173.0,Loamy sand
31.0,12.0,56.0,4.48,152.6,7.1,75.5,208.8,Silt loam
61.0,8.0,32.0,4.64,171.6,18.6,31.0,235.6,Loam
35.0,11.0,54.0,6.84,74.4,6.2,106.0,200.2,Silt loam
36.0,12.0,52.0,5.44,46.1,6.0,78.8,224.7,Silt loam
23.0,18.0,59.0,6.05,67.7,5.1,48.9,82.6,Silt loam
27.0,15.0,57.0,5.68,188.1,11.0,152.3,354.7,Silt loam
42.0,22.0,36.0,6.07,18.83,1.5,29.8,158.9,Loam
25.0,16.0,59.0,4.14,104.1,6.9,32.2,177.2,Silt loam
33.0,15.0,53.0,5.1,71.5,4.1,51.5,83.8,Silt loam
29.0,12.0,59.0,4.29,67.1,4.6,28.2,80.1,Silt loam
29.0,19.0,52.0,4.73,15.21,4.9,27.7,156.4,Silt loam
30.0,18.0,51.0,7.2,64.5,3.5,95.8,80.7,Silt loam
45.0,10.0,45.0,4.25,62.1,4.4,31.4,142.8,Loam
20.0,26.0,54.0,6.04,39.5,2.1,9.7,99.7,Silt loam
64.0,8.0,29.0,4.27,124.8,11.4,56.4,252.0,Loam
35.0,18.0,47.0,5.12,90.0,4.5,53.5,137.6,Loam
40.0,11.0,48.0,5.98,193.0,14.7,33.5,46.7,Loam
29.0,10.0,61.0,5.14,149.4,22.1,32.2,107.7,Silt loam
22.0,13.0,65.0,6.75,105.8,12.8,76.1,326.0,Silt loam
41.0,11.0,48.0,6.53,34.0,6.5,67.9,252.1,Loam
42.0,12.0,46.0,4.8,72.9,4.5,41.4,172.8,Loam
28.0,20.0,53.0,5.59,82.8,4.1,18.5,97.9,Silt loam
46.0,10.0,44.0,4.2,47.6,3.1,33.0,63.8,Loam
12.0,37.0,51.0,7.58,21.2,2.2,32.7,437.6,Clay loam
6.0,44.0,50.0,6.62,17.44,2.4,15.1,247.8,Silty clay
32.0,27.0,41.0,8.21,30.0,2.7,22.8,367.2,Clay loam
19.0,29.0,52.0,7.93,19.26,1.9,7.8,157.9,Clay loam
70.0,10.0,20.0,7.77,9.6,1.0,21.9,82.0,Loamy sand
5.0,43.0,52.0,6.68,16.55,2.6,9.3,312.4,Silty clay
22.0,31.0,47.0,7.84,19.3,2.2,8.6,222.9,Clay loam
19.0,25.0,56.0,6.3,48.5,6.1,29.3,160.8,Silt loam
90.0,2.0,8.0,7.88,9.02,0.6,3.9,48.6,Sand
13.0,37.0,50.0,7.16,10.01,2.0,25.6,386.6,Clay loam
27.0,24.0,49.0,7.43,15.48,1.6,22.3,143.1,Loam
37.0,21.0,41.0,6.88,12.77,1.9,38.2,554.8,Loam
11.0,33.0,56.0,6.23,6.66,1.9,30.6,202.7,Clay loam
11.0,33.0,56.0,7.86,19.37,1.9,26.7,506.3,Clay loam
33.0,21.0,46.0,7.97,17.77,1.5,15.8,126.4,Loam
6.0,30.0,64.0,4.95,12.73,1.5,58.0,141.5,Clay loam
7.0,31.0,62.0,5.89,13.08,1.4,24.4,167.8,Clay loam
8.0,32.0,59.0,6.85,12.72,1.6,199.0,410.5,Clay loam
14.0,23.0,62.0,4.48,5.65,1.4,0.0,31.1,Silt loam
19.0,31.0,50.0,7.43,18.73,3.6,0.0,229.3,Clay loam
17.0,32.0,51.0,7.33,24.4,4.8,5.7,234.2,Clay loam
12.0,37.0,51.0,6.76,7.96,3.3,0.0,176.6,Clay loam
11.0,41.0,48.0,6.12,7.95,2.9,0.0,187.5,Silty clay
30.0,24.0,46.0,6.64,21.0,4.4,8.5,199.8,Loam
17.0,36.0,47.0,6.84,22.9,3.4,5.7,81.3,Clay loam
21.0,31.0,48.0,6.87,26.5,6.0,10.1,69.5,Clay loam
23.0,34.0,43.0,7.3,23.6,3.8,7.1,225.9,Clay loam
11.0,32.0,57.0,7.03,18.76,5.2,0.0,90.4,Clay loam
14.0,35.0,51.0,6.47,10.29,3.0,0.0,162.6,Clay loam
5.0,49.0,46.0,6.91,10.36,1.8,0.0,182.2,Silty clay
10.0,34.0,56.0,6.78,28.4,4.5,6.8,94.8,Clay loam
11.0,27.0,62.0,7.4,17.83,2.6,6.7,344.1,Clay loam
24.0,31.0,45.0,6.7,20.3,4.5,8.8,78.3,Clay loam
13.0,31.0,55.0,6.63,30.7,6.1,13.0,145.4,Clay loam
12.0,34.0,54.0,7.27,22.7,5.2,5.7,143.0,Clay loam
48.0,13.0,39.0,7.85,18.25,2.0,0.0,153.4,Loam
11.0,26.0,63.0,7.34,23.6,2.5,5.9,113.7,Silt loam
23.0,39.0,38.0,7.57,19.7,2.1,56.9,152.7,Clay loam
8.0,31.0,60.0,5.23,11.29,5.7,0.0,110.8,Clay loam
18.0,28.0,54.0,6.78,15.91,3.7,6.7,240.3,Clay loam
36.0,21.0,43.0,7.51,23.8,2.7,0.0,191.0,Loam
13.0,34.0,53.0,7.09,21.9,4.7,6.0,448.2,Clay loam
24.0,30.0,46.0,7.71,22.7,3.2,6.5,377.5,Clay loam
10.0,37.0,54.0,7.4,19.33,4.1,5.7,548.3,Clay loam
12.0,39.0,49.0,7.34,16.64,3.4,0.0,223.2,Clay loam
23.0,25.0,52.0,7.1,27.8,4.1,6.8,254.9,Silt loam
14.0,25.0,61.0,6.18,16.87,4.7,7.0,263.4,Silt loam
27.0,18.0,55.0,7.0,89.5,8.0,15.8,243.9,Silt loam
8.0,34.0,58.0,6.16,12.15,5.9,0.0,139.9,Clay loam
39.0,11.0,50.0,7.15,61.6,5.9,9.1,64.9,Silt loam
12.0,35.0,53.0,6.19,12.68,3.4,0.0,226.7,Clay loam
16.0,22.0,62.0,5.56,14.9,5.1,10.5,72.6,Silt loam
15.0,31.0,54.0,5.94,15.74,5.0,6.8,247.2,Clay loam
25.0,18.0,57.0,6.53,37.7,8.6,18.1,224.1,Silt loam
6.0,37.0,57.0,6.03,9.35,3.1,0.0,276.9,Clay loam
12.0,27.0,61.0,5.68,12.76,3.3,6.4,76.2,Clay loam
20.0,14.0,66.0,6.67,32.3,16.2,15.6,283.1,Silt loam
8.0,37.0,55.0,6.56,13.82,5.0,0.0,257.0,Clay loam
9.0,28.0,63.0,4.89,12.06,4.2,8.5,95.6,Clay loam
12.0,35.0,53.0,5.37,16.52,3.1,6.6,84.9,Clay loam
10.0,27.0,64.0,6.1,31.3,1.3,38.4,153.2,Silt loam
10.0,35.0,55.0,4.76,6.48,2.3,0.0,61.4,Clay loam
9.0,31.0,60.0,4.95,11.24,3.1,0.0,88.3,Clay loam
11.0,22.0,67.0,4.38,24.8,3.0,28.0,70.0,Silt loam
5.0,33.0,62.0,7.99,17.55,1.4,73.1,237.8,Clay loam
13.0,22.0,65.0,5.28,7.84,1.2,49.3,89.6,Silt loam
8.0,42.0,50.0,5.02,45.4,5.0,18.1,191.9,Silty clay
5.0,46.0,49.0,7.48,17.05,2.4,24.3,109.9,Silty clay
6.0,37.0,57.0,6.11,10.16,1.9,0.0,254.1,Clay loam
32.0,20.0,48.0,4.63,27.8,2.5,17.0,119.6,Loam
11.0,31.0,57.0,7.19,12.73,2.6,6.3,192.3,Clay loam
10.0,40.0,49.0,6.42,6.18,1.8,5.7,113.5,Silty clay
10.0,38.0,52.0,7.29,21.1,4.7,0.0,308.9,Clay loam
14.0,24.0,62.0,4.72,23.5,1.8,6.0,57.7,Silt loam
14.0,19.0,67.0,5.65,68.1,5.5,33.0,87.3,Silt loam
6.0,25.0,69.0,4.69,31.4,1.9,16.2,73.8,Silt loam
7.0,36.0,57.0,6.3,35.2,3.5,18.6,169.9,Clay loam
9.0,31.0,60.0,5.8,20.2,1.4,48.6,152.7,Clay loam
9.0,34.0,57.0,4.2,18.94,1.9,6.4,190.0,Clay loam
29.0,27.0,44.0,6.46,11.06,2.1,6.1,243.3,Clay loam
26.0,25.0,48.0,4.43,15.94,1.5,7.1,129.0,Loam
10.0,24.0,65.0,4.38,21.6,2.1,7.7,90.3,Silt loam
10.0,26.0,64.0,5.97,42.1,5.4,8.0,130.1,Silt loam
8.0,30.0,62.0,5.54,19.81,2.2,4.2,74.3,Clay loam
10.0,26.0,65.0,4.03,6.54,1.8,0.0,231.4,Silt loam
12.0,30.0,58.0,5.5,5.78,2.2,0.0,36.3,Clay loam
6.0,30.0,65.0,5.69,14.67,3.5,0.0,102.5,Clay loam
12.0,34.0,54.0,6.42,6.46,2.9,0.0,54.9,Clay loam
31.0,17.0,52.0,7.22,22.2,1.8,32.9,107.1,Silt loam
11.0,21.0,68.0,6.09,31.2,2.9,84.9,37.1,Silt loam
27.0,19.0,53.0,4.45,30.4,2.2,7.7,197.9,Silt loam
11.0,23.0,66.0,5.33,10.12,1.0,22.6,71.4,Silt loam
10.0,37.0,53.0,5.53,7.5,3.4,0.0,63.9,Clay loam
15.0,23.0,61.0,5.38,8.32,1.6,35.2,97.4,Silt loam
8.0,23.0,69.0,5.56,11.01,3.2,11.5,93.1,Silt loam
9.0,40.0,50.0,7.31,21.1,3.6,6.0,253.8,Silty clay
8.0,33.0,58.0,7.62,26.5,2.4,9.7,151.4,Clay loam
9.0,38.0,54.0,7.37,25.2,3.5,0.0,378.4,Clay loam
8.0,38.0,54.0,7.7,20.2,2.2,23.3,244.5,Clay loam
5.0,38.0,56.0,7.55,27.5,3.5,13.5,184.2,Clay loam
6.0,29.0,65.0,6.44,10.92,2.5,29.6,112.3,Clay loam
12.0,28.0,60.0,7.7,26.4,2.1,28.5,98.1,Clay loam
13.0,25.0,61.0,5.9,10.85,2.9,10.9,59.8,Silt loam
27.0,15.0,58.0,4.83,22.3,3.1,11.5,45.5,Silt loam
20.0,20.0,60.0,4.67,6.59,1.2,5.8,79.7,Silt loam
8.0,41.0,51.0,7.54,20.2,2.2,10.8,326.7,Silty clay
20.0,20.0,60.0,4.66,6.37,1.1,0.0,46.2,Silt loam
8.0,37.0,55.0,6.09,7.91,2.3,22.6,62.9,Clay loam
10.0,28.0,63.0,4.54,5.68,1.3,0.0,64.9,Clay loam
51.0,18.0,31.0,4.85,5.14,0.8,0.0,34.3,Loam
35.0,14.0,51.0,5.48,26.4,11.1,26.9,157.1,Silt loam
10.0,38.0,52.0,7.2,33.9,3.1,10.9,240.1,Clay loam
17.0,31.0,52.0,7.49,26.0,3.2,0.0,212.0,Clay loam
9.0,39.0,52.0,6.57,15.69,2.0,0.0,88.2,Clay loam
21.0,23.0,56.0,5.96,13.85,3.5,9.5,47.2,Silt loam
27.0,26.0,48.0,7.6,23.0,2.3,0.0,112.8,Loam
8.0,35.0,57.0,7.15,21.6,3.1,0.0,95.7,Clay loam
13.0,19.0,68.0,7.07,84.1,8.7,13.7,131.9,Silt loam
33.0,17.0,50.0,4.83,21.0,3.3,10.3,42.6,Silt loam
8.0,40.0,52.0,5.54,16.09,3.8,0.0,99.1,Silty clay
9.0,40.0,51.0,6.96,23.3,2.8,0.0,163.8,Silty clay
16.0,24.0,60.0,6.39,17.04,1.4,8.6,58.3,Silt loam
5.0,43.0,52.0,6.4,27.9,4.0,11.8,181.2,Silty clay
11.0,26.0,64.0,6.67,15.86,2.1,0.0,45.9,Silt loam
31.0,18.0,50.0,4.3,6.2,1.3,0.0,59.7,Silt loam
7.0,31.0,62.0,6.52,15.01,3.5,9.0,102.3,Clay loam
10.0,23.0,67.0,6.74,26.0,6.0,8.3,127.3,Silt loam
40.0,10.0,51.0,4.48,77.9,9.5,51.1,140.2,Silt loam
51.0,11.0,38.0,4.7,5.07,2.7,5.0,53.2,Loam
28.0,14.0,58.0,5.61,85.0,6.3,18.7,276.4,Silt loam
48.0,10.0,42.0,4.84,8.2,5.1,16.3,122.2,Loam
43.0,9.0,47.0,5.16,15.56,9.5,20.4,288.3,Loam
41.0,11.0,48.0,5.04,18.1,2.8,23.0,375.9,Loam
33.0,16.0,50.0,4.11,14.94,4.0,15.0,108.0,Silt loam
42.0,14.0,44.0,4.24,16.89,4.7,9.6,115.1,Loam
44.0,12.0,44.0,4.82,11.09,2.3,62.6,158.2,Loam
48.0,8.0,45.0,4.98,8.66,4.5,90.1,209.0,Loam
65.0,7.0,28.0,4.79,20.7,21.6,78.9,288.8,Loam
40.0,12.0,48.0,4.53,39.8,5.7,34.3,285.5,Loam
42.0,7.0,50.0,5.53,12.45,11.7,20.9,273.8,Silt loam
36.0,14.0,50.0,4.68,13.25,3.6,13.6,87.7,Silt loam
52.0,11.0,37.0,4.24,11.98,6.1,22.2,155.8,Loam
18.0,29.0,53.0,7.36,38.6,4.5,23.3,590.1,Clay loam
27.0,13.0,60.0,5.52,9.61,4.6,12.7,251.8,Silt loam
18.0,32.0,51.0,7.14,21.0,4.2,10.3,527.6,Clay loam
11.0,41.0,49.0,7.4,31.1,3.1,27.8,626.0,Silty clay
43.0,12.0,44.0,4.68,10.91,4.9,24.4,150.5,Loam
51.0,8.0,41.0,4.5,16.14,6.3,26.9,94.6,Loam
19.0,18.0,63.0,4.45,35.2,6.1,58.4,121.8,Silt loam
34.0,15.0,51.0,4.25,27.6,4.0,23.9,116.1,Silt loam
65.0,7.0,28.0,3.92,17.12,6.7,40.7,173.1,Loam
53.0,10.0,37.0,4.18,23.9,4.1,26.6,121.6,Loam
45.0,11.0,44.0,4.09,39.0,8.1,41.1,237.1,Loam
36.0,11.0,53.0,5.13,16.62,7.4,31.0,492.4,Silt loam
53.0,9.0,38.0,3.69,14.21,4.9,42.5,97.9,Loam
25.0,13.0,62.0,4.62,42.1,9.0,32.9,210.5,Silt loam
54.0,10.0,36.0,4.28,20.7,6.4,62.7,154.2,Loam
23.0,17.0,60.0,7.23,52.0,5.5,12.8,366.3,Silt loam
52.0,9.0,39.0,4.2,16.42,6.1,44.5,236.3,Loam
49.0,8.0,43.0,4.0,24.0,8.0,75.5,212.6,Loam
69.0,8.0,24.0,4.53,9.2,2.7,24.4,136.3,Loam
50.0,8.0,41.0,4.28,38.3,3.9,29.7,111.3,Loam
33.0,21.0,46.0,5.9,19.76,2.9,5.0,283.8,Loam
19.0,20.0,61.0,4.99,44.9,7.2,37.9,175.5,Silt loam
55.0,7.0,39.0,4.09,16.75,5.8,30.6,56.0,Loam
44.0,18.0,39.0,5.0,7.18,2.6,9.5,265.6,Loam
57.0,8.0,34.0,5.81,13.74,5.4,15.3,317.7,Loam
20.0,30.0,50.0,6.8,19.86,5.9,6.3,564.3,Clay loam
18.0,19.0,63.0,6.85,31.4,13.9,9.7,230.7,Silt loam
64.0,4.0,32.0,4.02,24.4,6.3,41.8,189.9,Loam
26.0,25.0,49.0,7.41,28.3,2.1,15.1,759.8,Loam
29.0,25.0,46.0,7.51,19.39,1.8,6.1,156.5,Loam
46.0,12.0,42.0,7.36,20.9,4.4,20.4,215.8,Loam
46.0,9.0,45.0,4.57,24.1,6.2,37.7,143.6,Loam
47.0,8.0,45.0,6.17,308.0,22.4,125.5,1111.3,Loam
34.0,18.0,48.0,7.3,18.39,2.8,36.4,129.7,Loam
25.0,24.0,50.0,4.93,7.5,3.3,8.4,175.9,Silt loam
34.0,16.0,50.0,6.54,12.39,2.6,7.5,63.3,Silt loam
16.0,33.0,51.0,4.56,35.1,3.7,10.4,165.8,Clay loam
21.0,27.0,52.0,5.06,26.5,3.1,25.4,76.0,Clay loam
28.0,26.0,46.0,7.75,30.2,2.4,5.3,179.0,Loam
39.0,19.0,41.0,7.22,35.4,5.3,8.3,258.1,Loam
29.0,23.0,48.0,4.84,13.57,4.0,9.8,128.0,Loam
77.0,7.0,16.0,5.44,6.68,0.8,0.0,41.4,Loamy sand
46.0,9.0,45.0,6.93,73.9,6.3,17.0,90.1,Loam
29.0,23.0,49.0,7.11,20.7,4.8,9.8,105.9,Loam
21.0,20.0,59.0,4.32,17.3,5.6,25.9,102.9,Silt loam
33.0,14.0,53.0,6.67,93.7,6.1,18.5,211.1,Silt loam
13.0,30.0,57.0,4.58,13.35,3.0,7.5,50.3,Clay loam
21.0,21.0,58.0,5.63,29.3,5.6,14.0,75.9,Silt loam
12.0,27.0,61.0,5.32,11.27,5.8,18.6,170.5,Clay loam
42.0,7.0,51.0,3.89,41.0,13.1,65.8,239.3,Silt loam
31.0,18.0,52.0,5.97,25.5,3.3,9.5,158.1,Silt loam
14.0,33.0,53.0,7.24,37.1,4.0,10.1,176.3,Clay loam
25.0,20.0,55.0,7.15,24.3,6.4,7.6,167.0,Silt loam
15.0,31.0,55.0,5.24,48.0,5.0,11.5,122.1,Clay loam
20.0,35.0,45.0,5.44,5.83,3.2,5.6,193.2,Clay loam
28.0,16.0,55.0,5.01,26.8,9.7,31.8,234.4,Silt loam
21.0,32.0,47.0,6.25,16.88,2.9,7.3,364.7,Clay loam
20.0,35.0,45.0,7.48,18.43,2.5,0.0,421.7,Clay loam
31.0,22.0,46.0,7.36,29.3,4.3,7.4,216.8,Loam
9.0,41.0,51.0,7.57,28.7,4.1,8.0,112.8,Silty clay
29.0,28.0,44.0,7.43,15.48,2.5,6.7,101.6,Clay loam
33.0,23.0,44.0,7.75,23.8,2.2,13.0,47.5,Loam
41.0,20.0,39.0,7.92,19.8,1.0,0.0,92.9,Loam
21.0,28.0,52.0,7.46,12.51,2.8,4.7,37.5,Clay loam
13.0,39.0,49.0,7.54,16.06,3.1,5.9,138.1,Clay loam
26.0,19.0,55.0,4.22,17.19,2.9,15.3,58.3,Silt loam
11.0,36.0,53.0,5.67,40.8,4.9,13.3,188.4,Clay loam
61.0,12.0,27.0,4.36,10.8,1.4,9.9,67.4,Loam
33.0,19.0,47.0,7.56,23.1,2.8,6.1,52.0,Loam
31.0,15.0,54.0,5.98,78.6,5.7,43.7,429.0,Silt loam
33.0,25.0,42.0,7.52,36.4,2.6,8.0,106.8,Loam
28.0,20.0,51.0,7.42,31.7,2.9,5.3,29.6,Silt loam
24.0,23.0,53.0,7.3,42.7,3.4,9.1,298.0,Silt loam
27.0,25.0,48.0,4.46,11.27,2.5,5.8,73.7,Loam
22.0,25.0,53.0,6.1,35.9,4.0,8.9,188.2,Silt loam
16.0,21.0,63.0,6.01,52.1,5.5,7.6,103.6,Silt loam
32.0,12.0,56.0,5.42,93.8,9.2,70.6,186.5,Silt loam
21.0,24.0,55.0,7.52,27.2,3.1,7.5,96.7,Silt loam
24.0,25.0,51.0,5.92,7.86,2.4,8.3,126.4,Silt loam
47.0,11.0,42.0,4.7,9.35,4.1,15.4,78.6,Loam
44.0,15.0,41.0,6.17,7.68,1.7,9.1,155.0,Loam
40.0,18.0,42.0,6.96,15.13,2.1,9.2,198.2,Loam
43.0,12.0,45.0,6.91,46.1,10.3,62.0,401.5,Loam
26.0,26.0,48.0,4.55,31.1,3.7,15.7,299.8,Loam
33.0,20.0,47.0,4.45,10.49,3.4,13.4,93.3,Loam
23.0,20.0,57.0,5.04,8.34,6.4,26.7,161.7,Silt loam
24.0,21.0,55.0,4.92,23.3,3.7,11.7,129.2,Silt loam
42.0,12.0,46.0,5.14,16.78,6.0,9.9,38.6,Loam
54.0,10.0,36.0,4.32,11.05,4.1,25.8,136.4,Loam
14.0,22.0,64.0,7.4,39.1,3.7,7.2,131.0,Silt loam
35.0,18.0,47.0,6.03,13.14,1.9,0.0,112.5,Loam
30.0,22.0,48.0,6.55,23.9,2.7,0.0,52.9,Loam
26.0,24.0,50.0,7.48,18.16,2.3,4.4,89.7,Silt loam
12.0,22.0,66.0,7.35,67.7,5.7,12.1,62.5,Silt loam
27.0,17.0,56.0,5.7,26.2,6.3,24.7,382.8,Silt loam
64.0,10.0,27.0,8.07,41.4,0.8,0.0,58.9,Loam
43.0,12.0,45.0,4.79,14.42,1.8,75.2,116.6,Loam
11.0,25.0,64.0,5.0,37.5,4.1,25.0,179.5,Silt loam
47.0,10.0,43.0,5.68,10.12,4.1,29.3,321.8,Loam
51.0,9.0,40.0,4.71,33.3,5.4,20.7,118.9,Loam
53.0,8.0,39.0,6.38,14.28,4.5,12.0,151.4,Loam
36.0,19.0,45.0,6.46,35.4,6.0,11.5,205.1,Loam
42.0,18.0,40.0,5.43,7.97,2.5,16.2,203.7,Loam
42.0,8.0,51.0,4.5,130.5,14.7,41.9,190.8,Silt loam
22.0,19.0,59.0,5.1,30.7,4.5,28.9,121.6,Silt loam
25.0,19.0,56.0,5.41,27.7,4.7,39.9,145.1,Silt loam
30.0,10.0,59.0,4.14,57.3,8.5,28.2,326.6,Silt loam
23.0,11.0,66.0,4.79,47.8,10.8,26.1,122.9,Silt loam
26.0,11.0,64.0,5.33,54.6,11.9,23.6,265.6,Silt loam
36.0,8.0,56.0,4.39,97.5,15.9,31.2,254.3,Silt loam
32.0,9.0,59.0,4.3,61.2,14.4,33.3,134.7,Silt loam
23.0,11.0,65.0,4.42,68.7,13.0,24.1,246.3,Silt loam
30.0,9.0,61.0,5.5,70.2,15.4,19.3,203.7,Silt loam
9.0,39.0,51.0,7.35,19.79,4.3,21.1,235.3,Clay loam
13.0,32.0,55.0,6.12,26.4,2.8,8.0,62.3,Clay loam
57.0,7.0,37.0,5.85,11.63,7.6,21.5,315.6,Loam
41.0,10.0,49.0,4.96,16.55,16.2,31.1,250.4,Loam
28.0,15.0,58.0,5.47,12.62,8.3,13.5,259.3,Silt loam
42.0,10.0,49.0,5.33,12.71,6.2,49.2,234.8,Loam
19.0,14.0,66.0,5.6,16.74,10.4,15.0,479.5,Silt loam
33.0,9.0,57.0,4.77,37.8,11.4,17.3,141.8,Silt loam
19.0,12.0,68.0,5.32,54.3,13.0,25.2,230.4,Silt loam
19.0,13.0,68.0,4.89,59.2,9.8,25.2,190.7,Silt loam
29.0,13.0,57.0,5.27,31.3,6.5,12.6,128.6,Silt loam
32.0,11.0,57.0,5.09,21.0,9.5,27.5,132.3,Silt loam
30.0,12.0,58.0,5.23,18.32,9.6,19.8,248.1,Silt loam
41.0,7.0,52.0,4.64,24.2,13.0,31.8,152.5,Silt loam
39.0,8.0,53.0,5.3,14.59,10.3,37.6,251.0,Silt loam
39.0,13.0,48.0,4.27,22.1,4.4,15.9,84.6,Loam
53.0,15.0,32.0,4.82,8.88,1.9,20.8,120.5,Loam
49.0,9.0,42.0,5.73,15.89,3.7,67.7,335.4,Loam
34.0,16.0,50.0,6.03,36.2,3.9,22.8,323.4,Silt loam
31.0,17.0,53.0,5.28,18.67,5.1,19.5,176.0,Silt loam
21.0,19.0,59.0,5.92,11.84,4.8,15.1,201.6,Silt loam
18.0,19.0,63.0,5.94,10.08,4.5,27.2,136.7,Silt loam
20.0,14.0,66.0,4.0,49.9,9.4,61.7,233.6,Silt loam
45.0,7.0,48.0,5.57,14.35,11.1,17.8,124.8,Loam
36.0,14.0,50.0,4.63,12.33,4.3,16.0,127.9,Silt loam
22.0,20.0,57.0,5.89,33.3,4.2,37.4,151.4,Silt loam
19.0,19.0,61.0,5.35,45.5,4.0,15.8,438.7,Silt loam
29.0,10.0,61.0,5.25,34.2,9.0,10.5,150.0,Silt loam
34.0,9.0,56.0,5.24,34.9,7.0,12.1,208.7,Silt loam
69.0,5.0,26.0,5.0,36.5,15.5,29.6,113.5,Loam
41.0,12.0,47.0,5.45,12.28,3.7,11.5,140.6,Loam
15.0,32.0,54.0,8.11,12.37,1.7,0.0,68.6,Clay loam
51.0,11.0,38.0,4.42,14.95,2.9,32.2,104.4,Loam
52.0,12.0,36.0,4.6,6.21,2.7,8.4,49.6,Loam
52.0,9.0,39.0,5.69,26.8,3.9,23.9,133.1,Loam
55.0,8.0,37.0,3.83,13.67,4.4,20.7,81.3,Loam
51.0,9.0,40.0,4.08,19.01,4.3,32.1,93.6,Loam
44.0,12.0,45.0,4.81,17.38,3.8,22.5,92.1,Loam
53.0,8.0,39.0,4.13,14.84,4.3,9.3,85.1,Loam
35.0,17.0,48.0,6.66,41.2,9.1,45.6,379.9,Loam
3.0,37.0,60.0,8.25,12.05,1.0,0.0,58.4,Clay loam
28.0,14.0,58.0,5.02,100.2,8.2,33.4,343.6,Silt loam
21.0,22.0,57.0,7.71,30.9,2.1,6.9,49.7,Silt loam
44.0,14.0,41.0,4.82,26.1,4.6,48.5,208.8,Loam
25.0,20.0,55.0,7.35,41.9,5.9,12.8,170.6,Silt loam
19.0,26.0,54.0,7.59,18.92,2.1,6.5,168.4,Silt loam
27.0,24.0,49.0,6.28,91.6,7.6,15.6,249.8,Loam
28.0,26.0,46.0,7.6,25.9,4.1,8.9,170.5,Loam
8.0,34.0,58.0,7.85,24.7,2.1,0.0,33.7,Clay loam
18.0,21.0,61.0,7.27,64.6,6.8,20.3,119.3,Silt loam
26.0,19.0,55.0,7.24,61.8,5.4,7.7,74.8,Silt loam
22.0,18.0,60.0,7.06,115.4,10.2,85.4,265.0,Silt loam
29.0,25.0,46.0,7.32,36.0,4.0,12.2,335.3,Loam
16.0,22.0,63.0,6.47,28.3,7.5,24.6,479.9,Silt loam
20.0,30.0,50.0,7.15,36.5,5.3,9.8,251.1,Clay loam
61.0,8.0,31.0,4.63,9.72,2.2,17.9,65.5,Loam
38.0,11.0,51.0,7.07,58.8,16.4,37.9,413.0,Silt loam
27.0,19.0,54.0,7.0,39.0,6.6,13.6,446.5,Silt loam
16.0,41.0,43.0,7.54,13.55,1.6,5.2,96.2,Silty clay
23.0,21.0,56.0,6.92,24.3,5.0,35.5,232.8,Silt loam
30.0,18.0,52.0,6.31,15.93,3.5,8.1,165.4,Silt loam
60.0,6.0,34.0,5.08,11.84,5.9,41.4,139.3,Loam
63.0,8.0,29.0,7.04,13.34,4.5,17.0,194.4,Loam
33.0,15.0,53.0,4.52,14.7,4.1,27.8,226.7,Silt loam
14.0,28.0,57.0,6.09,16.35,5.5,22.0,241.5,Clay loam
64.0,6.0,30.0,4.5,44.0,4.9,38.8,179.8,Loam
47.0,10.0,43.0,4.61,57.1,4.1,27.5,153.2,Loam
61.0,7.0,32.0,5.05,8.75,3.3,13.0,141.8,Loam
33.0,15.0,52.0,5.89,21.2,4.4,8.5,88.4,Silt loam
70.0,4.0,26.0,4.77,55.1,15.3,105.4,517.3,Loamy sand
49.0,11.0,40.0,4.46,10.55,4.7,21.0,69.4,Loam
43.0,14.0,43.0,4.7,14.31,3.6,20.7,214.7,Loam
55.0,8.0,37.0,4.65,15.57,3.7,17.5,80.4,Loam
63.0,7.0,30.0,3.88,16.19,5.2,33.1,86.1,Loam
53.0,10.0,37.0,4.13,14.98,5.3,16.4,53.9,Loam
40.0,12.0,48.0,3.87,35.7,5.3,41.2,111.4,Loam
42.0,10.0,48.0,5.64,171.6,11.6,54.6,436.8,Loam
20.0,22.0,58.0,7.02,82.5,8.0,24.3,595.0,Silt loam
26.0,21.0,53.0,6.67,33.2,8.0,12.3,189.8,Silt loam
57.0,8.0,35.0,5.76,66.0,15.8,34.1,268.3,Loam
20.0,26.0,55.0,5.87,62.3,10.3,10.9,273.1,Silt loam
13.0,26.0,61.0,5.57,18.81,5.6,28.3,768.5,Silt loam
40.0,17.0,43.0,5.13,7.05,2.6,12.9,118.1,Loam
29.0,23.0,48.0,7.4,26.6,2.3,4.8,196.3,Loam
37.0,16.0,47.0,3.97,9.45,4.1,31.4,66.8,Loam
60.0,8.0,32.0,5.59,18.44,1.9,34.1,68.5,Loam
56.0,7.0,37.0,4.47,132.3,13.9,45.6,199.4,Loam
14.0,48.0,38.0,7.9,16.75,1.1,0.0,176.3,Clay
27.0,22.0,50.0,7.17,86.4,5.4,112.0,584.5,Silt loam
81.0,3.0,16.0,5.45,62.2,16.8,87.6,858.6,Loamy sand
23.0,19.0,58.0,6.99,100.9,4.9,63.2,441.1,Silt loam
13.0,26.0,62.0,6.82,54.7,5.2,8.5,142.9,Silt loam
49.0,9.0,42.0,6.91,128.5,11.1,60.0,427.2,Loam
35.0,12.0,53.0,7.28,77.6,6.5,19.4,82.0,Silt loam
20.0,23.0,56.0,7.51,38.0,3.1,13.4,113.5,Silt loam
15.0,33.0,51.0,7.56,36.6,3.2,7.6,133.2,Clay loam
22.0,23.0,55.0,6.47,41.5,3.3,13.5,111.1,Silt loam
63.0,5.0,32.0,4.0,30.8,12.8,27.0,330.7,Loam
48.0,9.0,42.0,4.73,8.96,5.2,78.0,195.9,Loam
60.0,11.0,29.0,5.21,7.3,2.5,62.9,283.2,Loam
47.0,11.0,42.0,4.76,5.96,3.4,73.1,113.7,Loam
39.0,17.0,44.0,4.46,7.1,2.9,52.3,118.9,Loam
56.0,10.0,33.0,4.62,4.47,1.5,7.8,110.3,Loam
58.0,6.0,36.0,5.26,6.75,3.4,14.5,113.7,Loam
34.0,22.0,45.0,6.23,8.29,1.9,36.4,820.9,Loam
45.0,14.0,41.0,5.5,26.9,1.9,31.3,298.7,Loam
56.0,8.0,36.0,4.19,11.48,1.8,7.5,50.7,Loam
14.0,27.0,59.0,7.33,55.7,7.4,8.9,195.8,Clay loam
19.0,21.0,60.0,5.87,32.1,3.9,8.5,71.4,Silt loam
49.0,13.0,38.0,6.42,117.8,12.3,23.5,159.3,Loam
56.0,8.0,36.0,5.87,27.9,2.7,36.2,705.6,Loam
39.0,14.0,47.0,4.8,9.37,3.5,8.5,114.3,Loam
56.0,6.0,38.0,3.62,33.4,17.3,149.2,329.1,Loam
45.0,10.0,45.0,4.76,13.13,4.9,30.5,125.1,Loam
45.0,13.0,42.0,3.99,12.76,3.0,68.4,69.8,Loam
61.0,7.0,31.0,4.24,41.7,8.1,107.1,879.9,Loam
14.0,26.0,59.0,5.78,11.98,5.1,10.0,223.8,Silt loam
48.0,12.0,40.0,4.25,20.9,3.2,16.6,102.2,Loam
22.0,20.0,59.0,5.2,102.0,8.1,16.3,192.1,Silt loam
25.0,19.0,56.0,7.18,36.8,5.0,7.5,345.5,Silt loam
37.0,13.0,51.0,6.3,58.1,11.4,21.0,419.5,Silt loam
39.0,14.0,47.0,7.05,40.3,10.0,19.2,207.3,Loam
65.0,6.0,28.0,4.71,24.0,12.0,39.0,226.0,Loam
12.0,27.0,60.0,5.23,26.4,4.8,7.2,218.3,Clay loam
32.0,16.0,52.0,5.18,95.7,8.3,20.3,172.4,Silt loam
43.0,13.0,44.0,5.09,133.8,14.0,40.4,408.7,Loam
34.0,16.0,50.0,5.2,120.2,10.4,27.7,237.1,Silt loam
47.0,10.0,43.0,6.73,24.9,1.9,9.4,84.3,Loam
25.0,17.0,58.0,6.38,67.4,5.3,14.7,84.2,Silt loam
53.0,12.0,35.0,5.1,7.6,2.3,7.8,50.1,Loam
30.0,24.0,45.0,7.5,22.7,3.4,7.2,351.9,Loam
32.0,21.0,47.0,6.94,35.6,2.7,6.2,113.9,Loam
16.0,25.0,59.0,5.4,45.6,5.4,10.6,138.6,Silt loam
15.0,38.0,47.0,7.41,24.5,3.3,7.4,439.3,Clay loam
27.0,27.0,47.0,7.4,22.1,2.9,7.2,265.9,Loam
70.0,5.0,25.0,5.08,18.76,4.1,11.5,181.4,Loamy sand
70.0,9.0,21.0,6.49,7.0,1.4,6.7,126.1,Loamy sand
76.0,6.0,18.0,5.23,3.78,0.7,0.0,29.1,Loamy sand
41.0,12.0,47.0,7.3,74.0,3.9,18.8,73.2,Loam
48.0,20.0,32.0,7.98,13.8,1.2,41.9,591.0,Loam
38.0,17.0,45.0,6.34,18.89,6.9,27.5,195.0,Loam
36.0,28.0,36.0,7.48,14.38,2.0,41.3,434.1,Clay loam
26.0,19.0,55.0,6.28,100.5,12.5,14.1,358.9,Silt loam
18.0,22.0,60.0,6.67,68.5,7.3,109.3,858.9,Silt loam
25.0,25.0,50.0,6.14,19.32,1.8,31.9,398.3,Silt loam
30.0,14.0,56.0,6.05,52.9,5.3,26.4,380.5,Silt loam
63.0,6.0,31.0,3.68,21.5,7.6,34.6,104.2,Loam
39.0,14.0,47.0,5.07,39.4,3.4,22.6,302.9,Loam
24.0,23.0,54.0,5.59,25.9,4.0,10.1,130.9,Silt loam
14.0,25.0,60.0,4.75,58.2,5.5,6.3,126.6,Silt loam
21.0,22.0,57.0,7.31,18.63,4.8,11.6,417.8,Silt loam
16.0,30.0,53.0,5.32,45.2,7.9,8.4,244.5,Clay loam
42.0,26.0,31.0,8.0,13.76,0.9,7.8,86.1,Loam
41.0,17.0,42.0,7.28,17.29,2.6,9.8,200.7,Loam
57.0,12.0,30.0,7.84,9.73,0.8,17.7,155.9,Loam
31.0,10.0,59.0,3.82,25.0,8.9,55.5,80.9,Silt loam
57.0,15.0,29.0,7.93,11.4,0.6,15.8,95.7,Loam
58.0,10.0,33.0,6.74,14.38,3.9,10.6,215.0,Loam
35.0,10.0,55.0,4.56,60.4,11.0,29.8,377.4,Silt loam
66.0,10.0,24.0,6.22,6.06,1.3,9.7,104.2,Loam
33.0,22.0,45.0,7.3,23.3,4.5,13.3,374.1,Loam
13.0,26.0,61.0,6.43,50.7,6.9,14.5,382.3,Silt loam
24.0,22.0,53.0,7.27,16.76,3.1,6.8,220.9,Silt loam
37.0,16.0,47.0,7.07,100.2,8.5,63.6,415.0,Loam
47.0,13.0,40.0,4.93,40.6,2.8,51.0,213.3,Loam
33.0,9.0,58.0,5.1,6.31,3.3,11.6,57.2,Silt loam
37.0,8.0,54.0,5.62,9.78,3.4,14.3,114.6,Silt loam
41.0,14.0,45.0,4.79,14.1,8.8,23.8,135.4,Loam
21.0,19.0,60.0,5.45,32.1,9.4,28.5,442.5,Silt loam
20.0,23.0,57.0,7.27,35.1,3.7,11.2,90.4,Silt loam
21.0,26.0,53.0,5.94,11.41,4.1,8.1,98.7,Silt loam
25.0,14.0,61.0,6.9,27.0,2.8,5.7,95.2,Silt loam
55.0,9.0,36.0,5.96,11.09,3.4,4.9,75.6,Loam
52.0,7.0,41.0,5.78,18.07,1.3,0.0,47.3,Loam
32.0,11.0,57.0,5.19,8.81,7.4,11.2,222.2,Silt loam
41.0,10.0,49.0,7.04,31.9,7.8,41.3,197.5,Loam
29.0,13.0,57.0,4.44,35.3,8.6,25.8,205.8,Silt loam
19.0,27.0,54.0,7.13,38.4,7.3,10.1,378.8,Clay loam
37.0,11.0,51.0,4.47,30.0,5.9,16.7,61.1,Silt loam
22.0,23.0,54.0,7.15,23.3,3.7,9.7,282.0,Silt loam
36.0,21.0,43.0,4.57,18.14,2.1,4.8,101.5,Loam
49.0,10.0,41.0,5.62,39.0,4.8,20.5,337.8,Loam
31.0,15.0,54.0,4.56,39.5,4.9,23.7,109.0,Silt loam
24.0,22.0,54.0,6.39,57.1,8.3,10.8,177.6,Silt loam
14.0,26.0,59.0,7.11,66.7,8.9,12.6,224.8,Silt loam
32.0,12.0,56.0,4.94,108.9,11.1,36.4,427.6,Silt loam
38.0,10.0,52.0,4.48,90.5,12.8,27.9,106.2,Silt loam
51.0,7.0,42.0,4.79,75.8,18.4,54.9,182.2,Loam
44.0,17.0,39.0,5.02,4.02,0.5,0.0,83.1,Loam
36.0,11.0,53.0,5.79,36.0,4.8,12.6,132.0,Silt loam
76.0,4.0,20.0,5.1,33.2,2.7,31.2,61.0,Loamy sand
29.0,13.0,57.0,4.8,62.2,6.9,24.8,146.0,Silt loam
47.0,7.0,45.0,4.58,102.1,18.8,36.1,230.2,Loam
44.0,11.0,45.0,4.24,24.7,2.8,25.2,75.9,Loam
44.0,8.0,48.0,4.84,64.7,10.2,20.6,175.8,Loam
49.0,8.0,43.0,4.94,40.6,7.9,53.0,225.5,Loam
53.0,6.0,40.0,4.53,80.8,12.8,26.9,356.8,Loam
57.0,9.0,34.0,7.52,43.5,3.1,256.1,1319.4,Loam
62.0,7.0,32.0,4.67,5.79,4.2,16.9,94.4,Loam
34.0,10.0,56.0,4.8,93.5,12.4,35.2,219.6,Silt loam
47.0,13.0,40.0,5.08,9.53,2.4,10.7,100.8,Loam
46.0,21.0,33.0,6.54,20.8,7.2,28.7,224.9,Loam
32.0,19.0,50.0,5.45,107.2,10.9,21.4,346.5,Loam
24.0,18.0,58.0,7.49,36.3,5.4,12.6,126.3,Silt loam
38.0,12.0,50.0,6.86,88.4,9.1,15.7,297.9,Silt loam
23.0,20.0,56.0,7.49,49.6,4.8,8.0,105.6,Silt loam
38.0,15.0,48.0,5.74,28.4,4.4,11.0,239.7,Loam
44.0,7.0,49.0,4.25,133.4,12.2,21.4,480.7,Loam
41.0,11.0,48.0,6.47,37.0,5.9,15.7,265.2,Loam
26.0,24.0,50.0,7.1,45.6,7.7,11.5,516.1,Silt loam
20.0,27.0,54.0,6.69,22.8,5.1,9.9,314.1,Silt loam
34.0,18.0,47.0,6.15,88.4,8.3,16.4,427.3,Loam
38.0,15.0,47.0,4.56,32.8,4.2,24.1,212.4,Loam
30.0,13.0,58.0,4.0,68.7,8.1,46.8,175.2,Silt loam
21.0,15.0,64.0,5.08,32.6,6.3,35.2,65.9,Silt loam
18.0,23.0,58.0,5.94,47.7,5.8,27.5,109.1,Silt loam
86.0,4.0,10.0,5.87,3.7,0.9,0.0,38.9,Sand
58.0,11.0,30.0,6.34,4.63,1.3,0.0,64.5,Loam
55.0,16.0,29.0,6.62,6.99,1.7,7.1,181.4,Loam
41.0,11.0,48.0,7.18,39.0,8.4,18.4,506.5,Loam
26.0,25.0,50.0,7.04,24.1,5.6,9.7,302.3,Loam
66.0,9.0,25.0,4.19,6.41,1.9,51.6,73.8,Loam
57.0,6.0,37.0,4.92,11.99,5.1,20.7,150.6,Loam
36.0,20.0,44.0,4.63,10.63,2.8,39.2,250.8,Loam
38.0,13.0,49.0,5.18,26.9,5.8,58.0,224.2,Loam
48.0,12.0,40.0,4.83,14.65,5.5,42.3,142.5,Loam
63.0,10.0,28.0,4.5,8.3,3.9,43.7,91.9,Loam
52.0,12.0,36.0,6.47,23.9,3.2,75.1,398.5,Loam
71.0,5.0,24.0,4.34,5.01,3.2,41.7,66.9,Loamy sand
49.0,16.0,35.0,4.76,7.66,2.3,30.4,179.2,Loam
45.0,10.0,45.0,6.4,37.8,3.3,16.4,259.7,Loam
46.0,13.0,41.0,4.61,7.06,3.4,23.4,139.4,Loam
21.0,21.0,58.0,4.92,42.2,8.3,45.4,418.1,Silt loam
46.0,10.0,44.0,5.93,11.41,3.9,34.5,664.4,Loam
28.0,11.0,61.0,5.86,15.44,10.0,19.7,476.6,Silt loam
57.0,9.0,34.0,4.86,13.12,2.7,25.9,184.0,Loam
37.0,10.0,53.0,5.37,80.0,5.2,50.0,486.6,Silt loam
34.0,20.0,46.0,5.9,14.59,3.7,31.9,98.3,Loam
64.0,6.0,30.0,4.91,16.15,6.5,35.9,265.6,Loam
66.0,8.0,26.0,4.49,9.48,2.2,14.0,146.3,Loam
33.0,14.0,53.0,6.06,10.04,3.0,24.1,324.6,Silt loam
34.0,11.0,55.0,4.21,10.13,8.3,35.2,74.8,Silt loam
31.0,16.0,53.0,6.91,22.0,6.7,12.2,126.9,Silt loam
59.0,7.0,35.0,4.16,22.8,7.9,33.0,120.5,Loam
47.0,10.0,43.0,4.97,17.93,3.1,14.2,95.5,Loam
51.0,12.0,38.0,4.44,7.73,3.0,31.0,114.5,Loam
37.0,12.0,50.0,3.95,42.4,5.7,35.9,99.2,Silt loam
55.0,9.0,35.0,4.48,29.6,4.1,59.7,186.2,Loam
56.0,11.0,33.0,4.36,14.44,3.1,17.6,90.8,Loam
36.0,15.0,49.0,3.97,41.6,5.9,50.8,129.0,Loam
45.0,9.0,46.0,4.09,27.7,6.8,45.9,89.6,Loam
35.0,8.0,57.0,4.06,114.4,15.9,68.3,220.1,Silt loam
48.0,11.0,42.0,5.63,8.93,5.0,19.0,310.6,Loam
49.0,13.0,38.0,4.42,5.32,2.6,9.2,44.0,Loam
20.0,32.0,48.0,7.58,24.5,3.1,7.5,110.6,Clay loam
29.0,21.0,49.0,4.97,31.5,3.2,10.3,117.2,Loam
19.0,25.0,56.0,4.86,58.6,5.6,21.3,211.2,Silt loam
22.0,30.0,48.0,5.21,7.75,2.0,0.0,95.3,Clay loam
20.0,28.0,52.0,5.75,8.16,5.6,5.2,92.1,Clay loam
13.0,30.0,58.0,7.21,48.6,6.0,9.9,149.9,Clay loam
55.0,11.0,34.0,5.43,8.52,2.7,9.5,164.2,Loam
57.0,8.0,34.0,6.79,16.6,3.8,13.7,86.3,Loam
33.0,14.0,53.0,5.04,11.49,7.5,19.7,191.7,Silt loam
24.0,18.0,58.0,6.25,14.83,4.0,17.4,99.0,Silt loam
19.0,25.0,56.0,5.24,81.8,5.3,25.4,106.0,Silt loam
35.0,14.0,51.0,5.38,8.19,5.3,15.4,165.3,Silt loam
71.0,5.0,23.0,4.89,3.22,0.6,16.7,25.4,Loamy sand
49.0,12.0,39.0,4.38,7.57,1.3,39.0,34.4,Loam
56.0,5.0,39.0,5.33,7.46,2.7,18.5,48.6,Loam
70.0,5.0,25.0,4.72,2.85,0.7,19.9,18.4,Loamy sand
52.0,6.0,42.0,4.57,3.55,0.9,42.6,25.0,Loam
55.0,6.0,39.0,4.28,3.13,0.8,5.8,16.8,Loam
86.0,3.0,11.0,4.61,2.12,0.4,5.2,14.4,Sand
49.0,16.0,35.0,4.63,2.77,0.7,0.0,22.6,Loam
75.0,4.0,21.0,4.27,3.49,1.1,0.0,17.6,Loamy sand
83.0,4.0,13.0,5.12,3.52,0.6,0.0,14.1,Loamy sand
71.0,4.0,26.0,5.2,8.36,1.1,10.4,27.1,Loamy sand
83.0,2.0,15.0,4.03,3.67,0.6,0.0,10.8,Loamy sand
84.0,2.0,14.0,4.31,11.96,0.7,6.1,23.9,Loamy sand
26.0,19.0,54.0,4.21,18.66,2.6,9.2,55.6,Silt loam
70.0,6.0,24.0,4.37,3.86,0.4,10.5,25.5,Loamy sand
35.0,11.0,53.0,5.11,3.04,0.5,9.1,21.1,Silt loam
74.0,5.0,21.0,4.47,3.08,0.6,8.9,16.1,Loamy sand
70.0,5.0,24.0,4.34,3.94,0.9,5.3,21.5,Loamy sand
66.0,5.0,29.0,4.57,7.87,1.4,8.0,42.7,Loam
66.0,5.0,29.0,3.98,11.17,4.1,9.3,99.5,Loam
69.0,5.0,26.0,4.67,5.33,1.2,7.7,26.8,Loam
52.0,6.0,42.0,4.2,15.48,10.1,17.3,40.7,Loam
59.0,6.0,35.0,4.29,3.14,0.6,9.6,17.3,Loam
87.0,2.0,10.0,4.58,2.26,0.6,0.0,13.7,Sand
64.0,7.0,29.0,4.35,9.65,2.0,19.9,53.9,Loam
72.0,5.0,23.0,4.49,77.4,4.5,93.8,123.7,Loamy sand
54.0,8.0,38.0,5.24,2.67,0.8,0.0,17.0,Loam
42.0,6.0,52.0,4.07,48.0,23.1,30.9,23.4,Silt loam
74.0,5.0,21.0,4.31,13.19,0.8,22.9,34.2,Loamy sand
67.0,8.0,25.0,4.69,3.4,0.7,6.3,21.4,Loam
69.0,5.0,25.0,4.43,3.36,0.5,30.3,14.7,Loam
86.0,3.0,12.0,4.45,2.13,0.4,5.2,9.8,Sand
60.0,8.0,32.0,4.57,3.13,1.0,0.0,16.8,Loam
72.0,4.0,24.0,4.04,5.58,1.2,31.1,55.6,Loamy sand
72.0,6.0,21.0,4.36,3.37,0.4,0.0,15.0,Loamy sand
87.0,2.0,11.0,4.32,2.8,0.4,5.8,42.1,Sand
82.0,3.0,15.0,4.04,3.18,0.8,12.1,34.0,Loamy sand
79.0,3.0,17.0,4.62,3.17,0.6,0.0,19.3,Loamy sand
58.0,8.0,34.0,4.36,3.41,0.8,10.4,24.0,Loam
72.0,5.0,23.0,4.67,2.49,0.5,11.3,12.9,Loamy sand
25.0,12.0,63.0,4.44,47.6,9.2,33.8,62.8,Silt loam
73.0,4.0,23.0,4.21,4.18,1.0,11.2,28.4,Loamy sand
63.0,5.0,32.0,4.13,25.1,17.8,48.9,200.8,Loam
49.0,13.0,38.0,4.5,4.85,1.4,13.1,45.2,Loam
73.0,4.0,23.0,4.43,7.04,1.2,18.8,61.8,Loamy sand
69.0,6.0,25.0,4.26,4.0,0.7,13.5,20.6,Loam
60.0,5.0,35.0,4.48,117.8,10.9,77.1,82.7,Loam
51.0,6.0,43.0,4.28,94.2,10.9,53.9,343.1,Loam
73.0,4.0,23.0,4.27,2.97,0.7,5.8,15.8,Loamy sand
17.0,24.0,59.0,4.69,17.2,2.8,14.5,35.6,Silt loam
27.0,18.0,55.0,4.32,38.1,4.6,23.9,119.5,Silt loam
35.0,7.0,58.0,5.04,85.8,7.3,29.2,53.5,Silt loam
61.0,4.0,35.0,4.37,10.44,1.6,15.8,35.4,Loam
63.0,5.0,32.0,4.05,7.3,1.3,11.3,54.8,Loam
78.0,3.0,19.0,4.64,24.1,2.9,34.7,66.2,Loamy sand
67.0,5.0,28.0,4.64,4.27,1.1,5.8,38.7,Loam
72.0,5.0,23.0,4.69,2.97,0.8,8.7,20.1,Loamy sand
66.0,6.0,29.0,4.3,11.54,0.9,8.4,30.8,Loam
76.0,3.0,21.0,4.46,4.81,0.7,11.8,44.3,Loamy sand
84.0,2.0,14.0,4.08,4.18,0.6,0.0,15.8,Loamy sand
81.0,3.0,16.0,4.11,2.67,0.5,0.0,19.2,Loamy sand
66.0,5.0,29.0,4.6,9.07,2.8,172.3,44.7,Loam
53.0,8.0,40.0,4.99,22.2,2.2,62.7,51.4,Loam
51.0,9.0,40.0,4.89,4.78,1.6,5.0,48.4,Loam
77.0,4.0,19.0,4.55,2.42,0.5,12.9,22.3,Loamy sand
75.0,4.0,21.0,4.84,3.67,1.1,13.6,59.3,Loamy sand
74.0,3.0,23.0,4.38,240.2,24.9,53.7,89.8,Loamy sand
60.0,10.0,30.0,4.03,7.3,2.5,6.8,53.7,Loam
77.0,3.0,20.0,4.42,53.8,32.3,58.9,173.2,Loamy sand
83.0,3.0,15.0,4.93,3.06,0.4,20.3,28.0,Loamy sand
82.0,3.0,15.0,3.99,5.64,1.0,16.4,42.8,Loamy sand
87.0,2.0,11.0,4.69,6.5,1.2,7.8,28.6,Sand
13.0,23.0,64.0,4.55,15.03,1.6,40.5,63.4,Silt loam
74.0,6.0,20.0,4.76,3.54,1.1,8.2,21.0,Loamy sand
54.0,14.0,32.0,4.34,4.22,1.0,25.7,26.5,Loam
67.0,5.0,28.0,4.06,4.09,1.2,5.5,27.6,Loam
78.0,4.0,17.0,4.74,2.76,0.9,0.0,18.6,Loamy sand
39.0,8.0,52.0,4.16,5.2,1.1,10.5,38.4,Silt loam
36.0,11.0,53.0,4.8,4.25,0.8,0.0,14.9,Silt loam
60.0,8.0,32.0,4.89,3.06,0.8,0.0,18.0,Loam
77.0,5.0,18.0,4.57,5.7,0.5,0.0,15.2,Loamy sand
87.0,3.0,11.0,4.55,2.4,0.4,0.0,13.6,Sand
100.0,0.0,0.0,6.02,3.51,0.1,0.0,28.1,Sand
76.0,4.0,20.0,4.69,3.73,0.5,0.0,11.0,Loamy sand
43.0,11.0,46.0,5.77,22.6,4.1,7.4,98.5,Loam
59.0,7.0,34.0,4.91,6.48,2.1,0.0,44.5,Loam
68.0,6.0,26.0,4.45,3.72,0.8,115.5,32.8,Loam
63.0,7.0,30.0,4.15,8.04,1.1,6.7,15.1,Loam
48.0,7.0,45.0,4.85,42.6,10.2,80.3,173.3,Loam
65.0,8.0,27.0,4.6,3.58,0.9,8.9,27.6,Loam
72.0,6.0,22.0,5.16,4.23,0.5,0.0,16.2,Loamy sand
66.0,7.0,28.0,4.44,3.02,0.6,0.0,15.7,Loam
72.0,7.0,21.0,4.33,3.05,0.4,0.0,14.1,Loamy sand
75.0,5.0,20.0,4.85,2.59,0.5,0.0,16.9,Loamy sand
71.0,6.0,23.0,4.21,4.65,0.6,12.1,24.4,Loamy sand
59.0,9.0,31.0,4.4,5.09,0.7,0.0,29.7,Loam
80.0,5.0,16.0,4.41,2.66,0.5,0.0,22.3,Loamy sand
51.0,9.0,40.0,4.26,8.55,2.2,0.0,49.4,Loam
66.0,6.0,28.0,4.52,4.22,1.1,0.0,36.6,Loam
39.0,24.0,37.0,4.4,6.71,2.3,48.3,92.4,Loam
60.0,8.0,32.0,4.39,5.33,1.7,7.0,82.8,Loam
66.0,6.0,28.0,4.51,6.6,1.3,0.0,28.7,Loam
68.0,6.0,26.0,4.4,3.02,0.8,6.7,30.2,Loam
63.0,8.0,29.0,4.74,8.33,2.2,31.7,59.1,Loam
60.0,6.0,34.0,4.23,4.63,0.7,20.7,20.9,Loam
76.0,4.0,21.0,4.28,4.8,0.7,15.4,24.6,Loamy sand
96.0,1.0,3.0,4.8,2.09,0.4,9.7,12.6,Sand
53.0,10.0,37.0,4.46,3.97,1.0,0.0,24.4,Loam
93.0,2.0,6.0,4.62,2.15,0.3,6.4,14.0,Sand
80.0,5.0,15.0,4.73,2.86,0.4,5.6,21.5,Loamy sand
77.0,5.0,18.0,4.65,3.82,1.1,0.0,39.8,Loamy sand
79.0,4.0,18.0,5.54,6.57,0.6,0.0,16.2,Loamy sand
60.0,8.0,33.0,4.93,2.49,0.6,0.0,39.0,Loam
70.0,6.0,24.0,4.19,13.05,0.9,0.0,42.2,Loamy sand
71.0,6.0,22.0,4.81,3.1,0.5,0.0,18.9,Loamy sand
61.0,7.0,32.0,4.77,3.25,0.7,0.0,16.6,Loam
66.0,7.0,27.0,4.57,6.53,0.7,0.0,22.6,Loam
74.0,4.0,22.0,4.66,2.73,0.5,33.8,29.5,Loamy sand
71.0,5.0,23.0,4.76,3.27,0.6,30.5,27.7,Loamy sand
35.0,24.0,41.0,5.68,26.9,2.1,35.6,107.0,Loam
49.0,21.0,30.0,4.62,12.62,1.2,26.4,76.4,Loam
35.0,30.0,35.0,4.39,19.76,2.1,46.0,141.0,Clay loam
20.0,36.0,44.0,7.88,16.56,1.6,12.1,315.6,Clay loam
27.0,28.0,45.0,7.57,89.8,2.0,59.2,862.5,Clay loam
18.0,41.0,41.0,8.29,18.53,0.8,10.6,198.2,Silty clay
23.0,38.0,39.0,7.9,19.89,1.7,12.4,192.8,Clay loam
22.0,27.0,52.0,8.24,15.25,0.8,9.4,449.7,Silt loam
39.0,18.0,42.0,7.63,26.4,2.8,56.1,463.3,Loam
36.0,24.0,40.0,7.67,42.5,1.8,9.3,173.4,Loam
64.0,14.0,22.0,6.54,21.3,1.1,0.0,83.6,Loam
20.0,45.0,35.0,7.96,14.46,1.1,24.9,361.4,Clay
36.0,34.0,30.0,7.71,26.1,1.0,16.0,378.2,Clay loam
32.0,28.0,40.0,7.7,23.6,1.4,35.7,199.5,Clay loam
21.0,36.0,43.0,7.75,39.8,2.1,66.0,513.4,Clay loam
42.0,28.0,30.0,7.89,14.44,1.1,31.8,261.1,Clay loam
69.0,16.0,15.0,5.68,8.39,0.6,60.9,112.9,Loam
53.0,16.0,31.0,6.13,7.86,0.7,62.5,234.7,Loam
21.0,32.0,47.0,7.9,20.0,1.9,12.4,122.3,Clay loam
30.0,21.0,49.0,5.6,6.25,0.7,0.0,97.0,Loam
77.0,6.0,18.0,5.52,4.14,1.4,15.8,95.1,Loamy sand
70.0,8.0,22.0,6.03,4.18,1.4,16.6,119.3,Loamy sand
51.0,15.0,34.0,5.43,3.22,1.3,6.6,66.8,Loam
62.0,8.0,30.0,5.83,7.37,3.3,23.3,285.2,Loam
31.0,17.0,52.0,4.91,6.92,0.8,26.4,76.6,Silt loam
40.0,16.0,44.0,7.31,22.0,3.1,309.2,758.6,Loam
67.0,9.0,24.0,6.45,5.58,1.3,12.5,282.7,Loam
80.0,7.0,13.0,6.1,3.93,0.6,26.0,98.1,Loamy sand
34.0,18.0,48.0,5.92,10.44,1.1,38.8,207.5,Loam
29.0,30.0,41.0,7.79,34.0,1.8,32.3,158.5,Clay loam
59.0,9.0,32.0,5.89,4.84,1.2,8.8,157.6,Loam
21.0,33.0,46.0,7.82,20.5,2.4,0.0,444.2,Clay loam
76.0,8.0,17.0,5.97,4.1,1.1,0.0,87.5,Loamy sand
49.0,17.0,33.0,5.79,5.87,1.2,11.0,139.3,Loam
45.0,19.0,36.0,7.6,34.4,1.3,18.0,352.5,Loam
39.0,20.0,42.0,6.63,56.0,3.7,12.7,309.3,Loam
58.0,18.0,24.0,5.5,11.81,0.8,16.9,78.7,Loam
48.0,25.0,27.0,6.64,10.68,0.9,0.0,135.4,Sandy loam
44.0,18.0,38.0,6.71,35.5,1.7,79.4,415.4,Loam
46.0,22.0,32.0,6.94,26.0,1.9,50.6,440.4,Loam
16.0,31.0,53.0,6.7,17.07,2.3,0.0,123.8,Clay loam
71.0,10.0,19.0,5.9,6.19,0.7,15.9,161.4,Loamy sand
43.0,24.0,34.0,5.9,3.63,1.1,0.0,57.4,Loam
51.0,13.0,36.0,6.95,39.6,6.1,13.6,387.9,Loam
53.0,18.0,29.0,6.19,5.07,1.1,0.0,221.2,Loam
53.0,13.0,34.0,6.5,4.03,0.3,6.8,160.1,Loam
31.0,24.0,44.0,5.75,4.2,2.3,0.0,106.3,Loam
41.0,22.0,38.0,5.38,3.84,1.5,0.0,54.7,Loam
32.0,29.0,39.0,5.56,7.68,2.3,9.2,109.3,Clay loam
94.0,1.0,4.0,5.77,3.14,0.3,0.0,82.4,Sand
92.0,2.0,6.0,5.94,3.37,0.4,0.0,93.7,Sand
27.0,19.0,54.0,5.33,3.97,1.3,6.4,35.9,Silt loam
24.0,23.0,53.0,5.23,4.42,2.0,0.0,76.0,Silt loam
18.0,35.0,46.0,5.48,5.27,1.9,0.0,59.1,Clay loam
20.0,27.0,53.0,4.64,4.68,1.1,0.0,36.3,Clay loam
22.0,32.0,46.0,5.37,6.53,2.3,22.5,73.7,Clay loam
44.0,20.0,36.0,5.22,3.78,1.5,8.3,145.5,Loam
48.0,23.0,29.0,5.38,5.36,1.2,0.0,57.8,Loam
15.0,34.0,51.0,5.6,4.95,2.8,0.0,162.5,Clay loam
22.0,25.0,53.0,4.55,3.69,2.3,0.0,73.3,Silt loam
51.0,16.0,33.0,4.29,7.21,1.8,13.8,70.1,Loam
41.0,9.0,50.0,5.85,14.05,7.4,29.9,104.4,Silt loam
42.0,18.0,40.0,5.69,7.72,2.7,44.7,306.4,Loam
13.0,33.0,53.0,4.92,4.67,1.3,0.0,144.0,Clay loam
36.0,16.0,48.0,7.7,20.1,3.6,11.2,248.7,Loam
74.0,6.0,20.0,5.46,3.88,1.9,10.4,140.7,Loamy sand
24.0,24.0,52.0,7.85,14.47,1.9,0.0,121.3,Silt loam
83.0,3.0,14.0,5.84,4.23,0.9,10.6,94.7,Loamy sand
25.0,28.0,47.0,6.78,13.03,2.1,0.0,174.3,Clay loam
11.0,42.0,47.0,8.11,12.99,1.2,0.0,104.7,Silty clay
25.0,22.0,53.0,7.3,32.2,6.8,11.4,215.0,Silt loam
62.0,12.0,26.0,6.87,12.88,2.1,10.7,194.2,Loam
31.0,15.0,54.0,7.6,39.3,8.9,14.6,423.5,Silt loam
26.0,35.0,40.0,7.68,30.4,1.6,36.3,573.4,Clay loam
45.0,15.0,40.0,5.59,5.97,2.0,7.0,63.1,Loam
33.0,30.0,38.0,7.87,14.5,1.6,9.7,474.1,Clay loam
63.0,12.0,25.0,5.56,9.15,1.0,55.7,167.7,Loam
74.0,9.0,17.0,7.58,14.55,0.5,0.0,97.3,Loamy sand
68.0,11.0,21.0,6.48,5.3,0.7,0.0,53.8,Loam
77.0,6.0,17.0,6.45,7.99,1.0,0.0,58.6,Loamy sand
24.0,30.0,46.0,7.69,19.03,1.6,0.0,443.2,Clay loam
23.0,25.0,52.0,7.67,25.9,3.4,6.8,368.1,Silt loam
42.0,23.0,35.0,8.06,13.65,0.7,0.0,184.8,Loam
23.0,28.0,49.0,7.91,18.59,3.4,29.0,352.7,Clay loam
29.0,35.0,36.0,5.22,6.9,1.4,0.0,104.3,Clay loam
33.0,32.0,35.0,4.83,4.49,1.1,0.0,40.2,Clay loam
30.0,24.0,46.0,7.56,40.3,3.8,8.9,277.9,Loam
78.0,6.0,15.0,5.24,2.09,0.6,12.0,55.4,Loamy sand
55.0,10.0,35.0,5.82,7.36,3.1,24.2,186.1,Loam
67.0,8.0,26.0,5.64,17.81,1.2,11.3,63.9,Loam
79.0,5.0,16.0,5.76,3.33,0.5,14.2,148.8,Loamy sand
81.0,4.0,15.0,5.84,3.38,0.6,11.2,145.3,Loamy sand
77.0,5.0,18.0,5.91,3.07,0.6,0.0,55.6,Loamy sand
66.0,6.0,28.0,5.69,4.66,2.0,0.0,82.3,Loam
75.0,6.0,19.0,6.17,5.34,1.0,18.8,149.2,Loamy sand
67.0,10.0,23.0,5.66,4.87,1.1,12.6,85.6,Loam
79.0,4.0,17.0,5.89,4.34,0.9,8.5,88.7,Loamy sand
61.0,6.0,33.0,5.8,5.87,1.3,0.0,68.2,Loam
66.0,9.0,25.0,5.57,4.22,0.9,0.0,63.0,Loam
73.0,6.0,20.0,5.42,4.0,0.9,17.8,106.3,Loamy sand
40.0,14.0,46.0,5.29,9.35,0.9,31.3,117.3,Loam
62.0,10.0,28.0,6.49,9.07,3.7,11.3,352.1,Loam
33.0,15.0,52.0,4.71,35.2,2.1,8.6,121.4,Silt loam
65.0,7.0,27.0,5.84,6.37,1.2,0.0,79.4,Loam
74.0,4.0,22.0,4.86,20.6,3.0,17.6,71.5,Loamy sand
58.0,6.0,35.0,4.25,31.4,3.8,21.4,71.3,Loam
75.0,4.0,21.0,4.25,13.65,4.7,66.2,61.0,Loamy sand
51.0,8.0,41.0,4.68,4.27,5.3,34.2,69.3,Loam
76.0,6.0,18.0,5.75,3.43,0.7,6.6,79.6,Loamy sand
75.0,8.0,17.0,6.69,4.46,0.5,7.7,79.1,Loamy sand
42.0,21.0,37.0,8.16,18.61,1.1,12.3,104.5,Loam
27.0,21.0,53.0,7.81,17.39,3.1,7.5,173.5,Silt loam
29.0,21.0,50.0,7.79,24.2,4.2,7.9,529.4,Silt loam
60.0,23.0,17.0,7.37,6.9,0.9,13.5,73.6,Sandy loam
34.0,18.0,48.0,7.56,17.12,3.7,8.7,459.7,Loam
20.0,26.0,54.0,7.98,19.28,2.7,0.0,518.1,Silt loam
23.0,30.0,48.0,7.84,22.0,3.1,10.1,561.2,Clay loam
18.0,37.0,44.0,7.75,14.15,2.8,7.9,426.9,Clay loam
46.0,23.0,31.0,7.95,17.57,0.9,11.9,258.4,Loam
66.0,8.0,26.0,5.14,3.84,1.0,10.4,74.4,Loam
23.0,16.0,61.0,7.43,19.66,6.2,13.1,311.6,Silt loam
59.0,9.0,32.0,5.5,6.41,2.3,22.9,227.4,Loam
66.0,11.0,23.0,4.54,13.41,1.1,24.9,148.2,Loam
48.0,13.0,39.0,4.95,39.9,2.8,31.6,248.4,Loam
61.0,8.0,31.0,5.9,15.0,1.3,10.2,281.4,Loam
33.0,9.0,58.0,4.87,8.92,0.8,25.9,73.2,Silt loam
72.0,8.0,20.0,5.86,7.32,0.6,0.0,111.1,Loamy sand
65.0,9.0,27.0,5.38,7.45,0.7,12.1,75.9,Loam
44.0,13.0,44.0,6.04,11.12,2.2,33.4,140.9,Loam
63.0,10.0,27.0,5.79,6.79,1.1,9.1,145.7,Loam
78.0,7.0,14.0,7.96,11.97,0.6,0.0,57.7,Loamy sand
41.0,13.0,46.0,4.7,18.06,3.3,12.5,100.1,Loam
41.0,10.0,48.0,4.01,37.3,4.4,50.6,61.9,Loam
69.0,8.0,23.0,4.61,13.91,0.9,8.5,32.8,Loam
65.0,12.0,24.0,8.02,11.15,0.5,9.7,108.3,Loam
65.0,7.0,28.0,6.06,75.8,3.4,107.3,1457.2,Loam
71.0,7.0,22.0,5.49,4.72,1.3,12.6,162.2,Loamy sand
52.0,10.0,38.0,5.78,4.09,0.8,0.0,111.2,Loam
6.0,26.0,68.0,6.05,44.2,4.5,12.2,129.4,Silt loam
61.0,6.0,32.0,4.59,53.2,2.8,16.0,60.5,Loam
72.0,9.0,19.0,5.45,4.18,1.2,0.0,103.9,Loamy sand
68.0,6.0,25.0,5.01,13.71,4.6,25.8,292.2,Loam
76.0,7.0,17.0,5.42,2.84,1.5,8.0,120.2,Loamy sand
68.0,10.0,22.0,6.21,5.55,1.0,11.1,142.4,Loam
74.0,4.0,21.0,5.95,5.01,1.9,8.0,61.9,Loamy sand
83.0,4.0,14.0,5.92,3.22,0.7,8.2,106.0,Loamy sand
30.0,16.0,55.0,5.0,6.31,3.3,54.4,160.9,Silt loam
80.0,6.0,14.0,5.94,3.91,0.6,0.0,64.6,Loamy sand
21.0,23.0,56.0,6.16,55.9,4.5,12.8,90.3,Silt loam
70.0,6.0,24.0,5.95,6.76,1.5,7.4,129.4,Loamy sand
66.0,7.0,27.0,4.96,35.8,2.0,9.7,51.6,Loam
50.0,13.0,36.0,4.68,9.57,2.5,39.1,127.9,Loam
18.0,43.0,39.0,7.69,13.58,2.1,0.0,600.6,Clay
10.0,53.0,37.0,7.93,15.69,1.3,8.5,276.6,Clay
43.0,20.0,37.0,5.73,7.1,3.4,0.0,384.0,Loam
12.0,50.0,38.0,7.8,30.6,1.2,15.3,583.8,Clay
6.0,53.0,41.0,7.88,32.8,1.7,18.4,672.1,Silty clay
45.0,23.0,33.0,6.7,17.35,2.0,0.0,302.0,Loam
42.0,30.0,29.0,6.67,133.8,1.1,8.8,199.2,Clay loam
9.0,56.0,35.0,8.01,30.8,1.4,7.3,593.1,Clay
65.0,8.0,27.0,5.51,10.06,1.7,7.5,167.1,Loam
63.0,7.0,30.0,5.07,20.2,1.6,6.9,55.1,Loam
70.0,8.0,22.0,6.0,4.57,1.2,6.8,104.8,Loamy sand
88.0,3.0,9.0,6.04,2.99,0.7,17.5,97.0,Sand
50.0,8.0,42.0,5.19,57.5,4.7,119.6,200.3,Loam
75.0,6.0,20.0,6.03,9.17,1.6,23.3,228.7,Loamy sand
62.0,11.0,28.0,4.69,19.35,2.0,7.8,89.3,Loam
57.0,12.0,31.0,4.66,16.65,2.2,12.7,129.8,Loam
72.0,8.0,20.0,4.53,16.74,1.0,18.6,98.0,Loamy sand
48.0,14.0,38.0,5.8,4.52,0.8,0.0,98.3,Loam
59.0,9.0,32.0,5.58,35.5,2.5,25.2,173.4,Loam
61.0,10.0,29.0,4.97,20.1,1.8,53.8,296.0,Loam
37.0,23.0,40.0,6.53,8.54,1.8,0.0,204.8,Loam
17.0,42.0,41.0,8.06,16.29,1.8,14.6,305.9,Silty clay
30.0,20.0,50.0,7.85,29.1,2.3,0.0,156.9,Silt loam
35.0,29.0,36.0,7.85,16.98,1.4,0.0,186.3,Clay loam
29.0,20.0,51.0,7.01,21.8,7.0,24.4,404.7,Silt loam
22.0,18.0,59.0,7.29,25.2,2.8,0.0,45.7,Silt loam
43.0,16.0,41.0,5.98,9.09,1.8,0.0,47.7,Loam
28.0,22.0,50.0,7.5,15.5,3.5,0.0,101.4,Silt loam
25.0,26.0,49.0,7.55,32.7,4.2,0.0,179.6,Loam
13.0,33.0,54.0,6.14,15.88,3.0,0.0,49.8,Clay loam
27.0,13.0,60.0,6.0,73.0,7.9,18.4,81.6,Silt loam
14.0,28.0,58.0,7.99,12.55,0.9,0.0,88.9,Clay loam
28.0,29.0,43.0,7.65,22.6,2.6,0.0,227.7,Clay loam
16.0,37.0,46.0,7.03,8.59,2.2,0.0,161.4,Clay loam
66.0,13.0,22.0,7.39,7.92,0.8,0.0,83.2,Loam
52.0,22.0,26.0,7.66,12.89,0.9,4.8,155.0,Sandy loam
26.0,23.0,52.0,8.1,15.18,0.9,0.0,146.7,Silt loam
19.0,19.0,62.0,7.44,93.8,9.7,17.8,375.5,Silt loam
42.0,30.0,29.0,8.06,20.3,1.0,8.7,220.2,Clay loam
16.0,23.0,61.0,7.89,340.0,3.5,29.1,316.2,Silt loam
56.0,20.0,24.0,8.23,16.95,0.8,11.5,119.9,Sandy loam
7.0,40.0,53.0,8.13,22.3,1.2,4.8,304.5,Silty clay
55.0,11.0,33.0,6.06,11.54,3.0,10.9,49.3,Loam
29.0,18.0,53.0,6.25,27.4,4.3,0.0,54.2,Silt loam
50.0,11.0,39.0,6.04,5.7,1.1,4.7,67.9,Loam
26.0,31.0,43.0,7.72,20.6,2.5,0.0,283.3,Clay loam
30.0,18.0,52.0,5.96,8.85,3.1,0.0,141.7,Silt loam
16.0,45.0,39.0,7.8,15.06,1.9,23.8,545.1,Clay
29.0,23.0,48.0,7.39,31.5,3.3,0.0,445.3,Loam
22.0,26.0,52.0,7.25,38.4,4.2,7.1,315.4,Silt loam
31.0,27.0,42.0,7.85,21.3,1.9,7.3,367.7,Clay loam
83.0,5.0,13.0,5.95,6.1,0.5,0.0,33.3,Loamy sand
23.0,22.0,54.0,7.51,15.74,3.3,4.7,391.5,Silt loam
53.0,16.0,31.0,5.68,4.93,0.9,6.3,110.7,Loam
46.0,21.0,33.0,7.81,14.07,1.4,6.5,152.7,Loam
52.0,8.0,39.0,4.52,7.42,2.2,7.0,59.6,Loam
44.0,24.0,31.0,8.08,18.14,1.4,17.1,196.1,Loam
43.0,13.0,44.0,5.12,6.86,2.5,0.0,81.4,Loam
45.0,16.0,39.0,6.23,5.73,1.1,0.0,84.7,Loam
20.0,32.0,48.0,7.93,13.16,1.6,0.0,350.7,Clay loam
57.0,10.0,33.0,6.24,42.7,9.4,21.3,496.3,Loam
30.0,22.0,48.0,7.61,20.9,2.5,0.0,95.7,Loam
10.0,27.0,62.0,4.73,37.9,3.5,9.1,119.2,Clay loam
29.0,28.0,43.0,5.66,10.1,2.5,0.0,112.8,Clay loam
28.0,23.0,48.0,5.62,13.81,3.1,0.0,153.8,Loam
54.0,7.0,39.0,7.39,13.67,4.0,7.3,120.4,Loam
63.0,16.0,21.0,8.08,19.63,1.1,17.4,133.4,Loam
49.0,23.0,29.0,8.18,17.75,0.9,16.8,258.6,Loam
7.0,46.0,47.0,7.96,36.4,2.5,19.5,265.4,Silty clay
9.0,58.0,33.0,7.95,25.1,1.0,9.9,914.4,Clay
26.0,44.0,30.0,8.17,13.91,0.5,0.0,215.1,Clay
13.0,52.0,35.0,8.02,20.8,1.3,12.0,707.7,Clay
54.0,21.0,25.0,8.17,15.95,0.9,5.9,128.5,Sandy loam
45.0,26.0,28.0,8.08,17.29,1.0,11.0,201.7,Loam
39.0,26.0,35.0,7.98,21.3,1.5,13.8,277.4,Loam
41.0,23.0,36.0,8.02,22.0,1.7,10.7,266.9,Loam
64.0,9.0,27.0,5.34,5.08,3.2,9.5,154.3,Loam
48.0,13.0,39.0,5.31,8.91,2.9,10.0,63.8,Loam
45.0,11.0,44.0,5.84,5.45,1.7,5.2,117.2,Loam
41.0,16.0,43.0,4.61,6.48,3.6,9.6,92.9,Loam
30.0,29.0,40.0,3.91,23.7,3.2,35.4,111.3,Clay loam
54.0,14.0,32.0,5.38,4.92,1.7,0.0,54.5,Loam
37.0,23.0,40.0,6.75,11.33,4.2,6.9,155.5,Loam
33.0,18.0,50.0,5.53,42.0,8.0,11.8,124.1,Loam
26.0,13.0,61.0,4.56,13.32,5.6,20.3,63.1,Silt loam
55.0,14.0,31.0,4.82,4.09,1.7,7.8,49.8,Loam
67.0,11.0,22.0,5.12,3.17,1.0,6.7,24.9,Loam
49.0,14.0,38.0,4.82,3.15,1.7,0.0,42.1,Loam
65.0,9.0,26.0,5.07,5.01,1.9,9.7,62.9,Loam
48.0,11.0,41.0,4.24,4.28,2.4,8.7,56.2,Loam
65.0,12.0,23.0,5.77,4.0,1.1,8.3,29.9,Loam
62.0,15.0,23.0,4.27,4.45,0.9,12.4,19.6,Loam
67.0,9.0,24.0,5.53,6.46,1.5,10.5,88.2,Loam
39.0,14.0,46.0,4.32,6.68,4.0,9.8,48.5,Loam
12.0,17.0,71.0,3.95,43.4,8.7,19.4,88.1,Silt loam
29.0,22.0,49.0,4.36,4.0,1.8,0.0,26.3,Loam
44.0,16.0,40.0,4.79,2.66,2.5,4.7,27.7,Loam
39.0,17.0,44.0,4.32,12.54,1.2,9.7,30.5,Loam
37.0,12.0,51.0,5.26,6.01,2.0,7.2,68.1,Silt loam
24.0,28.0,48.0,6.44,41.7,3.5,8.4,246.1,Clay loam
23.0,13.0,64.0,5.2,10.83,6.1,15.2,72.4,Silt loam
62.0,9.0,28.0,4.74,3.14,1.3,6.7,28.2,Loam
44.0,13.0,43.0,7.6,17.08,2.6,0.0,164.8,Loam
28.0,19.0,53.0,6.05,9.84,4.0,29.1,238.1,Silt loam
25.0,21.0,53.0,7.71,11.21,2.4,0.0,246.6,Silt loam
20.0,21.0,60.0,6.33,19.56,8.0,10.0,265.8,Silt loam
13.0,31.0,55.0,4.7,5.83,4.0,6.8,103.6,Clay loam
20.0,22.0,58.0,6.09,24.4,5.5,9.9,55.3,Silt loam
28.0,26.0,46.0,6.5,6.57,3.5,0.0,107.8,Loam
53.0,9.0,38.0,4.01,8.32,12.4,20.4,81.1,Loam
19.0,21.0,60.0,5.69,96.7,9.8,15.8,98.2,Silt loam
41.0,21.0,38.0,5.56,13.69,1.4,0.0,60.4,Loam
40.0,16.0,44.0,4.27,4.63,2.8,6.5,53.3,Loam
33.0,11.0,56.0,4.36,11.93,5.1,76.4,39.5,Silt loam
35.0,18.0,47.0,4.39,24.8,2.4,13.9,70.7,Loam
20.0,29.0,51.0,4.34,17.7,1.7,15.4,137.8,Clay loam
34.0,18.0,48.0,4.29,18.16,2.6,9.7,46.6,Loam
38.0,16.0,45.0,4.35,10.69,1.7,11.0,47.4,Loam
17.0,15.0,68.0,4.59,18.46,3.1,17.7,63.3,Silt loam
58.0,9.0,33.0,4.63,4.27,2.5,8.1,63.3,Loam
35.0,12.0,53.0,5.08,21.9,4.9,42.3,87.9,Silt loam
53.0,13.0,35.0,6.35,39.0,2.7,7.0,109.1,Loam
65.0,11.0,24.0,5.27,13.34,1.3,6.7,94.2,Loam
66.0,8.0,27.0,4.99,39.2,2.1,20.0,219.1,Loam
47.0,12.0,41.0,6.34,27.6,2.8,21.7,315.9,Loam
46.0,17.0,37.0,5.68,18.42,1.2,0.0,51.1,Loam
53.0,9.0,38.0,4.83,39.7,2.2,9.5,123.6,Loam
46.0,9.0,44.0,5.65,41.5,2.0,5.8,239.3,Loam
46.0,13.0,41.0,4.67,43.8,3.4,26.0,291.0,Loam
48.0,15.0,38.0,4.25,8.83,1.2,4.9,28.0,Loam
50.0,11.0,40.0,5.08,44.8,3.2,7.1,179.1,Loam
15.0,38.0,48.0,7.74,21.5,1.4,15.8,774.6,Clay loam
65.0,8.0,27.0,5.16,41.5,2.9,16.4,140.6,Loam
79.0,6.0,15.0,6.14,3.48,0.5,7.2,62.9,Loamy sand
64.0,11.0,25.0,5.06,19.01,1.5,5.8,132.5,Loam
45.0,15.0,40.0,5.03,30.2,2.8,8.7,178.4,Loam
59.0,11.0,30.0,5.38,16.67,1.8,0.0,131.8,Loam
68.0,7.0,25.0,5.6,28.8,3.2,6.7,167.1,Loam
83.0,4.0,13.0,5.92,4.89,1.3,6.9,88.4,Loamy sand
47.0,12.0,42.0,4.95,9.88,2.5,48.5,102.8,Loam
46.0,14.0,40.0,4.86,22.3,1.4,30.0,311.7,Loam
62.0,8.0,30.0,5.61,42.1,2.7,35.8,182.5,Loam
66.0,7.0,28.0,7.34,33.0,2.3,18.5,192.3,Loam
33.0,15.0,51.0,5.16,9.84,2.9,20.2,177.4,Silt loam
37.0,19.0,45.0,4.8,5.22,1.6,7.8,54.4,Loam
40.0,25.0,34.0,4.82,4.59,1.6,5.5,43.0,Loam
25.0,27.0,49.0,4.74,10.21,1.3,9.5,49.5,Loam
62.0,12.0,26.0,5.69,3.39,0.5,8.4,56.0,Loam
82.0,6.0,12.0,5.3,6.54,0.9,8.6,75.4,Loamy sand
38.0,22.0,40.0,7.49,30.3,2.3,74.0,660.0,Loam
67.0,8.0,25.0,5.14,15.03,1.6,5.8,143.1,Loam
39.0,17.0,44.0,5.4,19.08,2.6,7.5,136.4,Loam
46.0,14.0,40.0,5.5,39.0,2.1,8.4,173.9,Loam
82.0,4.0,13.0,5.35,3.01,0.5,0.0,49.2,Loamy sand
66.0,6.0,28.0,5.88,6.59,2.9,11.8,130.7,Loam
54.0,14.0,32.0,4.86,4.3,1.7,12.3,74.1,Loam
76.0,5.0,19.0,5.37,36.3,3.4,60.4,365.8,Loamy sand
28.0,26.0,46.0,7.44,11.98,2.5,0.0,431.5,Loam
30.0,21.0,49.0,7.06,11.57,3.0,6.8,317.2,Loam
30.0,37.0,33.0,8.21,11.97,0.2,0.0,183.3,Clay loam
17.0,40.0,43.0,8.0,14.48,1.0,7.6,243.7,Silty clay
20.0,29.0,51.0,7.49,9.86,2.6,0.0,343.1,Clay loam
40.0,11.0,49.0,4.52,4.32,2.6,0.0,38.2,Loam
67.0,9.0,24.0,6.05,12.26,2.3,10.6,171.7,Loam
56.0,8.0,35.0,6.15,14.63,1.7,9.0,124.1,Loam
39.0,12.0,49.0,7.69,17.73,2.4,0.0,139.7,Loam
50.0,10.0,41.0,6.59,64.6,3.1,40.4,57.3,Loam
69.0,6.0,26.0,4.1,8.54,1.6,11.4,31.4,Loam
40.0,21.0,39.0,7.48,26.1,1.9,5.7,260.4,Loam
22.0,28.0,50.0,7.77,14.97,2.6,39.2,269.7,Clay loam
49.0,16.0,35.0,8.33,13.81,0.6,0.0,102.8,Loam
48.0,11.0,40.0,7.08,106.5,6.9,26.0,345.3,Loam
47.0,9.0,44.0,5.88,9.7,1.7,6.2,67.5,Loam
36.0,30.0,34.0,8.05,18.47,1.3,16.1,237.4,Clay loam
70.0,6.0,23.0,4.57,7.94,1.5,12.2,48.1,Loamy sand
39.0,10.0,50.0,4.61,36.0,4.0,25.6,79.3,Silt loam
53.0,15.0,32.0,5.61,5.39,1.1,0.0,62.7,Loam
31.0,30.0,39.0,7.93,18.43,1.2,47.1,156.5,Clay loam
43.0,18.0,39.0,7.85,18.09,2.8,10.9,204.2,Loam
47.0,13.0,40.0,7.83,20.4,2.8,15.3,121.3,Loam
45.0,19.0,36.0,7.89,30.9,1.9,10.1,145.7,Loam
23.0,23.0,54.0,7.12,132.6,6.7,49.5,685.1,Silt loam
55.0,16.0,30.0,6.8,14.49,2.1,7.0,78.2,Loam
20.0,25.0,55.0,7.24,30.2,4.4,5.8,493.9,Silt loam
36.0,29.0,35.0,7.95,14.77,0.7,6.5,206.2,Clay loam
57.0,15.0,28.0,7.28,10.7,0.8,0.0,130.3,Loam
45.0,16.0,39.0,4.95,12.68,2.2,10.6,106.1,Loam
15.0,26.0,59.0,7.25,22.9,4.1,0.0,142.5,Silt loam
58.0,13.0,28.0,5.05,26.1,1.8,31.9,95.9,Loam
44.0,15.0,40.0,5.75,42.7,2.3,11.4,125.3,Loam
55.0,11.0,34.0,5.79,46.8,2.6,66.6,185.6,Loam
44.0,15.0,41.0,5.27,47.3,1.9,13.3,112.6,Loam
67.0,10.0,24.0,4.71,4.26,0.8,6.5,35.6,Loam
50.0,21.0,29.0,8.1,12.89,1.1,28.1,161.3,Loam
39.0,17.0,44.0,6.83,59.4,7.0,36.4,499.5,Loam
74.0,8.0,18.0,7.14,5.09,0.2,0.0,22.8,Loamy sand
52.0,16.0,32.0,6.74,10.33,0.6,0.0,51.1,Loam
56.0,14.0,30.0,5.73,13.88,0.8,0.0,75.2,Loam
55.0,14.0,31.0,7.57,25.7,1.1,27.9,60.5,Loam
76.0,4.0,20.0,6.15,5.38,1.7,6.2,76.0,Loamy sand
55.0,16.0,29.0,5.75,16.08,0.9,4.8,74.7,Loam
28.0,23.0,49.0,6.14,4.39,0.8,28.8,163.2,Loam
10.0,46.0,43.0,7.9,22.2,1.1,16.3,359.3,Silty clay
28.0,34.0,39.0,8.14,11.44,0.6,13.4,153.7,Clay loam
52.0,15.0,33.0,5.86,12.1,1.3,7.3,89.4,Loam
36.0,24.0,39.0,7.55,16.3,1.7,7.2,114.7,Loam
42.0,14.0,43.0,6.48,8.05,1.4,5.0,110.2,Loam
32.0,28.0,40.0,7.63,13.4,1.2,37.0,406.5,Clay loam
33.0,21.0,45.0,7.55,226.0,1.3,5.7,80.2,Loam
36.0,26.0,38.0,7.14,24.3,1.4,53.3,332.0,Loam
41.0,25.0,34.0,7.86,18.57,1.6,5.3,126.5,Loam
34.0,23.0,43.0,7.58,18.34,2.6,7.3,312.3,Loam
60.0,11.0,28.0,7.28,54.7,4.0,14.5,392.6,Loam
33.0,31.0,36.0,8.05,15.3,1.1,5.9,197.8,Clay loam
30.0,22.0,48.0,7.51,21.2,5.9,13.7,439.0,Loam
39.0,19.0,42.0,7.7,60.8,1.3,94.4,181.5,Loam
24.0,21.0,55.0,7.78,32.2,3.2,8.1,124.1,Silt loam
62.0,12.0,26.0,8.03,18.06,1.3,0.0,43.1,Loam
59.0,15.0,26.0,8.13,20.9,0.7,0.0,58.4,Loam
22.0,31.0,47.0,7.73,33.3,3.0,7.3,250.0,Clay loam
19.0,35.0,47.0,7.88,14.25,2.9,5.0,356.6,Clay loam
55.0,13.0,32.0,8.23,15.9,0.8,11.5,60.8,Loam
17.0,34.0,49.0,7.56,13.39,3.6,8.4,459.0,Clay loam
15.0,49.0,36.0,8.17,14.14,0.7,4.8,108.5,Clay
13.0,40.0,47.0,7.3,62.9,4.6,7.4,737.9,Silty clay
35.0,20.0,45.0,7.39,18.76,4.1,10.0,260.8,Loam
55.0,6.0,39.0,6.53,5.54,1.1,5.2,20.0,Loam
55.0,13.0,32.0,4.69,9.34,1.2,5.7,74.3,Loam
53.0,14.0,33.0,7.14,57.2,3.7,11.3,252.9,Loam
50.0,12.0,38.0,6.23,14.43,1.9,11.1,84.2,Loam
50.0,16.0,34.0,8.07,18.91,1.2,5.9,90.5,Loam
44.0,20.0,36.0,7.64,18.57,2.9,8.4,233.3,Loam
51.0,16.0,33.0,7.89,18.25,1.7,5.6,131.5,Loam
49.0,23.0,28.0,7.31,18.62,1.1,47.4,336.3,Loam
26.0,27.0,46.0,7.81,16.44,1.2,16.0,173.9,Clay loam
46.0,23.0,31.0,8.19,15.83,0.9,25.5,171.2,Loam
24.0,27.0,49.0,7.8,16.15,3.2,6.1,175.1,Clay loam
56.0,7.0,37.0,8.45,9.47,0.5,0.0,28.2,Loam
18.0,34.0,48.0,7.92,17.78,1.9,49.8,196.1,Clay loam
61.0,5.0,34.0,6.78,7.6,0.9,11.2,38.5,Loam
15.0,41.0,44.0,8.1,25.6,1.6,16.4,453.5,Silty clay
33.0,33.0,34.0,8.1,17.52,0.8,10.0,203.8,Clay loam
55.0,13.0,32.0,7.73,30.9,1.2,5.8,139.6,Loam
48.0,13.0,39.0,7.88,15.67,1.9,5.5,102.2,Loam
59.0,6.0,35.0,7.46,10.89,1.2,0.0,89.7,Loam
34.0,13.0,53.0,7.16,6.7,1.5,11.5,141.7,Silt loam
31.0,13.0,56.0,6.95,5.2,0.8,0.0,25.9,Silt loam
41.0,12.0,46.0,6.97,327.0,12.2,380.6,3674.1,Loam
36.0,16.0,48.0,7.81,27.9,3.1,9.7,170.9,Loam
76.0,6.0,18.0,5.92,4.54,0.7,0.0,43.0,Loamy sand
20.0,22.0,58.0,6.46,19.86,5.8,9.4,93.3,Silt loam
28.0,18.0,54.0,5.93,39.0,4.8,16.6,442.2,Silt loam
24.0,22.0,54.0,6.34,6.39,3.5,0.0,77.7,Silt loam
20.0,35.0,45.0,7.75,14.51,2.7,0.0,478.0,Clay loam
83.0,4.0,12.0,6.55,4.22,0.5,0.0,27.0,Loamy sand
49.0,17.0,34.0,7.06,14.61,2.0,0.0,136.6,Loam
84.0,4.0,12.0,6.02,3.9,0.5,0.0,27.3,Loamy sand
58.0,10.0,32.0,5.13,8.19,2.8,11.8,107.7,Loam
65.0,9.0,26.0,5.91,4.65,0.8,0.0,48.8,Loam
11.0,37.0,52.0,7.91,18.49,1.7,11.5,117.6,Clay loam
81.0,5.0,14.0,5.82,4.32,0.6,6.1,43.7,Loamy sand
84.0,5.0,11.0,5.72,2.19,0.2,24.4,11.8,Loamy sand
46.0,21.0,32.0,7.69,45.0,2.0,216.2,491.0,Loam
60.0,12.0,28.0,8.06,12.33,0.6,13.5,52.8,Loam
70.0,10.0,20.0,7.77,7.4,0.6,20.3,64.2,Loamy sand
31.0,23.0,47.0,7.6,15.77,3.2,10.5,273.2,Loam
26.0,25.0,50.0,7.82,13.45,1.7,0.0,161.0,Loam
70.0,11.0,19.0,7.33,8.25,0.7,9.1,84.0,Loamy sand
63.0,12.0,25.0,6.34,9.38,1.1,10.0,80.9,Loam
24.0,36.0,40.0,8.02,16.26,1.2,30.0,194.0,Clay loam
64.0,11.0,25.0,4.7,4.17,0.9,0.0,37.2,Loam
73.0,9.0,18.0,6.2,2.96,0.7,0.0,32.2,Loamy sand
50.0,17.0,34.0,6.65,7.7,1.1,0.0,140.6,Loam
49.0,19.0,32.0,5.22,4.23,0.7,0.0,36.0,Loam
42.0,25.0,33.0,8.05,23.8,0.8,19.5,155.2,Loam
82.0,4.0,14.0,5.52,5.26,0.8,8.3,56.7,Loamy sand
31.0,17.0,52.0,6.19,25.6,3.0,10.7,63.6,Silt loam
50.0,20.0,30.0,7.79,15.09,1.0,37.0,193.3,Loam
66.0,12.0,22.0,7.86,23.0,0.6,39.1,57.2,Loam
49.0,12.0,39.0,5.22,31.3,2.2,9.5,52.9,Loam
36.0,23.0,41.0,7.71,16.1,2.1,0.0,238.4,Loam
68.0,7.0,25.0,5.78,4.39,0.7,0.0,27.1,Loam
22.0,31.0,47.0,7.91,13.66,1.4,18.1,173.6,Clay loam
30.0,24.0,45.0,7.86,17.25,2.5,0.0,207.8,Loam
31.0,31.0,38.0,8.04,12.56,1.3,32.4,124.7,Clay loam
65.0,11.0,24.0,7.91,13.34,1.2,15.8,119.9,Loam
44.0,21.0,36.0,7.94,14.27,1.9,7.0,133.9,Loam
33.0,23.0,44.0,8.11,11.81,1.0,0.0,69.5,Loam
22.0,41.0,37.0,7.91,19.55,1.1,25.5,308.4,Clay
70.0,11.0,19.0,6.6,9.99,0.6,25.6,42.7,Loamy sand
77.0,9.0,14.0,5.53,9.2,0.6,42.8,44.6,Loamy sand
23.0,25.0,52.0,7.73,17.46,2.6,0.0,72.7,Silt loam
26.0,26.0,48.0,7.94,15.95,2.0,0.0,105.9,Loam
30.0,29.0,41.0,7.96,16.19,1.2,8.7,241.3,Clay loam
59.0,12.0,29.0,6.74,14.0,1.3,0.0,73.7,Loam
32.0,32.0,37.0,7.83,16.35,1.5,57.8,290.9,Clay loam
66.0,18.0,16.0,8.19,11.84,0.7,24.0,96.9,Loam
64.0,13.0,22.0,8.25,11.49,0.5,11.6,64.6,Loam
18.0,33.0,49.0,7.91,34.7,2.1,40.6,97.3,Clay loam
24.0,26.0,50.0,8.02,21.7,2.7,65.1,421.0,Silt loam
64.0,16.0,19.0,8.05,11.18,0.8,28.6,185.6,Loam
30.0,23.0,48.0,7.71,14.69,3.8,0.0,219.5,Loam
29.0,28.0,43.0,7.92,14.35,1.7,5.2,273.3,Clay loam
25.0,38.0,37.0,8.21,13.47,1.1,4.9,206.6,Clay loam
8.0,46.0,45.0,8.12,21.1,2.3,12.5,276.5,Silty clay
27.0,23.0,50.0,8.19,16.62,1.6,0.0,174.7,Silt loam
59.0,13.0,29.0,6.57,9.6,1.0,8.4,66.7,Loam
22.0,30.0,48.0,7.69,20.6,3.0,64.6,126.0,Clay loam
23.0,26.0,51.0,7.84,17.75,2.2,0.0,119.3,Silt loam
55.0,18.0,28.0,7.41,9.52,1.6,0.0,169.4,Loam
34.0,31.0,34.0,7.96,21.6,1.8,33.0,245.5,Clay loam
42.0,22.0,36.0,8.34,12.81,0.8,16.0,113.1,Loam
64.0,17.0,19.0,8.08,13.07,0.9,18.8,138.4,Loam
71.0,11.0,18.0,6.79,7.38,0.5,18.1,36.4,Loamy sand
61.0,14.0,24.0,7.91,11.0,0.8,0.0,97.5,Loam
54.0,21.0,25.0,8.05,13.92,0.8,18.3,166.2,Sandy loam
50.0,8.0,42.0,4.13,32.8,6.3,75.9,225.0,Loam
18.0,43.0,38.0,8.1,19.64,1.1,12.8,198.6,Clay
27.0,29.0,44.0,8.19,13.49,1.4,8.5,136.7,Clay loam
27.0,21.0,52.0,6.93,28.8,4.7,8.9,497.7,Silt loam
77.0,7.0,16.0,5.73,3.45,0.4,8.6,29.1,Loamy sand
69.0,9.0,22.0,5.02,6.53,1.1,0.0,23.8,Loam
58.0,15.0,28.0,5.36,15.21,1.1,0.0,80.8,Loam
72.0,11.0,17.0,4.67,9.36,0.6,0.0,40.7,Loamy sand
74.0,10.0,16.0,5.72,5.08,0.5,0.0,46.0,Loamy sand
40.0,20.0,40.0,5.36,4.76,1.6,7.3,134.6,Loam
26.0,26.0,49.0,8.15,15.35,1.1,8.6,130.4,Loam
21.0,28.0,51.0,7.7,43.7,2.1,8.9,188.7,Clay loam
23.0,29.0,48.0,7.73,26.8,2.8,0.0,250.8,Clay loam
31.0,20.0,49.0,7.85,19.55,1.2,0.0,179.4,Loam
58.0,12.0,30.0,5.57,9.68,1.3,0.0,60.2,Loam
32.0,15.0,53.0,5.82,13.04,2.7,11.7,212.0,Silt loam
69.0,10.0,21.0,4.95,4.91,1.0,0.0,34.1,Loam
72.0,9.0,19.0,5.01,4.28,0.9,0.0,46.2,Loamy sand
11.0,46.0,43.0,5.54,2.43,0.7,0.0,97.9,Silty clay
62.0,14.0,24.0,5.39,2.91,0.8,16.0,52.1,Loam
32.0,23.0,44.0,6.62,14.13,2.6,7.3,203.6,Loam
49.0,15.0,36.0,7.24,14.92,2.3,10.3,177.2,Loam
16.0,39.0,45.0,7.8,13.95,2.6,6.3,420.1,Clay loam
21.0,25.0,55.0,6.14,12.09,3.1,0.0,202.0,Silt loam
15.0,26.0,59.0,7.51,25.3,3.2,0.0,250.7,Silt loam
59.0,9.0,32.0,4.55,26.7,1.3,22.3,47.7,Loam
75.0,9.0,16.0,5.6,3.75,1.0,0.0,49.8,Loamy sand
34.0,17.0,49.0,6.14,6.37,2.3,29.0,144.3,Loam
46.0,16.0,38.0,7.74,16.13,2.4,5.4,224.8,Loam
22.0,20.0,58.0,5.0,3.21,1.1,5.6,53.0,Silt loam
21.0,24.0,55.0,4.96,5.16,2.7,5.6,161.2,Silt loam
51.0,16.0,33.0,5.13,4.06,1.1,26.5,23.9,Loam
39.0,25.0,36.0,5.41,4.65,1.0,0.0,36.8,Loam
23.0,24.0,52.0,4.99,14.91,1.7,15.7,122.8,Silt loam
36.0,17.0,47.0,5.65,4.92,2.1,26.0,211.7,Loam
23.0,30.0,46.0,5.13,7.09,3.2,10.0,129.8,Clay loam
31.0,20.0,49.0,5.41,4.44,2.0,12.2,123.2,Loam
62.0,9.0,29.0,5.37,5.56,2.4,23.9,182.5,Loam
75.0,5.0,20.0,6.11,2.58,0.7,9.7,59.1,Loamy sand
18.0,46.0,37.0,7.94,18.94,1.5,15.0,423.5,Clay
66.0,8.0,27.0,5.23,4.03,1.8,54.6,245.0,Loam
70.0,7.0,23.0,5.5,5.77,1.9,10.5,104.3,Loamy sand
77.0,6.0,17.0,4.8,16.49,1.3,9.7,95.6,Loamy sand
74.0,5.0,21.0,5.03,2.81,3.3,41.7,78.7,Loamy sand
33.0,20.0,47.0,4.62,12.62,3.0,13.8,112.6,Loam
63.0,9.0,28.0,4.3,37.5,2.1,19.8,63.5,Loam
26.0,21.0,53.0,5.42,7.46,1.6,8.3,56.8,Silt loam
22.0,40.0,38.0,7.69,15.97,2.1,56.2,513.0,Clay
48.0,10.0,42.0,6.02,6.27,1.8,29.5,156.2,Loam
18.0,27.0,55.0,7.7,14.05,4.2,7.1,342.9,Clay loam
16.0,39.0,45.0,7.59,234.0,1.2,16.7,195.3,Clay loam
39.0,25.0,37.0,8.05,15.72,1.0,20.7,329.2,Loam
15.0,35.0,51.0,7.68,12.24,3.7,8.6,390.1,Clay loam
38.0,32.0,30.0,7.95,17.06,0.9,33.1,396.4,Clay loam
16.0,36.0,48.0,8.08,13.84,1.0,21.2,451.0,Clay loam
44.0,30.0,26.0,7.45,11.35,1.5,46.1,563.7,Sandy clay loam
17.0,38.0,45.0,8.18,18.02,0.7,19.3,268.7,Clay loam
20.0,23.0,57.0,7.35,16.8,7.9,11.8,858.2,Silt loam
13.0,47.0,40.0,8.29,17.28,0.8,10.1,536.1,Silty clay
13.0,44.0,43.0,7.84,13.78,3.0,5.5,922.6,Silty clay
22.0,35.0,43.0,7.96,14.78,1.6,5.4,320.8,Clay loam
33.0,15.0,52.0,7.36,28.8,6.0,16.5,602.3,Silt loam
45.0,22.0,33.0,5.09,9.22,1.1,36.6,106.9,Loam
23.0,41.0,36.0,7.78,16.04,2.5,58.4,675.4,Clay
27.0,18.0,54.0,7.87,16.9,4.9,11.5,291.7,Silt loam
58.0,14.0,28.0,7.52,13.97,2.4,6.8,214.5,Loam
22.0,17.0,61.0,7.73,19.97,5.8,9.1,165.5,Silt loam
21.0,34.0,45.0,8.07,15.06,0.8,44.7,195.7,Clay loam
36.0,12.0,53.0,7.69,20.4,6.2,11.8,338.2,Silt loam
20.0,38.0,43.0,7.93,18.91,1.9,23.9,486.3,Clay loam
29.0,12.0,58.0,5.76,5.17,1.1,7.7,142.8,Silt loam
28.0,22.0,50.0,6.13,6.44,3.4,6.2,206.2,Silt loam
57.0,15.0,28.0,6.97,8.91,1.6,8.3,261.5,Loam
27.0,23.0,50.0,5.84,122.1,7.2,8.6,312.5,Silt loam
45.0,7.0,49.0,5.93,262.0,21.6,80.4,384.2,Loam
19.0,44.0,37.0,7.86,12.84,1.2,11.8,585.9,Clay
33.0,27.0,40.0,7.95,18.04,2.6,8.7,419.9,Clay loam
22.0,29.0,50.0,8.0,18.47,2.5,14.4,419.3,Clay loam
39.0,22.0,39.0,7.9,15.04,2.9,0.0,360.1,Loam
23.0,44.0,33.0,7.91,20.2,1.4,10.9,573.5,Clay
29.0,32.0,39.0,8.07,14.64,1.2,0.0,330.3,Clay loam
19.0,36.0,45.0,7.91,12.52,2.1,0.0,596.8,Clay loam
64.0,8.0,28.0,5.08,3.72,2.1,9.7,54.2,Loam
20.0,45.0,35.0,7.92,13.28,1.4,18.6,711.2,Clay
49.0,9.0,42.0,5.43,22.0,4.0,7.8,128.0,Loam
18.0,25.0,57.0,7.37,17.92,5.5,9.2,619.4,Silt loam
53.0,19.0,28.0,7.97,19.04,1.4,38.4,158.4,Loam
37.0,27.0,36.0,7.77,13.69,2.2,0.0,429.4,Clay loam
53.0,17.0,31.0,7.98,59.4,2.2,74.1,376.0,Loam
52.0,23.0,26.0,8.12,18.09,0.9,28.9,335.0,Sandy loam
44.0,23.0,33.0,8.08,21.0,1.9,33.4,396.8,Loam
47.0,15.0,38.0,7.72,31.7,2.0,0.0,103.0,Loam
13.0,41.0,46.0,7.76,11.94,3.4,0.0,758.3,Silty clay
16.0,49.0,35.0,8.18,15.12,1.0,0.0,478.0,Clay
37.0,12.0,51.0,4.38,7.13,4.0,0.0,71.5,Silt loam
27.0,19.0,54.0,4.69,13.84,1.7,9.2,70.9,Silt loam
37.0,14.0,49.0,3.95,15.99,4.4,12.0,112.2,Loam
38.0,15.0,47.0,4.69,3.3,3.8,0.0,33.2,Loam
30.0,19.0,52.0,4.59,4.3,1.5,0.0,64.0,Silt loam
23.0,18.0,59.0,4.48,4.41,3.6,0.0,49.6,Silt loam
50.0,15.0,34.0,5.63,3.88,1.0,0.0,53.5,Loam
22.0,18.0,60.0,3.93,11.85,2.3,0.0,41.9,Silt loam
42.0,8.0,50.0,4.15,4.41,2.6,8.1,56.8,Silt loam
30.0,10.0,60.0,4.34,4.74,3.7,0.0,55.2,Silt loam
44.0,12.0,44.0,4.76,6.01,3.7,19.5,71.1,Loam
34.0,10.0,56.0,5.04,44.4,2.8,28.6,354.7,Silt loam
63.0,6.0,31.0,5.02,4.24,2.2,15.0,49.4,Loam
43.0,12.0,45.0,4.09,8.04,5.3,22.8,91.2,Loam
50.0,7.0,42.0,4.75,17.85,2.8,13.8,80.2,Loam
52.0,6.0,42.0,4.24,63.2,9.9,27.5,95.2,Loam
62.0,6.0,33.0,4.55,31.1,6.2,32.2,128.3,Loam
67.0,5.0,29.0,4.29,22.4,4.8,21.8,83.2,Loam
64.0,8.0,28.0,5.64,72.8,4.0,72.2,1069.2,Loam
53.0,10.0,37.0,4.1,20.4,3.7,27.9,120.3,Loam
40.0,10.0,50.0,4.27,4.32,4.7,12.6,65.2,Silt loam
66.0,5.0,29.0,5.09,3.43,3.9,13.6,55.9,Loam
60.0,16.0,24.0,6.31,5.39,0.8,18.4,140.9,Loam
25.0,35.0,40.0,8.01,12.58,1.4,25.8,222.8,Clay loam
21.0,20.0,58.0,7.88,12.73,2.2,27.0,551.1,Silt loam
68.0,8.0,24.0,5.87,3.81,0.9,0.0,45.1,Loam
14.0,37.0,49.0,7.26,10.48,3.7,5.2,467.2,Clay loam
21.0,33.0,46.0,7.54,12.77,2.4,5.3,316.1,Clay loam
20.0,33.0,48.0,7.51,19.09,3.7,36.8,379.9,Clay loam
33.0,26.0,41.0,7.8,10.85,2.3,7.0,352.4,Loam
63.0,11.0,26.0,7.61,8.38,1.1,0.0,125.2,Loam
16.0,31.0,52.0,7.43,16.61,2.7,63.4,526.8,Clay loam
26.0,24.0,50.0,7.8,16.52,3.1,7.6,132.0,Silt loam
23.0,34.0,43.0,8.02,12.64,1.9,0.0,268.5,Clay loam
29.0,32.0,39.0,7.78,11.18,1.6,10.4,352.6,Clay loam
26.0,26.0,48.0,7.65,27.5,3.0,5.2,192.2,Loam
16.0,42.0,42.0,7.82,10.85,2.2,0.0,472.6,Silty clay
19.0,39.0,42.0,7.63,11.36,2.8,0.0,635.3,Clay loam
22.0,31.0,46.0,7.48,15.67,3.7,0.0,744.6,Clay loam
34.0,21.0,45.0,7.2,12.65,4.1,10.3,608.0,Loam
27.0,19.0,54.0,7.61,16.42,3.4,5.6,258.2,Silt loam
20.0,35.0,45.0,7.79,17.43,1.2,12.7,250.9,Clay loam
23.0,28.0,49.0,7.24,16.24,4.8,7.1,691.7,Clay loam
20.0,24.0,56.0,7.19,14.66,5.9,8.9,560.6,Silt loam
15.0,35.0,50.0,7.38,44.4,4.7,21.6,395.9,Clay loam
20.0,29.0,51.0,7.67,18.01,4.3,42.5,413.2,Clay loam
56.0,17.0,27.0,7.96,20.8,1.4,8.3,151.5,Loam
25.0,32.0,43.0,8.08,64.4,0.9,8.1,92.6,Clay loam
22.0,40.0,38.0,8.13,15.69,1.0,6.7,145.7,Clay
18.0,52.0,30.0,8.12,15.39,0.5,11.2,234.0,Clay
46.0,24.0,30.0,8.42,15.28,0.6,8.4,109.1,Loam
19.0,31.0,50.0,7.8,17.78,2.2,0.0,369.7,Clay loam
39.0,15.0,46.0,7.6,27.4,3.5,9.6,245.1,Loam
19.0,31.0,50.0,7.93,16.74,2.9,5.4,173.6,Clay loam
61.0,11.0,28.0,7.6,17.76,1.8,8.3,108.3,Loam
21.0,42.0,37.0,7.35,13.89,4.8,7.1,234.2,Clay
38.0,18.0,44.0,6.94,27.2,5.8,58.3,355.0,Loam
10.0,34.0,56.0,7.65,11.14,3.5,5.2,538.8,Clay loam
43.0,15.0,42.0,8.29,35.4,0.6,12.9,35.1,Loam
33.0,33.0,34.0,8.09,13.77,0.7,8.2,185.7,Clay loam
31.0,18.0,51.0,7.98,14.94,1.2,8.1,125.1,Silt loam
39.0,20.0,41.0,7.8,17.79,0.7,0.0,54.1,Loam
56.0,13.0,31.0,8.14,11.04,1.0,0.0,90.3,Loam
36.0,10.0,53.0,6.61,19.97,2.3,11.3,121.0,Silt loam
23.0,34.0,43.0,8.38,8.62,0.3,0.0,90.8,Clay loam
24.0,36.0,41.0,7.8,27.6,1.9,16.0,161.5,Clay loam
36.0,21.0,43.0,7.28,38.1,2.8,6.7,347.1,Loam
34.0,24.0,42.0,6.32,7.18,2.3,5.1,137.3,Loam
43.0,17.0,40.0,7.93,13.73,0.8,5.4,89.8,Loam
23.0,39.0,38.0,8.03,16.44,1.8,11.7,528.7,Clay loam
22.0,27.0,51.0,7.7,23.7,2.6,5.2,192.1,Clay loam
20.0,29.0,51.0,7.69,14.34,2.4,6.3,425.4,Clay loam
68.0,12.0,20.0,8.1,9.86,0.7,0.0,85.6,Loam
42.0,27.0,31.0,8.03,13.83,1.3,33.8,241.5,Clay loam
21.0,33.0,47.0,7.96,13.92,1.5,5.9,246.3,Clay loam
29.0,19.0,52.0,7.98,14.74,2.7,6.5,151.9,Silt loam
60.0,9.0,31.0,6.45,12.31,2.4,6.2,191.3,Loam
31.0,25.0,44.0,7.03,8.03,2.1,21.2,138.5,Loam
35.0,20.0,45.0,7.76,16.39,2.4,6.5,230.8,Loam
34.0,18.0,48.0,7.61,12.5,2.2,5.6,233.9,Loam
16.0,25.0,59.0,7.78,17.34,5.1,7.2,631.7,Silt loam
20.0,29.0,51.0,7.64,17.82,2.5,6.6,408.5,Clay loam
23.0,21.0,56.0,7.52,21.5,6.4,11.7,725.3,Silt loam
16.0,25.0,59.0,7.6,20.2,6.8,11.8,569.8,Silt loam
19.0,23.0,58.0,7.76,19.08,5.4,9.2,370.0,Silt loam
34.0,28.0,38.0,5.48,7.82,1.2,5.9,100.6,Clay loam
44.0,22.0,34.0,7.95,14.03,1.5,0.0,249.2,Loam
38.0,18.0,44.0,7.66,16.76,2.0,7.3,179.9,Loam
21.0,38.0,41.0,8.0,18.35,1.0,31.0,524.9,Clay loam
43.0,18.0,39.0,5.79,6.21,0.8,57.2,128.2,Loam
23.0,21.0,56.0,7.96,14.32,2.0,0.0,157.8,Silt loam
22.0,29.0,49.0,7.56,16.34,2.9,7.0,239.0,Clay loam
72.0,7.0,21.0,7.85,13.04,1.6,0.0,75.4,Loamy sand
48.0,23.0,28.0,8.15,15.61,1.1,32.6,225.9,Loam
43.0,15.0,42.0,7.39,18.5,5.3,10.2,468.3,Loam
28.0,40.0,32.0,7.99,14.79,1.6,0.0,208.7,Clay
34.0,37.0,29.0,8.09,16.41,0.9,23.8,255.7,Clay loam
46.0,16.0,38.0,6.24,8.64,1.5,45.9,110.7,Loam
27.0,30.0,43.0,7.89,16.77,3.1,86.2,602.7,Clay loam
75.0,8.0,17.0,4.71,3.58,0.4,38.3,28.1,Loamy sand
28.0,28.0,44.0,7.79,12.43,1.5,23.9,168.5,Clay loam
49.0,14.0,37.0,7.39,21.7,2.6,7.9,533.4,Loam
35.0,29.0,37.0,5.65,8.21,1.5,70.6,329.5,Clay loam
42.0,20.0,38.0,6.7,9.35,1.7,7.6,157.4,Loam
23.0,23.0,54.0,7.42,11.81,4.0,8.7,489.6,Silt loam
34.0,24.0,42.0,7.75,14.3,2.0,34.8,252.1,Loam
27.0,39.0,34.0,8.0,14.11,1.6,20.0,355.8,Clay loam
12.0,25.0,63.0,7.68,14.79,6.5,10.3,358.0,Silt loam
15.0,28.0,57.0,7.1,7.24,2.8,5.4,290.4,Clay loam
44.0,15.0,42.0,7.65,17.55,1.9,5.9,200.7,Loam
14.0,29.0,56.0,7.47,15.09,5.4,14.7,628.1,Clay loam
14.0,32.0,54.0,7.58,10.75,2.5,5.2,218.2,Clay loam
17.0,46.0,37.0,7.8,17.5,1.6,45.9,547.0,Clay
38.0,16.0,46.0,7.74,29.6,3.6,16.1,264.5,Loam
76.0,8.0,16.0,5.34,3.8,0.6,43.5,98.4,Loamy sand
42.0,25.0,33.0,7.92,16.45,1.1,14.9,329.6,Loam
26.0,35.0,38.0,8.0,12.3,1.2,22.6,259.8,Clay loam
29.0,22.0,49.0,7.72,19.1,1.5,7.0,67.1,Loam
28.0,21.0,51.0,7.8,15.57,2.6,3.1,44.4,Silt loam
13.0,41.0,46.0,7.74,242.0,2.0,20.5,277.0,Silty clay
30.0,31.0,39.0,7.64,23.2,1.8,23.0,308.1,Clay loam
13.0,56.0,31.0,8.2,12.53,0.8,3.1,146.1,Clay
18.0,35.0,48.0,8.09,16.04,1.0,10.4,125.9,Clay loam
35.0,30.0,35.0,8.03,17.65,1.3,25.1,225.6,Clay loam
67.0,8.0,26.0,8.03,13.63,1.0,2.5,36.7,Loam
16.0,30.0,54.0,8.4,15.69,0.7,6.7,167.2,Clay loam
55.0,7.0,38.0,7.51,11.47,1.2,3.1,30.4,Loam
35.0,14.0,51.0,5.5,36.1,2.9,17.1,136.1,Silt loam
26.0,17.0,57.0,5.82,6.81,1.7,9.8,86.5,Silt loam
34.0,19.0,46.0,7.84,12.34,2.2,4.8,298.9,Loam
27.0,30.0,43.0,7.68,15.78,2.4,5.6,290.8,Clay loam
11.0,25.0,64.0,7.39,49.5,7.6,12.3,243.8,Silt loam
22.0,21.0,57.0,5.07,2.86,1.7,7.5,76.7,Silt loam
38.0,20.0,42.0,6.61,5.37,1.1,0.0,167.0,Loam
22.0,29.0,48.0,6.82,8.09,1.2,35.1,206.4,Clay loam
9.0,26.0,65.0,4.7,2.39,0.4,0.0,141.7,Silt loam
12.0,25.0,62.0,7.35,21.0,7.5,7.8,306.5,Silt loam
30.0,23.0,48.0,7.83,17.15,1.9,4.2,255.3,Loam
35.0,20.0,46.0,7.23,16.68,4.2,10.5,548.2,Loam
18.0,28.0,54.0,7.45,11.73,1.9,4.5,231.2,Clay loam
44.0,15.0,41.0,7.62,16.15,1.1,2.8,100.6,Loam
47.0,19.0,34.0,6.4,4.38,0.8,8.7,114.7,Loam
20.0,40.0,39.0,7.89,15.04,1.1,0.0,296.4,Clay
21.0,30.0,48.0,7.76,5.14,3.1,5.9,279.2,Clay loam
32.0,31.0,37.0,7.68,125.3,2.0,80.7,437.3,Clay loam
40.0,16.0,44.0,6.44,4.38,0.7,4.2,65.7,Loam
40.0,16.0,44.0,6.1,2.96,2.7,6.4,167.7,Loam
25.0,41.0,34.0,7.99,14.33,1.5,11.9,212.5,Clay
26.0,24.0,50.0,7.73,14.1,3.7,4.2,169.4,Silt loam
33.0,21.0,46.0,7.33,21.8,2.9,6.6,429.8,Loam
19.0,41.0,40.0,8.11,13.28,1.3,21.4,260.1,Silty clay
16.0,36.0,49.0,7.78,14.95,3.4,4.6,163.3,Clay loam
17.0,29.0,54.0,7.6,13.21,2.1,2.6,142.2,Clay loam
12.0,52.0,36.0,7.73,199.3,1.1,7.1,388.9,Clay
17.0,29.0,54.0,7.77,14.57,3.4,4.0,237.9,Clay loam
29.0,28.0,43.0,7.89,26.1,1.5,59.3,484.9,Clay loam
29.0,24.0,47.0,7.24,89.3,3.9,8.9,467.5,Loam
24.0,17.0,59.0,7.44,95.3,7.9,13.7,316.4,Silt loam
28.0,36.0,36.0,8.0,19.32,1.7,18.0,247.6,Clay loam
28.0,38.0,34.0,7.53,226.0,1.0,0.0,84.2,Clay loam
17.0,32.0,51.0,7.8,14.01,3.5,6.5,414.5,Clay loam
16.0,30.0,53.0,7.95,19.89,2.7,4.5,282.2,Clay loam
48.0,23.0,29.0,8.13,14.67,1.1,12.5,154.5,Loam
50.0,24.0,26.0,8.06,15.3,1.2,7.3,197.1,Sandy loam
36.0,28.0,36.0,8.05,16.47,1.7,11.9,191.0,Clay loam
42.0,24.0,34.0,8.18,12.82,1.0,0.0,145.4,Loam
51.0,10.0,39.0,5.59,3.82,1.8,2.8,64.9,Loam
30.0,24.0,46.0,7.8,13.01,1.5,18.3,208.5,Loam
48.0,21.0,31.0,8.2,12.63,0.8,11.8,96.5,Loam
25.0,36.0,39.0,7.89,14.39,1.5,0.0,378.3,Clay loam
13.0,35.0,52.0,7.85,18.56,2.1,9.4,180.4,Clay loam
33.0,17.0,50.0,7.3,18.03,4.6,6.2,290.7,Silt loam
22.0,29.0,49.0,8.01,20.4,2.0,29.6,239.8,Clay loam
45.0,17.0,38.0,8.17,10.15,0.3,3.1,167.7,Loam
47.0,15.0,37.0,8.04,14.39,1.4,25.5,326.2,Loam
17.0,43.0,40.0,7.95,18.15,2.1,12.0,322.6,Silty clay
42.0,18.0,41.0,7.63,24.0,3.4,8.9,433.1,Loam
18.0,43.0,38.0,7.84,7.3,0.6,3.4,99.9,Clay
58.0,13.0,30.0,8.19,12.09,0.7,6.7,82.5,Loam
32.0,26.0,43.0,8.19,15.26,1.1,7.6,228.8,Loam
18.0,25.0,57.0,7.65,44.1,5.4,11.8,442.4,Silt loam
28.0,29.0,43.0,7.98,24.3,1.9,14.4,173.5,Clay loam
36.0,24.0,40.0,7.73,14.35,3.2,0.0,351.0,Loam
27.0,31.0,42.0,7.94,20.4,1.6,6.8,317.9,Clay loam
28.0,18.0,54.0,8.19,16.11,1.2,0.0,60.1,Silt loam
21.0,34.0,45.0,8.03,25.7,1.8,8.8,183.8,Clay loam
51.0,17.0,32.0,8.09,19.51,1.1,6.7,96.3,Loam
44.0,19.0,37.0,7.65,10.44,2.7,4.4,246.2,Loam
44.0,29.0,27.0,7.93,16.63,1.2,10.2,267.7,Sandy clay loam
38.0,24.0,38.0,8.12,14.61,1.0,11.9,137.8,Loam
50.0,23.0,26.0,7.82,9.45,1.4,5.0,224.1,Sandy loam
18.0,26.0,56.0,8.47,7.09,0.5,0.0,100.0,Silt loam
39.0,30.0,31.0,8.1,14.11,1.2,0.0,186.7,Clay loam
35.0,24.0,42.0,7.88,23.2,1.8,18.8,232.8,Loam
44.0,11.0,45.0,5.31,41.0,3.7,23.5,184.5,Loam
26.0,18.0,56.0,7.69,32.1,4.7,8.8,202.5,Silt loam
38.0,16.0,46.0,4.8,23.9,3.1,20.1,133.3,Loam
29.0,30.0,40.0,7.91,13.38,1.0,24.7,198.0,Clay loam
25.0,32.0,43.0,7.57,39.2,2.2,4.1,382.5,Clay loam
37.0,27.0,36.0,7.58,11.65,1.9,15.8,100.1,Clay loam
33.0,20.0,47.0,7.11,19.09,3.9,11.9,176.7,Loam
21.0,30.0,49.0,6.21,12.0,2.6,2.3,108.8,Clay loam
22.0,24.0,54.0,5.92,9.47,3.7,8.5,69.5,Silt loam
31.0,11.0,58.0,5.62,17.22,5.2,13.0,209.8,Silt loam
28.0,19.0,53.0,4.79,7.64,5.9,10.6,74.2,Silt loam
50.0,15.0,35.0,7.44,16.07,2.7,9.6,101.3,Loam
44.0,15.0,41.0,7.66,8.61,1.2,18.5,110.7,Loam
54.0,11.0,35.0,5.31,6.6,3.0,10.7,115.8,Loam
38.0,14.0,48.0,7.57,13.09,5.3,7.4,229.2,Loam
30.0,18.0,52.0,7.62,21.8,4.2,7.2,243.0,Silt loam
18.0,38.0,44.0,7.76,15.5,1.8,6.0,261.0,Clay loam
43.0,18.0,39.0,7.5,17.57,2.7,11.9,272.0,Loam
17.0,46.0,37.0,7.87,14.47,1.7,27.6,505.5,Clay
17.0,27.0,56.0,7.7,13.32,4.3,0.0,366.3,Clay loam
74.0,7.0,19.0,6.02,3.71,0.7,0.0,33.3,Loamy sand
71.0,7.0,22.0,6.55,8.29,1.2,3.7,55.5,Loamy sand
63.0,10.0,27.0,5.51,4.54,1.3,3.4,73.1,Loam
25.0,36.0,39.0,7.89,15.62,1.1,13.3,134.4,Clay loam
29.0,19.0,52.0,6.0,14.39,4.3,11.7,146.9,Silt loam
19.0,25.0,56.0,7.4,12.8,2.5,5.7,296.5,Silt loam
14.0,47.0,39.0,7.95,26.3,1.9,16.7,338.7,Clay
61.0,17.0,21.0,7.89,14.12,1.0,0.0,223.6,Loam
19.0,37.0,44.0,8.0,13.03,0.7,0.0,161.8,Clay loam
35.0,24.0,41.0,7.45,14.89,2.3,0.0,342.3,Loam
39.0,33.0,28.0,7.81,27.5,1.1,15.9,333.9,Clay loam
45.0,21.0,34.0,7.95,18.4,1.6,42.9,447.7,Loam
19.0,38.0,43.0,7.85,19.91,1.8,25.7,397.4,Clay loam
43.0,19.0,37.0,7.38,22.4,2.3,11.6,463.6,Loam
39.0,20.0,41.0,7.39,19.57,2.5,6.5,358.7,Loam
20.0,27.0,53.0,7.7,19.48,1.7,5.7,542.9,Clay loam
33.0,28.0,39.0,7.88,12.73,0.8,30.8,279.0,Clay loam
13.0,48.0,39.0,7.82,11.47,1.9,42.1,726.0,Clay
42.0,18.0,40.0,7.11,21.4,5.8,17.3,681.3,Loam
56.0,10.0,34.0,7.51,10.24,2.5,3.4,98.2,Loam
24.0,41.0,35.0,7.92,15.19,1.5,18.5,402.3,Clay
70.0,14.0,16.0,7.64,11.33,0.5,2.3,179.3,Loamy sand
24.0,23.0,53.0,7.8,16.68,2.5,3.7,329.5,Silt loam
55.0,11.0,34.0,6.52,8.45,1.8,5.7,151.1,Loam
37.0,12.0,51.0,7.26,24.1,6.9,15.6,286.9,Silt loam
21.0,27.0,52.0,7.52,20.5,4.3,3.5,572.3,Clay loam
18.0,37.0,45.0,7.51,12.89,1.8,0.0,467.5,Clay loam
79.0,7.0,14.0,7.65,15.78,0.7,2.5,69.2,Loamy sand
65.0,15.0,19.0,8.18,14.91,0.6,12.9,72.6,Loam
44.0,17.0,39.0,7.37,50.5,1.9,21.7,234.0,Loam
23.0,24.0,54.0,7.27,18.74,6.7,6.7,512.9,Silt loam
19.0,24.0,58.0,7.38,17.0,5.9,6.1,400.0,Silt loam
69.0,10.0,20.0,5.54,4.18,0.5,39.9,77.9,Loam
17.0,31.0,52.0,7.88,19.54,1.6,18.3,217.5,Clay loam
20.0,43.0,37.0,7.93,19.03,1.2,13.3,414.3,Clay
49.0,11.0,40.0,7.22,62.4,4.8,90.8,403.6,Loam
21.0,33.0,46.0,7.31,13.12,3.7,7.2,669.1,Clay loam
63.0,11.0,26.0,5.94,5.45,1.2,3.1,61.2,Loam
26.0,20.0,53.0,7.19,40.4,3.5,11.9,315.9,Silt loam
40.0,20.0,40.0,7.78,15.61,1.8,4.3,149.8,Loam
41.0,17.0,41.0,4.39,17.99,4.0,18.3,49.7,Loam
38.0,32.0,30.0,7.84,18.81,1.1,19.6,202.2,Clay loam
57.0,11.0,32.0,5.9,9.61,1.0,8.1,106.9,Loam
18.0,46.0,36.0,7.75,14.8,1.6,7.1,477.1,Clay
39.0,20.0,42.0,7.74,12.59,1.4,2.8,205.7,Loam
38.0,22.0,41.0,5.37,2.95,0.5,2.5,161.9,Loam
14.0,37.0,50.0,7.49,17.51,3.5,3.0,342.6,Clay loam
34.0,34.0,33.0,7.8,23.0,1.2,25.0,254.0,Clay loam
14.0,45.0,42.0,7.77,16.65,2.1,36.7,393.4,Silty clay
32.0,16.0,52.0,7.7,18.39,2.8,6.3,264.8,Silt loam
42.0,28.0,30.0,7.74,9.86,1.2,31.9,188.1,Clay loam
27.0,35.0,38.0,7.73,12.16,1.3,27.8,666.7,Clay loam
42.0,18.0,40.0,6.23,9.69,2.3,5.7,193.2,Loam
25.0,37.0,38.0,8.04,13.19,0.6,7.1,194.3,Clay loam
22.0,40.0,37.0,7.91,26.3,1.5,25.2,138.9,Clay
33.0,33.0,34.0,7.95,14.63,1.3,12.4,453.5,Clay loam
45.0,25.0,30.0,7.93,14.44,0.6,9.3,239.7,Loam
56.0,18.0,25.0,8.12,12.11,0.5,0.0,80.6,Loam
19.0,23.0,58.0,7.63,15.26,3.8,4.1,369.2,Silt loam
29.0,27.0,44.0,8.25,13.6,0.7,2.6,146.5,Clay loam
24.0,24.0,52.0,7.5,13.07,3.7,4.9,172.1,Silt loam
10.0,39.0,51.0,7.62,11.63,2.8,3.2,296.5,Clay loam
20.0,37.0,42.0,7.78,14.77,1.6,15.1,523.9,Clay loam
25.0,34.0,42.0,7.71,11.99,2.2,2.9,528.8,Clay loam
29.0,23.0,48.0,7.43,15.61,3.3,4.6,682.5,Loam
18.0,32.0,50.0,7.74,17.61,3.3,21.5,479.6,Clay loam
22.0,27.0,52.0,7.67,15.32,4.1,5.5,591.2,Silt loam
32.0,22.0,46.0,7.66,18.35,2.4,4.1,584.2,Loam
52.0,23.0,26.0,7.85,17.78,1.1,59.0,263.8,Sandy loam
76.0,7.0,17.0,6.86,4.06,0.5,10.1,55.1,Loamy sand
33.0,22.0,45.0,7.88,16.15,3.0,5.4,421.9,Loam
8.0,56.0,35.0,7.82,14.63,1.4,22.7,763.9,Clay
46.0,18.0,36.0,5.0,2.76,0.9,0.0,28.8,Loam
46.0,22.0,32.0,8.02,30.9,1.1,7.2,141.3,Loam
31.0,23.0,46.0,4.77,6.86,3.2,5.5,36.9,Loam
36.0,18.0,46.0,5.21,3.79,1.0,8.0,52.3,Loam
54.0,9.0,37.0,5.3,21.4,3.0,17.4,205.4,Loam
73.0,6.0,21.0,5.17,4.78,1.0,10.7,72.9,Loamy sand
70.0,5.0,25.0,5.58,6.77,3.0,33.4,81.0,Loamy sand
24.0,25.0,50.0,5.86,35.6,7.6,47.9,396.2,Silt loam
23.0,25.0,52.0,5.49,15.08,2.6,59.8,332.5,Silt loam
28.0,22.0,50.0,4.74,3.99,2.4,0.0,44.0,Silt loam
47.0,18.0,35.0,5.22,3.86,0.9,0.0,51.0,Loam
59.0,11.0,30.0,4.71,3.36,0.9,5.2,30.0,Loam
50.0,17.0,34.0,7.99,13.15,0.9,0.0,60.0,Loam
18.0,20.0,62.0,5.03,5.45,1.9,9.4,132.7,Silt loam
69.0,7.0,24.0,5.31,7.75,1.6,76.1,161.2,Loam
30.0,23.0,47.0,6.92,13.67,1.9,0.0,95.4,Loam
10.0,44.0,46.0,5.75,10.26,3.4,0.0,102.5,Silty clay
12.0,33.0,55.0,4.72,16.12,3.1,5.3,99.1,Clay loam
12.0,37.0,51.0,5.84,10.34,3.6,0.0,154.9,Clay loam
12.0,33.0,55.0,5.04,17.48,4.9,7.0,128.6,Clay loam
9.0,35.0,56.0,5.11,22.4,3.6,5.9,297.6,Clay loam
25.0,29.0,47.0,5.89,6.62,2.6,0.0,102.5,Clay loam
72.0,4.0,24.0,4.26,7.76,2.3,12.8,31.2,Loamy sand
33.0,19.0,48.0,4.46,3.67,2.3,10.3,50.3,Loam
36.0,19.0,45.0,8.25,13.59,0.7,4.3,61.8,Loam
22.0,44.0,35.0,8.02,15.81,1.3,11.3,326.2,Clay
29.0,19.0,52.0,7.32,36.0,6.9,10.9,450.8,Silt loam
50.0,22.0,28.0,7.73,14.52,1.6,27.2,171.4,Loam
23.0,37.0,40.0,7.86,20.8,2.3,79.7,1024.7,Clay loam
45.0,21.0,34.0,7.95,17.16,1.6,10.7,146.0,Loam
24.0,17.0,59.0,7.33,20.1,10.8,19.3,669.9,Silt loam
31.0,32.0,37.0,7.82,18.51,1.3,23.7,386.9,Clay loam
26.0,26.0,48.0,8.06,9.75,1.5,5.9,80.9,Loam
55.0,13.0,32.0,4.65,4.18,2.2,5.5,37.9,Loam
21.0,21.0,58.0,4.4,88.2,7.6,89.4,125.1,Silt loam
17.0,43.0,40.0,8.0,15.26,0.9,9.3,353.1,Silty clay
14.0,45.0,41.0,8.31,13.37,0.3,0.0,73.1,Silty clay
31.0,25.0,44.0,7.86,20.2,1.6,0.0,205.9,Loam
37.0,14.0,49.0,7.69,23.5,3.9,9.9,324.1,Loam
19.0,23.0,58.0,7.79,15.05,2.5,5.0,266.3,Silt loam
73.0,13.0,14.0,8.35,14.7,0.5,27.2,184.5,Loamy sand
26.0,23.0,51.0,7.5,9.21,1.1,6.4,60.0,Silt loam
43.0,26.0,31.0,8.05,14.7,1.1,22.5,133.1,Loam
26.0,40.0,35.0,7.88,14.5,1.3,14.7,321.5,Clay loam
18.0,29.0,53.0,5.52,4.51,1.8,11.7,67.6,Clay loam
11.0,57.0,32.0,7.48,98.0,1.5,21.1,492.1,Clay
16.0,45.0,39.0,8.0,13.45,1.1,11.2,120.5,Clay
38.0,24.0,38.0,7.86,21.1,1.5,10.9,151.0,Loam
29.0,33.0,38.0,8.13,11.55,1.0,0.0,132.0,Clay loam
9.0,46.0,45.0,7.69,16.69,1.6,10.0,526.7,Silty clay
12.0,45.0,43.0,7.95,14.37,0.9,16.4,274.8,Silty clay
17.0,41.0,42.0,7.86,15.77,1.1,14.7,326.4,Silty clay
46.0,13.0,41.0,7.93,14.13,1.5,16.2,97.9,Loam
35.0,31.0,34.0,7.97,15.95,1.3,36.2,175.6,Clay loam
12.0,51.0,37.0,7.96,14.06,1.1,16.1,168.3,Clay
21.0,19.0,60.0,6.52,98.5,10.5,18.5,256.3,Silt loam
20.0,37.0,43.0,7.78,20.4,1.5,14.2,386.1,Clay loam
26.0,20.0,54.0,6.98,75.5,5.9,28.6,424.8,Silt loam
13.0,46.0,41.0,7.53,58.7,1.6,6.4,256.4,Silty clay
26.0,31.0,42.0,7.96,16.02,1.4,35.0,102.2,Clay loam
29.0,24.0,47.0,7.71,19.98,2.3,47.1,103.0,Loam
13.0,33.0,54.0,7.59,15.06,5.1,5.0,295.6,Clay loam
39.0,14.0,47.0,7.94,14.59,1.3,9.6,82.2,Loam
12.0,49.0,39.0,7.8,31.5,1.0,15.0,284.1,Clay
29.0,35.0,36.0,7.69,14.17,1.3,5.2,221.5,Clay loam
13.0,39.0,48.0,7.68,14.4,2.5,0.0,641.5,Clay loam
6.0,55.0,39.0,7.88,13.12,1.1,0.0,415.0,Clay
23.0,24.0,53.0,7.44,15.91,2.0,0.0,88.1,Silt loam
23.0,28.0,49.0,7.65,14.61,2.3,0.0,233.3,Clay loam
42.0,13.0,44.0,4.3,10.66,3.7,31.9,105.4,Loam
19.0,26.0,55.0,5.86,60.7,6.9,6.9,151.6,Silt loam
38.0,19.0,43.0,6.84,15.41,3.4,11.3,182.4,Loam
32.0,17.0,51.0,7.45,20.0,2.8,5.9,112.2,Silt loam
33.0,23.0,44.0,7.1,50.2,8.2,27.3,833.7,Loam
14.0,50.0,36.0,7.95,23.2,1.1,0.0,133.7,Clay
13.0,30.0,57.0,7.32,31.2,4.2,47.6,351.9,Clay loam
28.0,14.0,58.0,6.5,122.2,6.8,19.9,173.6,Silt loam
24.0,37.0,39.0,7.92,13.85,1.2,4.7,194.2,Clay loam
40.0,17.0,43.0,7.35,17.09,2.5,7.5,126.5,Loam
24.0,19.0,57.0,8.2,15.88,0.9,10.0,94.2,Silt loam
38.0,11.0,50.0,5.07,11.12,7.9,27.1,136.9,Silt loam
37.0,17.0,45.0,5.86,22.3,4.4,37.1,175.9,Loam
36.0,17.0,46.0,5.9,10.69,5.2,27.6,216.4,Loam
39.0,14.0,47.0,6.2,11.14,5.0,14.6,141.5,Loam
48.0,15.0,38.0,6.3,8.75,4.1,7.3,105.6,Loam
36.0,24.0,40.0,7.57,18.99,3.1,6.7,253.7,Loam
17.0,30.0,53.0,7.53,20.2,2.3,5.3,149.5,Clay loam
32.0,27.0,41.0,7.78,15.57,1.4,6.9,133.6,Clay loam
22.0,19.0,59.0,6.73,111.7,14.6,16.2,244.8,Silt loam
27.0,16.0,57.0,7.42,35.7,3.9,8.5,329.6,Silt loam
33.0,21.0,46.0,7.3,53.5,3.2,11.6,324.5,Loam
20.0,45.0,35.0,8.05,17.11,1.1,12.1,281.4,Clay
40.0,25.0,35.0,8.11,17.1,1.1,13.8,145.6,Loam
44.0,18.0,38.0,7.02,4.18,0.7,0.0,75.2,Loam
39.0,20.0,41.0,5.85,4.29,2.0,0.0,86.0,Loam
16.0,41.0,42.0,7.94,22.6,2.0,17.0,365.5,Silty clay
62.0,17.0,21.0,8.07,18.6,0.9,10.6,123.9,Loam
31.0,23.0,45.0,7.98,14.03,1.2,11.7,177.0,Loam
20.0,40.0,39.0,8.01,17.39,1.1,6.1,284.0,Clay
32.0,28.0,40.0,7.95,25.4,1.5,14.5,170.4,Clay loam
27.0,32.0,41.0,8.0,15.58,1.4,8.4,230.9,Clay loam
29.0,23.0,48.0,7.89,15.18,2.6,0.0,263.2,Loam
16.0,35.0,49.0,7.64,55.2,3.6,6.2,389.0,Clay loam
16.0,41.0,42.0,8.04,19.29,1.2,0.0,146.4,Silty clay
57.0,22.0,21.0,7.55,230.0,0.3,0.0,117.4,Sandy loam
33.0,39.0,28.0,8.1,14.17,1.0,9.4,447.3,Clay loam
45.0,19.0,36.0,7.92,15.65,1.5,16.0,224.0,Loam
18.0,39.0,43.0,7.81,38.8,2.4,30.7,387.9,Clay loam
11.0,41.0,48.0,7.84,18.4,2.6,0.0,272.9,Silty clay
25.0,22.0,53.0,7.53,15.89,5.4,9.5,425.1,Silt loam
55.0,16.0,29.0,7.8,13.35,1.2,0.0,194.2,Loam
25.0,22.0,53.0,7.77,18.91,2.8,0.0,188.8,Silt loam
25.0,28.0,47.0,7.95,19.51,0.9,8.7,255.8,Clay loam
26.0,32.0,42.0,8.0,14.33,1.0,11.5,248.3,Clay loam
47.0,23.0,30.0,8.2,12.45,0.7,6.2,152.2,Loam
12.0,42.0,46.0,7.84,15.08,1.1,0.0,84.3,Silty clay
42.0,24.0,34.0,8.05,17.47,1.2,20.4,186.0,Loam
21.0,25.0,54.0,8.17,15.34,1.0,0.0,178.2,Silt loam
56.0,17.0,27.0,8.15,13.17,0.8,0.0,105.9,Loam
32.0,18.0,50.0,7.51,16.86,1.4,0.0,303.6,Silt loam
39.0,22.0,39.0,8.09,15.47,1.3,15.4,136.2,Loam
51.0,14.0,36.0,7.54,16.58,2.7,0.0,171.3,Loam
24.0,24.0,52.0,7.85,13.43,3.8,6.8,197.6,Silt loam
48.0,14.0,38.0,7.71,25.0,2.0,5.6,152.0,Loam
30.0,19.0,51.0,8.23,10.88,0.6,0.0,106.7,Silt loam
55.0,15.0,31.0,6.85,6.33,1.2,0.0,114.9,Loam
9.0,40.0,52.0,7.91,20.2,2.1,12.2,293.6,Clay loam
59.0,12.0,29.0,6.17,30.6,1.7,0.0,121.6,Loam
18.0,33.0,48.0,8.03,20.9,0.9,7.5,133.2,Clay loam
37.0,22.0,41.0,5.82,20.9,1.3,10.0,118.2,Loam
47.0,20.0,33.0,6.57,13.2,1.1,0.0,97.6,Loam
14.0,41.0,45.0,7.94,24.6,1.7,12.1,155.4,Silty clay
20.0,30.0,50.0,7.87,27.8,2.6,8.7,229.4,Clay loam
10.0,56.0,34.0,7.8,29.8,1.6,18.6,495.2,Clay
10.0,49.0,40.0,7.9,15.99,1.2,7.9,354.1,Silty clay
19.0,29.0,52.0,7.76,42.7,2.3,47.3,185.2,Clay loam
52.0,16.0,32.0,7.65,32.6,3.2,0.0,330.8,Loam
27.0,26.0,47.0,7.93,43.5,1.2,27.2,496.5,Loam
22.0,28.0,51.0,7.88,23.6,2.2,7.0,244.2,Clay loam
13.0,37.0,50.0,8.06,16.64,1.8,14.1,144.5,Clay loam
32.0,30.0,38.0,8.05,18.3,1.3,18.8,144.8,Clay loam
32.0,25.0,43.0,8.01,27.3,1.3,8.9,156.3,Loam
20.0,22.0,57.0,7.48,17.83,5.8,7.7,421.5,Silt loam
21.0,42.0,37.0,8.03,18.32,1.1,10.7,286.1,Clay
35.0,14.0,51.0,7.1,117.3,7.5,22.5,286.5,Silt loam
20.0,38.0,42.0,7.96,26.4,1.4,9.0,239.3,Clay loam
38.0,15.0,47.0,7.73,26.8,3.2,0.0,94.2,Loam
11.0,46.0,43.0,7.89,24.2,1.9,27.3,306.4,Silty clay
30.0,30.0,40.0,7.83,37.6,1.9,7.3,612.9,Clay loam
33.0,27.0,41.0,7.93,15.5,1.4,14.3,295.0,Loam
27.0,27.0,46.0,7.88,25.2,1.6,5.8,265.0,Clay loam
22.0,31.0,47.0,7.85,23.8,2.1,0.0,238.5,Clay loam
14.0,41.0,45.0,8.02,15.67,1.9,5.9,295.5,Silty clay
30.0,22.0,47.0,7.87,18.52,2.3,0.0,243.7,Loam
12.0,32.0,56.0,7.76,23.1,3.7,5.7,557.6,Clay loam
20.0,25.0,55.0,7.77,25.2,1.9,4.7,154.9,Silt loam
14.0,41.0,45.0,8.01,23.5,1.7,16.0,555.6,Silty clay
28.0,19.0,54.0,7.55,66.9,4.9,11.0,370.5,Silt loam
37.0,29.0,34.0,7.25,32.0,1.5,10.7,220.9,Clay loam
23.0,29.0,48.0,8.06,21.5,0.9,7.5,236.4,Clay loam
33.0,23.0,44.0,7.98,20.4,2.1,23.1,159.4,Loam
51.0,26.0,22.0,8.0,18.66,0.7,7.6,231.4,Sandy loam
18.0,38.0,44.0,8.09,23.5,1.2,15.7,330.1,Clay loam
69.0,12.0,19.0,6.97,13.05,0.6,30.6,245.5,Loam
67.0,11.0,22.0,5.79,6.97,0.7,43.1,69.1,Loam
45.0,19.0,35.0,6.2,4.95,0.8,13.1,71.8,Loam
33.0,24.0,43.0,8.02,15.73,1.1,0.0,151.7,Loam
57.0,19.0,24.0,7.95,25.1,1.2,26.0,290.5,Loam
34.0,32.0,34.0,7.77,35.3,1.5,9.3,388.7,Clay loam
43.0,11.0,45.0,7.49,22.9,4.2,28.7,277.8,Loam
15.0,27.0,58.0,7.62,32.7,5.6,6.9,535.6,Clay loam
67.0,6.0,27.0,4.46,28.9,5.5,19.2,146.2,Loam
23.0,35.0,42.0,7.79,16.35,2.6,7.4,265.0,Clay loam
31.0,24.0,45.0,5.23,3.14,1.5,0.0,60.5,Loam
27.0,37.0,36.0,5.89,9.33,1.6,10.0,80.2,Clay loam
23.0,35.0,42.0,7.92,15.71,0.8,5.7,356.2,Clay loam
57.0,19.0,25.0,7.86,15.82,1.3,38.0,203.1,Loam
12.0,52.0,35.0,7.87,25.1,1.3,15.9,546.2,Clay
20.0,41.0,40.0,7.47,42.0,2.4,11.5,506.2,Clay
14.0,46.0,40.0,7.75,16.97,2.3,0.0,456.9,Silty clay
29.0,28.0,43.0,7.33,15.85,3.6,9.7,419.1,Clay loam
33.0,16.0,51.0,4.85,84.3,5.3,26.3,175.0,Silt loam
15.0,42.0,43.0,7.29,18.73,3.2,7.4,795.1,Silty clay
25.0,16.0,59.0,6.43,11.14,3.4,9.2,255.4,Silt loam
33.0,20.0,46.0,6.05,47.4,4.3,12.8,370.1,Loam
4.0,47.0,49.0,8.44,16.95,0.8,0.0,393.3,Silty clay
64.0,8.0,28.0,6.42,6.53,1.5,7.2,66.3,Loam
67.0,12.0,21.0,8.15,19.8,0.2,0.0,76.6,Loam
59.0,9.0,32.0,6.65,8.52,2.5,9.4,157.6,Loam
44.0,17.0,39.0,6.37,8.37,3.4,7.0,119.6,Loam
36.0,21.0,43.0,5.6,6.71,1.7,0.0,108.5,Loam
37.0,19.0,44.0,7.56,30.5,2.1,5.4,209.9,Loam
18.0,34.0,47.0,7.03,17.32,6.8,15.4,817.4,Clay loam
43.0,11.0,46.0,5.14,13.88,4.9,22.9,162.7,Loam
28.0,26.0,45.0,7.85,15.94,2.1,5.2,237.3,Loam
60.0,9.0,31.0,6.35,5.52,0.6,14.0,49.3,Loam
61.0,12.0,27.0,7.7,11.11,1.0,0.0,74.9,Loam
49.0,10.0,41.0,5.14,13.24,2.6,27.0,140.4,Loam
63.0,10.0,27.0,7.05,10.79,1.0,11.1,123.4,Loam
63.0,7.0,30.0,6.1,10.89,1.7,17.2,65.2,Loam
46.0,18.0,36.0,7.29,9.48,1.5,0.0,132.9,Loam
31.0,25.0,44.0,6.3,3.96,0.9,21.1,147.4,Loam
45.0,14.0,41.0,5.98,10.89,1.4,56.5,176.4,Loam
85.0,5.0,9.0,5.2,3.92,0.4,17.2,99.5,Sand
47.0,15.0,38.0,5.87,6.01,1.4,5.4,136.2,Loam
58.0,8.0,35.0,4.64,9.29,4.2,17.6,133.0,Loam
13.0,47.0,40.0,7.65,12.28,1.5,12.0,421.8,Silty clay
33.0,33.0,34.0,7.51,13.1,1.4,49.9,373.7,Clay loam
42.0,18.0,39.0,7.83,15.86,1.0,20.8,201.4,Loam
28.0,20.0,52.0,7.33,41.5,2.4,6.2,107.4,Silt loam
81.0,6.0,13.0,5.77,3.11,0.4,0.0,44.7,Loamy sand
57.0,10.0,33.0,4.98,19.27,2.1,20.5,158.7,Loam
53.0,10.0,36.0,5.93,6.67,1.8,13.0,156.4,Loam
31.0,24.0,45.0,7.55,27.0,2.5,8.5,364.2,Loam
43.0,14.0,42.0,6.58,24.7,2.1,7.0,290.2,Loam
14.0,40.0,45.0,8.16,16.46,1.1,0.0,257.4,Silty clay
16.0,37.0,47.0,7.8,18.5,1.5,0.0,442.8,Clay loam
17.0,28.0,55.0,6.93,169.5,8.7,16.8,739.6,Clay loam
78.0,7.0,15.0,6.1,9.65,0.4,0.0,30.8,Loamy sand
29.0,17.0,55.0,7.33,43.5,3.7,6.0,157.8,Silt loam
27.0,16.0,57.0,7.44,43.2,4.9,7.3,204.4,Silt loam
27.0,28.0,45.0,7.48,31.3,2.6,5.4,295.1,Clay loam
19.0,32.0,49.0,7.0,9.62,1.8,0.0,545.9,Clay loam
23.0,21.0,56.0,7.58,38.8,3.9,8.8,329.7,Silt loam
20.0,39.0,40.0,7.74,12.86,2.4,0.0,410.8,Clay loam
34.0,20.0,47.0,6.7,11.44,4.5,9.5,243.3,Loam
18.0,29.0,53.0,7.41,40.3,3.3,6.0,722.9,Clay loam
14.0,32.0,53.0,7.24,32.5,4.1,0.0,544.4,Clay loam
25.0,17.0,58.0,7.23,47.6,6.3,11.3,308.9,Silt loam
42.0,18.0,40.0,7.17,23.9,1.3,0.0,96.8,Loam
43.0,20.0,38.0,7.62,17.27,2.3,5.3,172.4,Loam
15.0,33.0,52.0,7.39,43.6,4.7,7.1,568.2,Clay loam
60.0,16.0,24.0,8.0,22.6,1.0,0.0,95.4,Loam
45.0,15.0,40.0,7.34,38.3,3.1,11.0,213.5,Loam
41.0,23.0,35.0,7.66,18.07,1.6,0.0,437.5,Loam
24.0,31.0,45.0,7.93,14.08,0.9,15.7,190.8,Clay loam
26.0,19.0,55.0,7.62,35.6,4.8,8.6,693.0,Silt loam
15.0,38.0,47.0,7.21,22.5,2.7,0.0,530.7,Clay loam
25.0,26.0,49.0,7.36,7.06,0.5,5.7,84.6,Loam
16.0,23.0,61.0,5.49,3.75,1.4,0.0,100.8,Silt loam
46.0,8.0,46.0,3.81,11.52,4.0,16.0,192.9,Loam
20.0,19.0,61.0,4.97,7.74,5.6,38.2,429.9,Silt loam
28.0,10.0,62.0,4.03,21.3,11.7,23.2,247.8,Silt loam
41.0,7.0,52.0,4.15,7.16,5.3,15.9,47.3,Silt loam
53.0,8.0,38.0,4.7,3.73,2.2,0.0,39.4,Loam
43.0,9.0,48.0,4.82,9.69,7.7,10.2,112.0,Loam
41.0,11.0,48.0,4.0,7.78,6.8,18.2,49.4,Loam
26.0,12.0,62.0,5.06,18.49,7.6,33.9,195.5,Silt loam
26.0,30.0,44.0,7.42,33.9,3.1,7.4,413.3,Clay loam
41.0,18.0,41.0,5.96,29.6,2.6,5.4,77.7,Loam
18.0,34.0,48.0,6.67,49.0,3.5,6.7,602.0,Clay loam
22.0,20.0,58.0,7.13,102.9,6.4,39.5,440.9,Silt loam
47.0,12.0,40.0,6.38,45.3,3.0,11.2,155.2,Loam
36.0,17.0,47.0,5.11,57.2,3.9,11.2,195.9,Loam
27.0,25.0,48.0,7.33,37.5,4.3,6.2,394.5,Loam
8.0,34.0,58.0,7.71,20.1,1.4,0.0,128.7,Clay loam
19.0,36.0,45.0,7.75,21.0,1.6,0.0,320.5,Clay loam
49.0,23.0,28.0,7.19,13.21,1.2,5.4,134.1,Loam
16.0,39.0,45.0,7.28,17.98,1.6,0.0,326.3,Clay loam
23.0,27.0,50.0,5.7,20.0,2.2,42.6,279.7,Clay loam
57.0,10.0,33.0,5.35,15.5,2.4,13.7,109.2,Loam
55.0,21.0,23.0,7.89,15.55,0.7,4.6,133.7,Sandy loam
27.0,20.0,53.0,7.55,14.97,2.6,4.1,169.1,Silt loam
48.0,15.0,36.0,8.1,15.17,1.5,0.0,94.5,Loam
23.0,18.0,59.0,4.39,41.3,6.7,33.4,137.5,Silt loam
49.0,10.0,41.0,5.56,52.4,3.2,22.6,124.6,Loam
26.0,21.0,53.0,7.27,43.4,4.4,8.0,98.6,Silt loam
23.0,21.0,56.0,7.32,14.87,1.5,0.0,52.1,Silt loam
27.0,19.0,54.0,6.1,12.74,1.9,5.2,72.2,Silt loam
67.0,7.0,26.0,7.4,11.21,0.7,0.0,28.3,Loam
19.0,26.0,55.0,5.73,21.7,2.5,4.1,125.8,Silt loam
35.0,10.0,55.0,7.25,9.17,1.6,0.0,39.0,Silt loam
25.0,20.0,55.0,5.57,18.57,2.4,6.3,101.5,Silt loam
41.0,24.0,35.0,5.58,6.9,1.1,71.8,197.6,Loam
42.0,14.0,44.0,6.23,17.43,4.5,23.8,221.7,Loam
42.0,15.0,43.0,6.95,11.1,2.9,11.1,85.4,Loam
18.0,27.0,55.0,8.56,599.6,1.0,0.0,86.9,Clay loam
49.0,17.0,35.0,5.32,5.0,2.1,6.0,167.5,Loam
38.0,18.0,43.0,5.12,6.04,2.4,8.3,125.9,Loam
28.0,24.0,47.0,7.49,17.59,3.8,4.7,250.0,Loam
41.0,11.0,47.0,5.59,9.78,4.8,19.4,222.8,Loam
24.0,24.0,53.0,5.42,10.72,3.2,5.8,187.4,Silt loam
45.0,13.0,42.0,7.13,6.77,1.1,0.0,48.2,Loam
33.0,27.0,40.0,7.99,15.47,1.4,13.7,193.8,Clay loam
43.0,25.0,32.0,8.07,10.84,0.7,0.0,159.8,Loam
46.0,10.0,44.0,7.75,9.85,0.7,0.0,34.1,Loam
41.0,19.0,40.0,7.77,8.12,0.7,0.0,69.8,Loam
43.0,18.0,38.0,6.9,7.28,1.2,7.4,130.6,Loam
30.0,17.0,52.0,6.82,8.4,1.1,6.3,54.9,Silt loam
27.0,29.0,44.0,8.16,14.2,0.8,4.4,121.1,Clay loam
37.0,23.0,41.0,8.05,15.6,1.3,11.7,127.6,Loam
57.0,10.0,32.0,8.11,13.13,0.9,5.1,40.3,Loam
23.0,36.0,41.0,7.83,20.5,2.0,8.6,131.7,Clay loam
59.0,8.0,33.0,7.39,4.95,0.8,0.0,35.6,Loam
19.0,24.0,57.0,8.08,16.41,2.0,4.1,88.6,Silt loam
69.0,8.0,23.0,6.88,5.23,0.9,0.0,39.6,Loam
51.0,11.0,38.0,6.6,5.47,0.8,0.0,59.8,Loam
15.0,34.0,51.0,7.36,14.79,3.0,4.5,334.1,Clay loam
42.0,14.0,44.0,7.68,15.87,1.9,0.0,50.1,Loam
45.0,20.0,35.0,8.09,13.64,1.3,7.1,123.7,Loam
60.0,9.0,31.0,7.51,10.5,1.4,0.0,41.6,Loam
38.0,12.0,49.0,5.77,6.73,1.3,5.5,49.6,Loam
44.0,12.0,44.0,6.59,3.92,1.1,0.0,27.2,Loam
46.0,11.0,43.0,6.0,11.31,2.0,16.4,155.4,Loam
38.0,13.0,49.0,7.7,7.17,0.9,4.6,31.1,Loam
31.0,17.0,52.0,7.39,40.4,4.6,11.6,373.4,Silt loam
28.0,20.0,52.0,6.86,10.91,2.8,38.4,235.8,Silt loam
41.0,12.0,47.0,5.76,27.4,3.8,16.0,147.0,Loam
26.0,17.0,57.0,5.73,12.45,3.7,14.4,146.4,Silt loam
43.0,15.0,42.0,6.28,4.41,0.6,6.2,116.2,Loam
70.0,9.0,21.0,5.16,6.95,0.5,26.9,54.3,Loamy sand
93.0,2.0,5.0,5.25,5.11,0.5,0.0,27.4,Sand
21.0,34.0,45.0,7.75,19.04,1.7,29.6,334.6,Clay loam
36.0,25.0,40.0,7.6,27.4,1.7,5.9,214.5,Loam
41.0,16.0,43.0,6.38,9.34,2.4,0.0,131.6,Loam
38.0,14.0,48.0,5.47,14.01,4.7,16.2,204.2,Loam
17.0,35.0,47.0,7.91,16.85,1.5,20.8,399.1,Clay loam
39.0,17.0,44.0,6.02,6.77,2.7,7.3,159.0,Loam
40.0,19.0,41.0,7.24,15.22,2.7,7.0,326.8,Loam
29.0,27.0,44.0,5.05,4.93,1.2,20.0,95.4,Clay loam
20.0,20.0,60.0,7.45,20.4,8.0,16.4,543.6,Silt loam
20.0,25.0,55.0,7.65,18.97,4.6,10.2,473.9,Silt loam
22.0,22.0,56.0,7.75,12.7,3.0,0.0,114.7,Silt loam
18.0,26.0,56.0,7.61,10.98,3.2,0.0,177.4,Silt loam
21.0,23.0,55.0,7.13,8.13,2.8,0.0,161.4,Silt loam
57.0,10.0,34.0,5.29,7.21,1.9,7.3,106.4,Loam
38.0,31.0,31.0,7.77,15.27,1.2,14.5,282.1,Clay loam
9.0,59.0,32.0,8.23,12.9,0.4,0.0,140.7,Clay
20.0,22.0,58.0,5.26,4.59,0.8,0.0,87.1,Silt loam
20.0,34.0,47.0,8.03,24.1,2.2,21.5,227.3,Clay loam
31.0,24.0,45.0,7.64,188.1,1.4,21.2,133.0,Loam
60.0,18.0,21.0,8.11,13.6,0.8,19.7,191.3,Loam
29.0,21.0,51.0,7.51,15.64,3.9,5.5,232.0,Silt loam
22.0,27.0,52.0,7.43,28.5,4.9,6.9,92.6,Silt loam
42.0,19.0,39.0,7.37,226.0,1.2,0.0,114.3,Loam
19.0,37.0,43.0,8.15,20.3,1.3,10.8,152.1,Clay loam
54.0,15.0,31.0,6.97,10.98,1.5,4.3,152.5,Loam
23.0,26.0,51.0,7.59,16.27,2.2,0.0,84.2,Silt loam
51.0,9.0,40.0,5.64,5.07,2.8,0.0,143.0,Loam
33.0,18.0,50.0,5.85,25.8,3.5,10.6,127.7,Loam
53.0,13.0,34.0,5.42,5.78,2.7,6.8,184.8,Loam
27.0,16.0,58.0,4.62,74.1,5.0,24.6,236.9,Silt loam
28.0,26.0,46.0,7.3,11.25,0.9,38.8,220.6,Loam
25.0,19.0,55.0,7.8,14.08,1.8,6.8,148.3,Silt loam
43.0,15.0,42.0,5.23,6.99,3.3,10.8,218.6,Loam
64.0,6.0,30.0,5.46,6.38,4.2,10.6,92.7,Loam
20.0,39.0,41.0,7.52,13.67,1.3,17.2,327.1,Clay loam
42.0,14.0,44.0,7.85,17.01,2.3,0.0,103.4,Loam
81.0,6.0,13.0,6.45,3.94,0.7,36.0,80.0,Loamy sand
45.0,11.0,44.0,5.8,7.99,4.2,13.9,228.3,Loam
23.0,21.0,55.0,7.55,18.87,3.9,7.7,135.3,Silt loam
46.0,17.0,37.0,7.92,7.46,0.5,0.0,90.7,Loam
73.0,10.0,18.0,5.27,4.16,0.9,0.0,93.1,Loamy sand
44.0,13.0,42.0,5.47,11.59,4.8,11.1,226.0,Loam
51.0,13.0,36.0,5.56,7.28,2.6,10.9,77.7,Loam
47.0,23.0,30.0,4.84,5.73,1.9,17.0,146.5,Loam
52.0,17.0,31.0,4.77,3.92,1.3,24.0,45.5,Loam
45.0,20.0,35.0,4.64,6.67,1.6,22.9,61.1,Loam
38.0,18.0,44.0,5.59,5.95,2.1,0.0,64.5,Loam
37.0,19.0,44.0,4.58,6.57,1.7,9.0,51.6,Loam
70.0,9.0,21.0,4.38,4.78,0.8,0.0,24.7,Loamy sand
50.0,21.0,30.0,6.57,19.15,1.4,45.5,598.0,Loam
49.0,17.0,34.0,7.16,15.81,2.1,29.1,96.3,Loam
24.0,33.0,43.0,7.7,29.4,2.9,108.7,459.4,Clay loam
27.0,19.0,54.0,4.19,10.87,7.8,28.6,126.8,Silt loam
46.0,12.0,42.0,4.92,12.75,5.0,12.2,115.9,Loam
20.0,25.0,55.0,5.59,6.67,4.9,7.1,124.0,Silt loam
16.0,27.0,57.0,5.7,6.82,5.5,9.1,183.1,Clay loam
14.0,24.0,62.0,4.04,11.08,5.8,16.9,103.7,Silt loam
25.0,24.0,50.0,4.57,8.49,3.7,15.9,395.2,Silt loam
28.0,38.0,34.0,7.63,14.02,1.6,16.2,278.0,Clay loam
27.0,21.0,52.0,6.0,5.43,3.0,0.0,73.2,Silt loam
43.0,17.0,40.0,5.27,5.45,2.4,5.6,113.6,Loam
19.0,26.0,55.0,7.39,15.83,4.9,6.0,252.5,Silt loam
22.0,24.0,54.0,7.53,26.5,3.4,6.2,433.3,Silt loam
45.0,16.0,40.0,7.43,18.34,3.1,8.0,192.5,Loam
44.0,22.0,34.0,6.26,7.73,1.7,21.8,249.8,Loam
28.0,17.0,56.0,7.2,25.8,4.5,11.7,199.7,Silt loam
25.0,22.0,54.0,7.44,20.2,5.8,13.7,378.2,Silt loam
27.0,22.0,51.0,6.39,12.15,3.0,8.5,180.2,Silt loam
29.0,21.0,50.0,6.33,15.59,2.9,10.4,219.4,Silt loam
53.0,17.0,30.0,7.76,13.61,1.5,0.0,128.8,Loam
53.0,19.0,28.0,5.47,5.61,1.3,58.7,161.7,Loam
38.0,19.0,43.0,7.57,14.37,1.7,0.0,161.7,Loam
45.0,21.0,34.0,7.0,7.12,1.0,11.2,143.2,Loam
18.0,29.0,53.0,7.26,16.67,3.3,0.0,211.1,Clay loam
85.0,4.0,11.0,5.88,4.75,0.3,0.0,66.5,Sand
31.0,22.0,48.0,7.36,4.73,3.5,23.1,383.2,Loam
11.0,27.0,62.0,5.2,16.52,0.7,0.0,134.9,Clay loam
15.0,37.0,48.0,7.95,13.73,1.9,0.0,243.8,Clay loam
32.0,26.0,42.0,6.63,12.4,4.3,9.6,161.6,Loam
41.0,20.0,39.0,5.19,5.99,1.6,9.2,47.3,Loam
51.0,17.0,33.0,6.53,32.2,1.2,0.0,83.1,Loam
26.0,28.0,46.0,7.6,16.47,2.4,0.0,326.9,Clay loam
24.0,17.0,59.0,5.16,9.19,5.4,9.7,116.0,Silt loam
32.0,20.0,48.0,6.86,10.18,2.9,0.0,218.2,Loam
32.0,19.0,48.0,4.93,4.81,2.8,6.4,168.5,Loam
21.0,24.0,55.0,4.52,5.17,3.0,6.7,89.3,Silt loam
22.0,23.0,55.0,5.86,11.86,4.6,6.2,139.0,Silt loam
64.0,11.0,25.0,4.94,5.84,1.2,0.0,37.2,Loam
48.0,12.0,40.0,4.17,8.43,2.7,9.9,57.4,Loam
35.0,20.0,45.0,7.12,18.4,2.6,0.0,201.8,Loam
52.0,10.0,38.0,5.68,10.39,3.2,8.5,83.8,Loam
55.0,13.0,32.0,4.83,2.14,1.6,0.0,54.0,Loam
9.0,57.0,34.0,8.32,9.69,0.3,0.0,39.6,Clay
69.0,9.0,21.0,6.44,4.28,0.6,0.0,35.4,Loam
30.0,23.0,47.0,6.25,11.63,3.1,9.6,130.9,Loam
48.0,11.0,41.0,7.51,51.9,4.1,24.9,188.4,Loam
24.0,28.0,48.0,7.72,15.13,2.3,0.0,190.0,Clay loam
19.0,34.0,47.0,7.34,18.63,2.8,7.0,206.2,Clay loam
27.0,19.0,54.0,4.74,6.18,1.4,0.0,39.6,Silt loam
34.0,16.0,50.0,5.36,8.38,4.1,21.1,182.7,Silt loam
34.0,16.0,50.0,6.22,15.55,5.2,14.5,489.2,Silt loam
33.0,16.0,50.0,7.45,22.1,5.0,8.0,157.4,Silt loam
16.0,33.0,51.0,7.39,15.46,3.9,8.0,400.4,Clay loam
69.0,7.0,25.0,5.45,6.44,1.8,0.0,88.2,Loam
73.0,6.0,21.0,4.09,7.36,3.3,17.3,94.7,Loamy sand
38.0,17.0,46.0,4.93,8.15,2.0,0.0,76.3,Loam
23.0,24.0,53.0,6.48,12.66,2.5,7.8,223.7,Silt loam
16.0,33.0,51.0,7.92,12.51,1.0,17.7,128.2,Clay loam
55.0,15.0,29.0,7.03,5.58,0.8,0.0,75.0,Loam
39.0,20.0,41.0,7.24,13.0,2.5,5.9,241.3,Loam
17.0,28.0,55.0,7.0,13.71,5.4,8.7,404.8,Clay loam
67.0,9.0,24.0,7.35,9.38,1.3,0.0,65.7,Loam
35.0,26.0,39.0,5.36,5.28,1.0,31.6,207.6,Loam
59.0,10.0,31.0,6.17,8.68,1.2,7.2,78.0,Loam
43.0,21.0,36.0,4.86,5.14,1.6,29.6,102.6,Loam
36.0,20.0,43.0,6.1,10.84,2.9,9.6,387.0,Loam
44.0,17.0,39.0,4.27,4.56,2.3,6.4,92.2,Loam
37.0,18.0,45.0,4.85,5.21,2.8,14.7,65.8,Loam
33.0,25.0,43.0,6.83,14.87,2.9,36.6,159.2,Loam
57.0,8.0,35.0,6.83,13.97,3.4,10.1,240.5,Loam
13.0,27.0,60.0,6.34,18.04,6.5,11.7,181.5,Clay loam
32.0,22.0,45.0,7.03,19.7,2.0,0.0,202.5,Loam
34.0,18.0,47.0,7.08,20.5,2.9,7.4,297.5,Loam
20.0,27.0,54.0,5.55,6.7,4.6,6.2,231.2,Silt loam
44.0,16.0,40.0,6.23,5.75,2.2,0.0,72.0,Loam
21.0,20.0,59.0,4.19,22.1,6.2,35.8,207.8,Silt loam
23.0,24.0,54.0,4.15,22.8,3.9,12.5,99.9,Silt loam
59.0,6.0,35.0,4.49,12.09,7.9,28.3,209.9,Loam
56.0,8.0,36.0,6.26,71.7,8.3,7.7,47.9,Loam
45.0,11.0,44.0,7.37,49.7,2.7,12.1,68.7,Loam
68.0,6.0,27.0,4.44,7.68,3.2,17.4,108.4,Loam
54.0,7.0,39.0,4.78,21.3,2.8,21.7,136.6,Loam
19.0,24.0,56.0,5.7,10.03,3.4,9.7,158.6,Silt loam
44.0,12.0,44.0,4.2,6.91,6.0,16.5,78.8,Loam
24.0,14.0,62.0,4.81,4.86,2.8,71.3,83.3,Silt loam
46.0,7.0,47.0,4.56,11.32,10.8,27.2,174.6,Loam
45.0,13.0,42.0,4.81,64.0,3.5,12.7,77.4,Loam
23.0,23.0,54.0,5.02,7.59,4.2,12.7,156.2,Silt loam
17.0,22.0,61.0,4.34,32.1,5.6,13.2,191.8,Silt loam
40.0,18.0,42.0,4.68,37.2,2.7,11.3,102.4,Loam
37.0,19.0,44.0,4.57,30.6,3.0,17.4,126.1,Loam
33.0,23.0,44.0,4.58,7.06,2.1,19.2,127.6,Loam
28.0,23.0,49.0,5.23,52.7,4.2,8.6,398.9,Loam
68.0,5.0,27.0,4.36,21.8,14.5,43.8,220.2,Loam
39.0,17.0,44.0,4.98,6.01,2.4,8.3,122.4,Loam
24.0,21.0,55.0,6.34,9.73,5.0,7.8,122.4,Silt loam
20.0,24.0,56.0,4.53,60.8,4.4,10.0,81.0,Silt loam
42.0,17.0,41.0,6.57,36.6,4.4,56.3,260.0,Loam
25.0,39.0,36.0,8.09,15.35,1.8,6.6,500.4,Clay loam
29.0,26.0,46.0,7.78,23.8,1.8,66.5,378.4,Loam
48.0,17.0,34.0,7.71,15.3,1.3,0.0,120.8,Loam
24.0,24.0,51.0,7.12,16.07,2.1,5.9,211.0,Silt loam
42.0,17.0,42.0,5.93,10.45,2.0,13.4,104.4,Loam
19.0,32.0,49.0,6.91,37.5,1.3,9.9,61.7,Clay loam
21.0,21.0,58.0,5.94,8.22,2.1,0.0,84.0,Silt loam
28.0,22.0,50.0,5.61,4.67,1.5,0.0,65.1,Silt loam
33.0,23.0,45.0,5.84,6.06,1.7,4.7,85.9,Loam
27.0,15.0,58.0,7.87,19.6,4.1,0.0,88.9,Silt loam
54.0,20.0,26.0,8.06,17.02,1.0,9.8,111.0,Sandy loam
58.0,17.0,25.0,8.13,15.32,1.1,10.1,167.8,Loam
44.0,20.0,36.0,7.89,16.93,1.5,0.0,115.4,Loam
52.0,17.0,31.0,8.02,18.34,1.8,9.3,105.6,Loam
34.0,26.0,40.0,7.96,16.4,1.4,14.5,138.5,Loam
65.0,14.0,22.0,7.83,109.9,1.6,105.0,668.9,Loam
70.0,10.0,20.0,8.29,24.6,0.9,59.7,234.6,Loamy sand
49.0,20.0,31.0,8.11,15.76,1.0,4.7,184.1,Loam
21.0,42.0,37.0,8.13,16.42,0.9,7.3,312.3,Clay
19.0,43.0,38.0,8.07,17.25,0.7,7.3,517.1,Clay
28.0,24.0,49.0,8.18,12.05,0.7,0.0,120.2,Loam
25.0,31.0,43.0,8.06,16.23,2.1,9.3,281.6,Clay loam
24.0,22.0,55.0,6.76,12.54,8.0,6.3,125.2,Silt loam
11.0,57.0,32.0,7.93,17.44,0.9,11.8,556.0,Clay
30.0,32.0,37.0,7.55,44.3,2.2,48.5,579.4,Clay loam
31.0,28.0,41.0,8.19,17.21,1.3,15.7,322.0,Clay loam
26.0,23.0,51.0,7.6,27.5,3.4,9.7,506.0,Silt loam
27.0,40.0,33.0,8.17,13.45,0.7,0.0,111.8,Clay
18.0,55.0,28.0,7.9,16.59,1.1,11.7,223.0,Clay
37.0,19.0,44.0,7.88,14.7,1.6,0.0,107.4,Loam
30.0,22.0,49.0,8.07,15.9,2.3,0.0,105.3,Loam
28.0,21.0,51.0,7.68,15.28,4.1,9.2,288.1,Silt loam
56.0,15.0,29.0,7.39,16.94,2.7,8.2,215.9,Loam
61.0,8.0,31.0,7.91,12.15,0.7,0.0,37.2,Loam
18.0,37.0,45.0,8.19,13.94,0.8,0.0,129.4,Clay loam
34.0,20.0,46.0,7.05,19.53,5.1,23.3,394.1,Loam
56.0,12.0,33.0,7.87,17.0,1.8,6.2,86.2,Loam
45.0,19.0,36.0,7.76,20.6,2.6,8.9,357.2,Loam
24.0,39.0,37.0,8.1,15.9,0.5,0.0,82.8,Clay loam
38.0,29.0,33.0,8.19,15.81,1.0,9.3,145.0,Clay loam
48.0,17.0,35.0,7.67,16.38,2.2,0.0,274.2,Loam
49.0,16.0,35.0,7.47,18.5,1.5,0.0,149.2,Loam
39.0,26.0,35.0,5.88,4.03,1.8,6.9,89.3,Loam
30.0,30.0,39.0,7.68,64.9,1.7,30.7,271.9,Clay loam
11.0,37.0,52.0,7.07,11.31,4.2,0.0,345.5,Clay loam
27.0,19.0,54.0,7.97,14.53,3.6,0.0,135.6,Silt loam
52.0,17.0,31.0,8.01,17.41,1.5,0.0,189.4,Loam
43.0,20.0,37.0,8.04,15.59,1.4,5.3,232.6,Loam
56.0,12.0,32.0,8.17,14.5,1.3,0.0,107.8,Loam
40.0,21.0,39.0,6.98,19.03,1.6,5.8,186.3,Loam
55.0,10.0,34.0,5.86,10.02,1.9,12.0,130.5,Loam
73.0,8.0,18.0,6.18,3.73,0.8,8.3,49.4,Loamy sand
22.0,41.0,37.0,7.72,18.21,1.8,10.4,510.4,Clay
37.0,24.0,39.0,6.55,10.21,2.6,5.6,233.3,Loam
28.0,28.0,44.0,7.66,15.88,1.7,0.0,221.9,Clay loam
51.0,15.0,33.0,5.28,6.95,1.3,0.0,89.7,Loam
11.0,54.0,35.0,6.19,4.81,1.3,4.7,78.2,Clay
53.0,19.0,29.0,7.23,11.96,1.2,5.9,154.2,Loam
34.0,25.0,40.0,6.51,7.22,2.4,4.7,119.2,Loam
56.0,13.0,31.0,5.54,7.95,3.0,8.7,164.8,Loam
44.0,13.0,43.0,5.71,8.0,2.4,8.4,146.2,Loam
40.0,20.0,40.0,5.74,9.51,1.4,5.8,126.9,Loam
44.0,21.0,35.0,6.17,5.13,1.8,4.7,133.9,Loam
78.0,4.0,18.0,6.12,5.31,1.0,11.7,87.6,Loamy sand
59.0,13.0,28.0,5.79,9.16,2.7,8.9,83.1,Loam
65.0,10.0,25.0,8.29,15.94,0.8,24.7,53.9,Loam
36.0,30.0,34.0,7.76,20.7,1.3,8.0,252.1,Clay loam
32.0,24.0,44.0,7.98,16.7,3.2,0.0,334.7,Loam
22.0,23.0,55.0,7.84,16.08,3.2,7.4,324.1,Silt loam
31.0,28.0,41.0,7.78,16.82,1.8,9.1,289.2,Clay loam
24.0,36.0,40.0,7.8,16.08,1.6,0.0,235.1,Clay loam
40.0,21.0,39.0,7.77,21.3,2.6,11.4,399.4,Loam
39.0,23.0,39.0,8.37,15.77,0.7,8.9,171.6,Loam
47.0,10.0,43.0,7.74,10.12,1.1,0.0,50.0,Loam
75.0,4.0,21.0,6.99,5.07,0.5,0.0,44.8,Loamy sand
18.0,38.0,44.0,7.32,18.32,2.7,6.0,455.5,Clay loam
56.0,12.0,32.0,8.14,10.8,0.5,0.0,161.8,Loam
57.0,9.0,34.0,6.82,57.5,14.2,31.4,397.1,Loam
56.0,12.0,32.0,8.35,12.68,0.6,6.1,35.6,Loam
25.0,46.0,29.0,8.14,13.83,0.8,0.0,386.0,Clay
70.0,10.0,20.0,8.24,23.6,0.8,13.4,86.2,Loamy sand
10.0,41.0,49.0,8.06,22.2,2.2,11.1,291.6,Silty clay
64.0,9.0,27.0,8.38,9.63,0.4,0.0,42.7,Loam
22.0,35.0,43.0,8.19,14.5,0.6,0.0,173.0,Clay loam
28.0,35.0,37.0,7.96,15.39,1.4,35.5,277.1,Clay loam
46.0,15.0,39.0,7.53,16.51,1.3,12.6,51.3,Loam
18.0,30.0,52.0,7.66,23.8,6.9,7.4,506.1,Clay loam
29.0,29.0,42.0,7.58,16.96,3.2,0.0,445.9,Clay loam
45.0,21.0,34.0,7.85,15.13,1.9,13.1,448.0,Loam
64.0,9.0,27.0,7.24,29.0,1.7,21.5,190.5,Loam
15.0,39.0,45.0,7.88,24.3,1.6,34.0,319.7,Clay loam
64.0,5.0,30.0,7.45,12.81,2.3,9.9,52.3,Loam
34.0,19.0,47.0,7.4,23.5,6.1,18.2,294.2,Loam
16.0,40.0,44.0,7.72,15.27,3.3,8.4,450.0,Silty clay
22.0,24.0,55.0,7.73,18.19,3.4,0.0,176.2,Silt loam
28.0,23.0,49.0,7.69,18.34,3.6,0.0,218.6,Loam
31.0,22.0,47.0,7.49,27.6,3.6,0.0,231.1,Loam
22.0,30.0,48.0,8.01,17.73,1.3,0.0,168.8,Clay loam
61.0,10.0,29.0,7.65,16.89,2.7,0.0,284.3,Loam
30.0,24.0,45.0,7.81,17.1,2.5,8.2,242.3,Loam
33.0,24.0,43.0,7.82,16.93,2.3,0.0,233.5,Loam
29.0,23.0,48.0,7.86,16.73,2.4,0.0,212.4,Loam
10.0,33.0,57.0,7.69,16.43,4.9,6.4,329.5,Clay loam
40.0,17.0,42.0,7.8,13.83,1.6,0.0,144.1,Loam
37.0,21.0,42.0,7.85,18.7,1.5,0.0,164.1,Loam
14.0,33.0,53.0,8.09,13.5,0.8,5.9,87.3,Clay loam
25.0,25.0,50.0,7.78,35.0,1.6,8.7,70.5,Silt loam
42.0,16.0,42.0,7.82,21.0,1.3,10.2,195.6,Loam
37.0,25.0,38.0,7.47,8.46,1.4,0.0,189.9,Loam
74.0,7.0,19.0,6.34,6.96,1.2,0.0,64.5,Loamy sand
35.0,17.0,48.0,7.19,38.5,3.3,8.0,126.7,Loam
20.0,27.0,53.0,7.61,17.59,4.7,0.0,232.5,Clay loam
29.0,19.0,51.0,5.16,43.7,3.7,6.5,210.2,Silt loam
33.0,23.0,45.0,7.31,22.0,3.3,7.7,128.2,Loam
19.0,30.0,50.0,6.79,39.9,4.2,6.6,210.5,Clay loam
37.0,16.0,47.0,6.05,13.69,4.2,9.1,320.5,Loam
48.0,12.0,40.0,5.46,89.2,5.7,36.3,263.1,Loam
29.0,22.0,48.0,7.32,32.2,3.6,6.8,170.8,Loam
37.0,14.0,49.0,5.42,40.6,4.0,8.2,164.1,Loam
54.0,9.0,37.0,7.54,13.36,2.1,7.6,83.2,Loam
23.0,33.0,44.0,7.6,12.11,3.3,10.7,572.4,Clay loam
24.0,23.0,53.0,7.04,61.5,6.0,16.4,282.8,Silt loam
24.0,16.0,60.0,5.77,20.1,7.1,15.3,91.1,Silt loam
44.0,18.0,39.0,7.62,13.99,2.6,6.8,100.8,Loam
30.0,20.0,50.0,7.61,18.94,2.2,0.0,97.6,Silt loam
44.0,14.0,42.0,7.24,23.1,3.6,9.7,199.5,Loam
21.0,31.0,48.0,8.01,16.11,0.7,6.8,437.6,Clay loam
50.0,24.0,26.0,6.64,11.59,0.7,5.9,163.2,Sandy loam
37.0,19.0,43.0,7.55,26.2,2.2,0.0,190.1,Loam
32.0,26.0,43.0,7.89,14.63,2.2,8.5,343.6,Loam
24.0,27.0,49.0,8.02,12.94,1.3,0.0,74.2,Clay loam
28.0,25.0,48.0,7.94,19.96,4.1,40.0,283.5,Loam
23.0,16.0,60.0,4.08,92.0,5.5,82.0,144.8,Silt loam
16.0,25.0,60.0,5.82,31.1,2.7,0.0,152.4,Silt loam
26.0,20.0,54.0,4.02,19.59,6.1,40.4,52.7,Silt loam
31.0,17.0,52.0,5.27,24.8,5.7,65.7,188.8,Silt loam
21.0,22.0,57.0,4.52,32.8,3.4,12.7,166.0,Silt loam
27.0,14.0,59.0,5.36,18.56,6.7,24.1,95.7,Silt loam
22.0,18.0,60.0,4.61,7.93,6.4,12.6,66.8,Silt loam
34.0,20.0,46.0,6.0,9.04,1.5,0.0,185.3,Loam
22.0,30.0,48.0,5.94,7.24,1.6,0.0,122.4,Clay loam
36.0,22.0,43.0,7.19,24.8,5.0,178.7,684.9,Loam
48.0,20.0,32.0,5.88,7.12,2.1,0.0,179.3,Loam
19.0,16.0,65.0,4.22,18.7,2.8,9.6,46.4,Silt loam
49.0,19.0,33.0,6.21,7.69,1.1,0.0,84.6,Loam
31.0,20.0,49.0,5.97,10.1,3.1,16.4,145.4,Loam
52.0,16.0,32.0,5.23,5.46,1.1,9.5,72.2,Loam
17.0,42.0,41.0,7.89,14.39,1.5,0.0,240.7,Silty clay
15.0,55.0,30.0,7.59,24.3,1.7,27.2,436.3,Clay
35.0,23.0,41.0,7.03,31.0,4.6,12.3,502.5,Loam
22.0,39.0,39.0,7.48,18.93,2.4,7.6,350.2,Clay loam
17.0,44.0,39.0,7.95,16.37,1.5,19.0,380.6,Clay
24.0,37.0,39.0,7.84,16.56,1.5,35.4,175.4,Clay loam
63.0,12.0,25.0,5.79,6.0,1.4,0.0,66.7,Loam
31.0,23.0,46.0,4.52,7.14,3.9,21.3,149.9,Loam
27.0,36.0,38.0,7.91,23.6,2.3,37.5,294.7,Clay loam
24.0,29.0,47.0,7.58,17.8,3.3,7.7,275.0,Clay loam
19.0,26.0,54.0,7.05,24.3,6.3,9.0,811.0,Silt loam
38.0,17.0,45.0,7.6,18.18,2.8,5.8,169.2,Loam
25.0,32.0,43.0,7.65,40.8,3.5,0.0,554.0,Clay loam
26.0,32.0,42.0,7.66,29.4,2.6,74.8,519.9,Clay loam
45.0,16.0,39.0,6.93,99.9,10.3,31.2,437.6,Loam
18.0,15.0,68.0,4.76,42.4,2.5,7.9,804.8,Silt loam
48.0,9.0,43.0,4.54,32.7,7.9,48.7,84.1,Loam
10.0,20.0,70.0,3.93,30.1,3.8,12.9,129.3,Silt loam
16.0,35.0,49.0,7.24,19.01,3.3,6.4,525.4,Clay loam
51.0,17.0,32.0,6.06,7.41,1.9,9.3,139.6,Loam
47.0,13.0,39.0,5.83,8.71,2.8,8.1,87.3,Loam
35.0,28.0,38.0,7.32,16.68,2.0,10.2,239.2,Clay loam
61.0,15.0,24.0,8.05,15.32,0.8,26.2,93.6,Loam
38.0,19.0,43.0,7.63,16.14,1.3,0.0,102.5,Loam
21.0,24.0,55.0,7.28,32.5,6.3,0.0,399.9,Silt loam
15.0,40.0,45.0,7.96,16.4,1.8,11.3,845.0,Silty clay
63.0,19.0,18.0,7.8,12.25,0.7,8.5,112.9,Loam
27.0,24.0,49.0,7.01,23.0,6.8,13.4,581.0,Loam
35.0,26.0,39.0,7.73,12.77,2.2,6.2,287.3,Loam
64.0,6.0,30.0,6.12,5.51,1.0,4.6,78.6,Loam
20.0,17.0,63.0,4.77,5.25,2.6,6.2,34.8,Silt loam
31.0,24.0,46.0,7.18,4.87,1.3,0.0,91.4,Loam
13.0,38.0,49.0,7.11,50.4,5.7,9.1,711.1,Clay loam
39.0,30.0,31.0,8.1,13.51,1.2,9.5,158.0,Clay loam
18.0,30.0,53.0,7.6,20.5,5.4,60.3,690.2,Clay loam
34.0,20.0,46.0,7.38,64.3,6.1,22.7,369.1,Loam
35.0,25.0,41.0,7.54,13.87,3.3,11.2,265.2,Loam
14.0,41.0,45.0,6.21,9.19,2.8,8.7,665.9,Silty clay
40.0,18.0,42.0,6.78,10.61,4.3,8.9,274.0,Loam
32.0,26.0,43.0,7.29,9.25,2.7,6.4,241.0,Loam
35.0,28.0,37.0,7.72,13.5,1.4,0.0,143.5,Clay loam
17.0,31.0,52.0,7.54,5.88,0.8,5.4,101.7,Clay loam
13.0,33.0,54.0,7.48,12.38,2.5,0.0,204.5,Clay loam
44.0,24.0,32.0,7.05,20.7,1.7,11.2,434.3,Loam
13.0,38.0,49.0,6.18,32.1,4.3,8.2,301.9,Clay loam
9.0,38.0,53.0,7.85,22.9,2.4,13.7,462.3,Clay loam
41.0,23.0,37.0,7.6,26.6,1.4,60.4,237.4,Loam
85.0,3.0,11.0,8.17,10.87,0.6,6.8,35.8,Sand
25.0,25.0,50.0,7.9,21.7,1.3,6.1,133.6,Silt loam
42.0,15.0,42.0,7.85,19.08,1.0,9.3,218.4,Loam
30.0,17.0,53.0,5.79,7.32,2.4,10.3,178.0,Silt loam
14.0,43.0,43.0,7.98,14.37,2.6,0.0,412.8,Silty clay
14.0,39.0,47.0,7.94,12.55,2.6,0.0,150.5,Clay loam
16.0,52.0,32.0,8.05,18.89,1.3,11.9,515.3,Clay
39.0,18.0,43.0,6.65,9.09,1.3,0.0,127.3,Loam
20.0,29.0,50.0,8.01,15.69,1.3,0.0,227.3,Clay loam
27.0,28.0,45.0,7.77,15.56,2.4,16.6,174.4,Clay loam
45.0,16.0,39.0,7.72,15.4,1.4,5.6,254.9,Loam
20.0,39.0,42.0,7.62,22.7,4.1,0.0,683.6,Clay loam
23.0,34.0,43.0,7.95,25.6,2.6,36.9,571.6,Clay loam
11.0,44.0,44.0,7.52,22.8,4.5,0.0,355.6,Silty clay
40.0,24.0,36.0,7.92,18.41,1.4,8.2,354.9,Loam
10.0,31.0,60.0,8.14,13.3,0.7,0.0,112.8,Clay loam
19.0,43.0,38.0,7.88,16.65,1.8,6.2,404.7,Clay
45.0,28.0,27.0,7.14,12.51,1.2,24.1,190.4,Sandy clay loam
58.0,12.0,30.0,7.93,20.4,0.7,11.4,80.4,Loam
23.0,31.0,46.0,7.74,14.68,3.1,71.0,425.1,Clay loam
37.0,13.0,50.0,6.27,11.29,1.2,5.2,61.7,Silt loam
55.0,7.0,38.0,7.55,15.87,2.9,14.9,71.6,Loam
23.0,31.0,46.0,7.66,25.3,3.0,37.3,598.7,Clay loam
18.0,33.0,49.0,7.82,28.0,2.5,7.9,199.6,Clay loam
41.0,15.0,44.0,6.78,16.84,5.5,15.2,259.7,Loam
9.0,41.0,50.0,7.67,38.9,2.9,17.3,863.1,Silty clay
21.0,25.0,54.0,7.35,42.1,3.4,15.0,263.2,Silt loam
28.0,22.0,50.0,5.66,6.52,2.1,5.0,133.2,Silt loam
18.0,25.0,57.0,7.83,35.1,2.1,5.8,317.7,Silt loam
21.0,26.0,53.0,6.9,7.04,1.5,5.0,121.2,Silt loam
85.0,6.0,10.0,7.84,14.35,0.9,6.8,116.7,Loamy sand
31.0,31.0,38.0,7.72,15.67,2.8,23.9,480.8,Clay loam
59.0,12.0,29.0,6.27,6.51,1.3,5.0,118.9,Loam
28.0,31.0,41.0,6.4,5.54,1.0,8.6,169.2,Clay loam
11.0,32.0,57.0,7.28,44.2,6.8,14.5,549.0,Clay loam
18.0,29.0,54.0,8.09,14.16,0.9,0.0,126.9,Clay loam
33.0,21.0,46.0,7.68,12.04,0.8,4.5,113.4,Loam
25.0,20.0,55.0,5.78,14.06,2.6,7.2,189.4,Silt loam
17.0,45.0,38.0,8.0,14.97,1.3,6.8,234.3,Clay
42.0,21.0,37.0,7.0,43.7,3.9,150.9,707.2,Loam
40.0,20.0,40.0,7.25,73.0,6.3,173.2,1938.5,Loam
38.0,18.0,44.0,6.99,82.6,6.2,117.3,1045.5,Loam
21.0,35.0,44.0,7.5,20.0,2.6,10.1,290.3,Clay loam
22.0,37.0,41.0,7.97,17.79,1.3,0.0,231.8,Clay loam
15.0,36.0,49.0,7.13,15.36,5.1,7.1,649.3,Clay loam
46.0,18.0,35.0,7.32,13.73,2.3,5.8,263.2,Loam
46.0,20.0,34.0,7.74,13.34,1.2,5.2,119.5,Loam
10.0,38.0,53.0,6.93,7.79,4.1,8.1,280.1,Clay loam
13.0,36.0,51.0,7.74,26.4,2.1,11.8,341.5,Clay loam
22.0,22.0,56.0,6.01,20.9,2.6,8.6,258.8,Silt loam
29.0,26.0,45.0,7.61,13.08,1.9,7.0,459.7,Loam
39.0,19.0,42.0,6.24,11.01,1.3,8.5,90.2,Loam
39.0,21.0,40.0,7.79,18.14,2.2,15.4,310.0,Loam
73.0,5.0,22.0,5.35,9.0,0.8,6.2,64.9,Loamy sand
57.0,12.0,31.0,6.09,3.68,1.1,0.0,113.4,Loam
34.0,31.0,35.0,8.0,14.82,1.3,12.3,91.2,Clay loam
56.0,20.0,24.0,7.22,7.53,0.5,6.3,302.1,Sandy loam
68.0,7.0,25.0,5.62,3.26,0.7,0.0,93.1,Loam
28.0,21.0,51.0,7.27,13.17,1.8,6.2,278.9,Silt loam
28.0,21.0,51.0,5.2,8.03,2.2,8.0,123.1,Silt loam
24.0,37.0,39.0,7.87,12.22,0.9,0.0,171.9,Clay loam
64.0,14.0,22.0,7.17,13.08,0.7,18.4,126.0,Loam
24.0,27.0,49.0,6.14,18.08,3.9,0.0,288.5,Clay loam
63.0,5.0,31.0,5.53,13.14,1.4,10.4,76.0,Loam
30.0,24.0,46.0,5.63,8.96,1.8,53.5,125.7,Loam
18.0,30.0,53.0,7.75,16.31,3.2,9.6,84.2,Clay loam
43.0,21.0,37.0,7.42,10.98,1.6,0.0,74.7,Loam
27.0,28.0,45.0,7.54,18.9,4.7,57.6,310.4,Clay loam
40.0,14.0,46.0,6.34,6.17,1.4,25.7,66.9,Loam
45.0,15.0,41.0,7.26,67.5,5.1,33.2,235.9,Loam
14.0,47.0,39.0,7.73,14.71,2.4,5.8,571.6,Clay
35.0,22.0,43.0,7.05,41.2,4.7,19.8,499.2,Loam
19.0,40.0,40.0,7.41,9.5,3.4,0.0,509.7,Silty clay
32.0,24.0,45.0,7.62,6.33,0.7,0.0,97.3,Loam
12.0,42.0,46.0,7.43,11.57,2.2,0.0,497.4,Silty clay
36.0,26.0,38.0,5.78,5.22,1.2,7.1,127.0,Loam
48.0,15.0,37.0,7.4,37.6,1.1,38.8,571.1,Loam
28.0,18.0,54.0,6.08,7.25,1.9,62.1,334.3,Silt loam
25.0,26.0,50.0,6.95,7.41,2.0,6.2,201.6,Loam
36.0,14.0,51.0,7.45,14.17,2.3,35.7,105.6,Silt loam
19.0,35.0,46.0,7.92,25.9,1.4,7.1,297.5,Clay loam
15.0,34.0,51.0,6.79,4.95,0.3,0.0,68.2,Clay loam
37.0,17.0,46.0,7.66,18.56,2.8,6.0,122.2,Loam
18.0,41.0,40.0,7.89,15.51,2.0,6.0,302.1,Silty clay
53.0,15.0,32.0,6.64,14.49,0.9,49.7,218.8,Loam
48.0,15.0,37.0,5.72,32.7,2.4,11.3,211.6,Loam
27.0,20.0,52.0,4.88,32.2,2.8,13.5,183.0,Silt loam
39.0,15.0,46.0,6.06,13.15,1.7,0.0,176.7,Loam
66.0,9.0,25.0,4.7,9.77,1.1,0.0,73.8,Loam
59.0,12.0,29.0,6.1,7.2,1.1,8.7,72.9,Loam
59.0,8.0,32.0,6.55,25.7,1.5,10.4,388.4,Loam
50.0,16.0,34.0,7.16,8.53,0.9,44.9,234.1,Loam
57.0,9.0,35.0,8.07,36.8,1.0,22.1,81.0,Loam
25.0,23.0,51.0,6.65,38.7,3.8,12.1,248.5,Silt loam
13.0,47.0,40.0,6.83,5.24,1.2,0.0,223.4,Silty clay
57.0,21.0,22.0,8.32,11.09,0.3,5.6,66.5,Sandy loam
46.0,15.0,39.0,7.49,48.2,2.8,70.6,420.0,Loam
24.0,30.0,46.0,7.62,18.59,2.7,0.0,364.0,Clay loam
36.0,18.0,46.0,6.43,10.96,1.0,0.0,193.4,Loam
9.0,38.0,53.0,6.0,51.4,7.1,50.5,224.9,Clay loam
23.0,20.0,57.0,7.15,29.1,3.9,66.2,381.3,Silt loam
63.0,15.0,22.0,6.45,7.05,1.2,0.0,197.2,Loam
52.0,14.0,34.0,5.05,7.88,1.0,11.0,115.5,Loam
55.0,8.0,38.0,5.24,12.3,0.8,8.7,82.2,Loam
45.0,15.0,40.0,5.54,58.0,2.9,52.1,315.8,Loam
46.0,14.0,40.0,4.39,23.3,1.2,89.6,167.4,Loam
37.0,16.0,47.0,5.82,17.58,1.8,29.6,56.1,Loam
59.0,13.0,28.0,4.68,8.53,0.7,32.5,139.8,Loam
27.0,20.0,53.0,6.3,31.0,3.0,10.9,348.8,Silt loam
4.0,62.0,34.0,8.13,14.35,1.4,20.3,349.7,Clay
22.0,34.0,44.0,7.94,20.2,1.4,17.0,129.9,Clay loam
45.0,13.0,42.0,4.35,22.4,1.9,13.7,324.0,Loam
24.0,26.0,50.0,6.3,11.03,5.0,8.9,101.4,Silt loam
53.0,16.0,31.0,5.96,6.79,0.8,0.0,71.5,Loam
60.0,9.0,32.0,7.35,55.7,13.3,1017.6,115.6,Loam
39.0,27.0,34.0,8.12,15.9,1.1,18.8,436.8,Clay loam
38.0,18.0,44.0,6.41,12.83,2.4,37.8,471.8,Loam
49.0,10.0,41.0,6.42,33.1,6.5,20.5,558.8,Loam
30.0,28.0,42.0,7.24,16.29,3.1,11.6,235.5,Clay loam
53.0,10.0,37.0,5.89,6.55,1.9,15.4,267.9,Loam
39.0,19.0,41.0,7.65,10.45,1.5,0.0,108.6,Loam
41.0,23.0,36.0,6.08,6.96,1.0,80.0,386.4,Loam
32.0,24.0,44.0,7.88,17.86,1.1,14.9,284.3,Loam
56.0,10.0,34.0,5.94,11.43,0.8,6.8,38.9,Loam
26.0,25.0,49.0,5.98,5.78,1.5,0.0,358.4,Loam
44.0,10.0,46.0,6.05,26.8,1.7,0.0,102.7,Loam
25.0,23.0,52.0,5.16,4.34,1.5,0.0,202.5,Silt loam
76.0,6.0,18.0,7.94,11.08,0.9,0.0,38.4,Loamy sand
26.0,31.0,43.0,7.53,9.76,1.7,9.7,237.0,Clay loam
41.0,18.0,41.0,6.87,8.79,1.6,0.0,139.2,Loam
28.0,23.0,49.0,6.56,5.56,2.1,0.0,166.2,Loam
41.0,17.0,42.0,5.44,7.45,2.4,13.1,160.2,Loam
40.0,21.0,39.0,6.35,6.16,1.3,0.0,123.6,Loam
30.0,27.0,43.0,5.32,18.62,3.3,7.9,330.6,Clay loam
32.0,22.0,46.0,6.65,4.05,0.7,0.0,141.4,Loam
27.0,27.0,46.0,6.51,6.19,1.3,0.0,227.6,Clay loam
17.0,31.0,52.0,7.31,16.3,1.0,9.1,155.7,Clay loam
19.0,32.0,49.0,7.56,28.1,4.8,11.8,596.5,Clay loam
27.0,19.0,54.0,8.07,11.53,0.9,0.0,109.9,Silt loam
31.0,15.0,54.0,5.88,29.4,2.4,6.5,201.5,Silt loam
27.0,30.0,44.0,5.49,4.34,1.7,0.0,222.8,Clay loam
21.0,21.0,58.0,6.53,30.0,2.1,5.8,165.6,Silt loam
61.0,10.0,29.0,6.26,12.3,1.1,0.0,52.9,Loam
40.0,17.0,43.0,7.93,19.71,1.2,6.9,111.9,Loam
42.0,20.0,37.0,5.36,18.08,1.3,10.0,90.7,Loam
47.0,21.0,32.0,8.0,18.01,1.1,5.2,128.0,Loam
39.0,9.0,52.0,7.26,14.13,1.6,13.7,55.8,Silt loam
28.0,19.0,53.0,5.17,43.6,3.7,49.9,235.6,Silt loam
29.0,23.0,47.0,5.55,20.5,2.1,0.0,94.1,Loam
15.0,21.0,64.0,4.75,4.79,1.1,6.4,52.3,Silt loam
26.0,24.0,51.0,7.51,22.5,4.7,9.3,283.9,Silt loam
36.0,27.0,37.0,7.37,18.03,1.8,14.2,364.7,Clay loam
20.0,29.0,51.0,7.11,17.09,7.1,134.2,1772.2,Clay loam
37.0,19.0,44.0,7.68,15.23,1.7,5.7,174.0,Loam
21.0,26.0,53.0,5.88,5.08,1.2,0.0,214.9,Silt loam
18.0,36.0,47.0,6.51,13.93,3.2,0.0,216.5,Clay loam
40.0,16.0,44.0,7.85,17.65,1.8,0.0,97.5,Loam
31.0,29.0,40.0,7.81,17.47,1.5,11.7,169.7,Clay loam
35.0,13.0,52.0,6.12,23.4,1.6,7.6,112.6,Silt loam
14.0,39.0,48.0,7.99,12.69,1.7,0.0,64.2,Clay loam
33.0,22.0,44.0,6.43,6.36,1.3,0.0,120.5,Loam
26.0,22.0,52.0,6.63,11.57,2.5,0.0,204.8,Silt loam
20.0,25.0,54.0,7.79,12.44,1.4,0.0,117.1,Silt loam
24.0,25.0,51.0,5.82,6.49,1.7,0.0,126.7,Silt loam
21.0,25.0,54.0,5.39,20.8,1.9,19.7,127.9,Silt loam
11.0,29.0,60.0,7.21,56.5,7.3,9.1,430.6,Clay loam
42.0,14.0,44.0,5.72,8.03,2.5,23.9,131.8,Loam
34.0,26.0,40.0,6.87,6.11,1.2,6.2,161.4,Loam
69.0,10.0,21.0,6.2,10.38,0.8,0.0,63.6,Loam
48.0,11.0,41.0,6.01,4.51,2.0,6.3,215.3,Loam
19.0,26.0,55.0,6.2,12.19,3.8,0.0,281.9,Silt loam
41.0,19.0,40.0,6.27,10.69,2.8,0.0,166.5,Loam
32.0,13.0,55.0,6.03,21.0,4.7,18.8,258.9,Silt loam
58.0,9.0,33.0,6.27,5.71,2.0,6.9,121.9,Loam
29.0,22.0,49.0,6.47,8.59,3.3,0.0,152.2,Loam
47.0,12.0,41.0,6.16,4.24,1.7,0.0,64.7,Loam
14.0,37.0,49.0,7.7,20.1,2.9,28.5,387.3,Clay loam
36.0,20.0,44.0,6.62,5.61,1.0,0.0,86.7,Loam
12.0,37.0,50.0,6.5,7.84,3.4,0.0,260.6,Clay loam
44.0,23.0,33.0,7.28,9.75,1.0,51.4,155.2,Loam
44.0,15.0,41.0,4.69,6.26,1.8,10.8,70.4,Loam
12.0,38.0,50.0,7.47,18.11,4.0,0.0,318.7,Clay loam
26.0,16.0,58.0,5.84,4.9,2.3,7.2,74.0,Silt loam
12.0,30.0,58.0,7.17,18.44,7.5,10.5,405.4,Clay loam
36.0,16.0,48.0,7.65,9.35,1.0,16.8,100.8,Loam
38.0,18.0,44.0,6.64,4.93,1.3,0.0,226.6,Loam
23.0,24.0,53.0,6.67,9.6,3.2,6.2,288.0,Silt loam
12.0,32.0,56.0,6.95,11.78,7.8,8.7,494.4,Clay loam
11.0,50.0,39.0,8.2,12.61,0.5,0.0,251.3,Clay
50.0,9.0,41.0,7.39,20.9,8.3,22.5,176.1,Loam
48.0,19.0,34.0,7.82,12.34,1.3,20.1,238.2,Loam
47.0,12.0,41.0,5.64,6.07,1.8,10.1,81.0,Loam
33.0,17.0,50.0,6.23,4.75,1.6,0.0,171.4,Silt loam
30.0,20.0,49.0,6.29,15.75,2.2,23.1,163.4,Loam
88.0,2.0,11.0,5.6,47.9,25.2,16.9,180.5,Sand
91.0,2.0,7.0,4.34,3.13,0.8,33.1,23.4,Sand
92.0,1.0,7.0,3.53,26.5,6.2,21.6,173.4,Sand
81.0,3.0,16.0,3.7,12.01,2.1,32.4,70.3,Loamy sand
38.0,12.0,50.0,7.0,42.5,16.3,14.3,56.1,Silt loam
54.0,10.0,36.0,7.37,14.12,2.8,6.6,30.8,Loam
41.0,10.0,49.0,7.14,39.8,4.1,20.8,39.4,Loam
44.0,10.0,46.0,5.35,11.97,3.2,15.4,46.9,Loam
36.0,15.0,49.0,6.19,19.77,5.2,108.4,311.4,Loam
48.0,10.0,42.0,6.32,12.55,3.4,11.7,52.1,Loam
75.0,9.0,15.0,7.15,4.08,0.6,0.0,26.4,Loamy sand
44.0,19.0,37.0,5.09,36.1,2.0,68.0,121.0,Loam
60.0,7.0,33.0,5.71,56.1,3.2,75.9,107.3,Loam
82.0,3.0,15.0,4.74,7.14,1.5,15.9,15.4,Loamy sand
87.0,3.0,10.0,5.16,11.6,1.2,70.0,41.6,Sand
25.0,14.0,61.0,4.9,76.5,6.6,33.7,117.9,Silt loam
49.0,14.0,37.0,6.8,8.78,1.7,71.6,237.5,Loam
73.0,5.0,23.0,4.69,70.3,8.4,97.3,148.1,Loamy sand
44.0,19.0,38.0,5.93,39.7,2.0,73.1,152.0,Loam
38.0,16.0,47.0,5.06,9.66,2.2,41.4,41.2,Loam
83.0,2.0,15.0,4.13,8.39,2.6,43.8,25.3,Loamy sand
61.0,10.0,29.0,4.97,41.9,1.7,25.5,166.3,Loam
70.0,6.0,24.0,4.59,23.3,2.4,78.9,65.1,Loamy sand
11.0,33.0,56.0,5.26,9.12,2.6,7.8,203.1,Clay loam
18.0,22.0,60.0,5.53,38.9,4.3,45.0,328.2,Silt loam
26.0,22.0,52.0,5.77,8.52,4.1,60.0,103.4,Silt loam
7.0,24.0,69.0,6.49,7.2,0.9,21.0,78.3,Silt loam
75.0,7.0,18.0,5.77,13.42,1.0,38.0,47.4,Loamy sand
21.0,20.0,59.0,4.92,31.9,4.5,29.5,198.2,Silt loam
34.0,15.0,51.0,5.19,102.7,16.5,43.6,323.3,Silt loam
18.0,22.0,61.0,4.3,39.7,4.8,22.4,55.3,Silt loam
36.0,16.0,48.0,4.82,28.8,2.7,15.6,61.9,Loam
25.0,29.0,46.0,6.39,30.4,3.3,37.7,150.2,Clay loam
11.0,35.0,54.0,6.79,19.68,2.4,42.8,574.5,Clay loam
27.0,18.0,55.0,4.21,40.7,5.1,34.5,143.9,Silt loam
47.0,15.0,38.0,5.65,38.9,3.7,28.7,219.6,Loam
68.0,4.0,28.0,4.04,83.8,11.1,88.8,91.9,Loam
57.0,11.0,32.0,4.5,10.71,2.5,11.3,41.2,Loam
48.0,12.0,40.0,6.27,26.2,3.3,81.8,359.4,Loam
17.0,23.0,60.0,5.47,97.2,6.5,34.9,149.9,Silt loam
79.0,5.0,16.0,5.3,14.14,1.1,16.0,61.0,Loamy sand
38.0,21.0,41.0,6.55,16.68,1.8,56.6,204.7,Loam
45.0,11.0,44.0,6.24,36.6,1.9,93.9,287.6,Loam
52.0,18.0,30.0,7.52,14.62,1.0,34.4,109.7,Loam
78.0,3.0,19.0,4.69,29.6,1.6,206.9,56.2,Loamy sand
58.0,12.0,30.0,6.07,13.37,1.7,54.5,69.0,Loam
49.0,8.0,43.0,5.03,168.9,14.8,75.8,134.0,Loam
64.0,8.0,27.0,6.34,28.4,2.0,44.4,179.1,Loam
22.0,22.0,56.0,5.86,10.65,3.4,20.3,54.6,Silt loam
96.0,1.0,3.0,4.7,2.9,0.5,7.3,19.2,Sand
85.0,3.0,12.0,4.24,4.95,1.5,33.0,28.0,Sand
58.0,12.0,30.0,6.73,35.1,1.5,37.6,247.8,Loam
11.0,33.0,56.0,7.59,14.06,2.4,122.2,292.5,Clay loam
11.0,26.0,63.0,6.91,55.9,5.9,27.7,136.2,Silt loam
15.0,23.0,61.0,6.26,37.8,5.3,35.2,104.4,Silt loam
53.0,21.0,27.0,7.55,15.35,1.2,17.5,76.1,Sandy loam
18.0,19.0,63.0,4.81,82.8,5.0,40.4,180.1,Silt loam
37.0,27.0,36.0,5.57,20.2,2.3,48.4,211.0,Clay loam
13.0,34.0,54.0,6.68,14.21,4.3,6.1,256.8,Clay loam
64.0,9.0,27.0,6.64,7.24,1.4,36.1,140.1,Loam
30.0,18.0,52.0,3.7,28.8,3.9,31.9,41.6,Silt loam
41.0,7.0,52.0,3.77,35.9,7.0,68.6,135.1,Silt loam
20.0,17.0,64.0,5.45,22.7,4.0,52.5,172.1,Silt loam
13.0,24.0,63.0,7.25,16.05,1.2,67.7,194.6,Silt loam
16.0,21.0,63.0,6.81,10.66,1.5,73.1,259.4,Silt loam
36.0,13.0,51.0,6.1,10.65,2.3,26.2,65.3,Silt loam
66.0,12.0,22.0,6.14,20.4,0.9,72.9,145.1,Loam
44.0,8.0,48.0,3.78,19.08,6.0,45.1,65.2,Loam
91.0,1.0,8.0,5.9,8.75,1.3,13.7,33.1,Sand
21.0,22.0,56.0,7.49,20.8,1.5,50.5,256.3,Silt loam
70.0,4.0,25.0,4.02,16.71,4.6,37.8,52.7,Loamy sand
63.0,4.0,33.0,4.11,13.71,3.2,26.5,51.1,Loam
35.0,11.0,54.0,7.1,71.9,10.0,10.9,83.5,Silt loam
15.0,18.0,67.0,6.88,28.5,1.6,114.7,316.7,Silt loam
85.0,2.0,14.0,4.63,21.5,1.2,80.6,108.6,Loamy sand
72.0,5.0,23.0,4.59,15.28,2.1,126.2,113.0,Loamy sand
38.0,14.0,48.0,6.6,97.1,14.9,18.7,219.3,Loam
19.0,20.0,61.0,5.06,30.9,4.2,19.2,202.0,Silt loam
14.0,22.0,64.0,6.87,58.5,6.6,8.9,143.0,Silt loam
36.0,11.0,53.0,6.7,131.9,14.7,10.4,91.6,Silt loam
12.0,25.0,62.0,6.56,21.0,5.1,0.0,107.0,Silt loam
13.0,29.0,58.0,4.71,11.91,4.6,0.0,122.9,Clay loam
17.0,20.0,63.0,6.15,23.7,5.3,65.4,115.0,Silt loam
70.0,3.0,27.0,3.98,63.1,12.6,78.3,131.7,Loamy sand
58.0,9.0,33.0,5.9,6.33,1.3,32.0,104.2,Loam
61.0,21.0,18.0,7.15,9.74,1.4,29.5,189.0,Sandy loam
47.0,11.0,42.0,4.14,27.3,5.6,25.6,155.6,Loam
73.0,7.0,19.0,6.6,14.6,1.6,51.3,71.3,Loamy sand
10.0,34.0,57.0,6.14,12.45,1.8,36.7,116.9,Clay loam
13.0,26.0,61.0,5.46,52.6,4.6,23.9,90.4,Silt loam
55.0,9.0,36.0,3.8,22.8,4.0,121.5,56.3,Loam
36.0,16.0,47.0,4.12,40.9,5.4,30.8,99.8,Loam
45.0,12.0,43.0,3.87,49.7,6.7,33.8,87.3,Loam
44.0,13.0,43.0,4.07,35.5,3.4,18.7,72.1,Loam
47.0,12.0,41.0,4.38,36.6,2.9,13.2,126.8,Loam
60.0,6.0,34.0,4.12,31.3,6.7,40.2,73.8,Loam
64.0,6.0,29.0,4.78,24.0,3.4,38.9,61.6,Loam
50.0,8.0,42.0,4.1,26.2,4.5,26.6,40.6,Loam
33.0,18.0,48.0,7.31,28.3,2.9,85.9,502.3,Loam
6.0,34.0,60.0,5.67,16.09,4.6,26.0,129.9,Clay loam
25.0,22.0,53.0,4.08,6.37,2.0,14.0,72.9,Silt loam
23.0,21.0,55.0,5.76,7.83,2.4,23.8,75.0,Silt loam
18.0,21.0,61.0,5.48,11.8,2.0,46.8,182.0,Silt loam
15.0,20.0,65.0,5.28,24.9,2.4,13.8,117.0,Silt loam
60.0,15.0,25.0,6.67,19.72,1.6,25.4,154.1,Loam
51.0,6.0,43.0,3.73,127.7,20.8,105.5,136.4,Loam
76.0,5.0,19.0,5.3,18.86,1.9,41.5,65.1,Loamy sand
12.0,21.0,67.0,5.03,6.27,2.5,6.0,76.1,Silt loam
9.0,24.0,66.0,4.3,5.18,1.1,5.2,56.4,Silt loam
65.0,5.0,30.0,3.72,32.6,11.6,49.9,132.0,Loam
46.0,9.0,45.0,6.16,24.8,3.9,18.6,163.6,Loam
10.0,33.0,57.0,7.63,15.04,2.4,62.4,501.1,Clay loam
5.0,29.0,66.0,7.1,10.89,1.1,42.0,81.5,Clay loam
24.0,24.0,52.0,3.94,8.78,1.3,6.6,135.7,Silt loam
53.0,9.0,38.0,5.6,6.58,1.7,63.1,33.1,Loam
57.0,13.0,29.0,6.69,16.32,0.8,0.0,29.9,Loam
41.0,14.0,45.0,6.29,8.64,2.4,22.9,36.0,Loam
35.0,19.0,46.0,4.36,6.12,0.4,0.0,65.8,Loam
62.0,6.0,32.0,3.73,18.08,6.0,25.7,75.6,Loam
61.0,9.0,30.0,4.68,3.88,1.0,9.7,43.4,Loam
56.0,6.0,38.0,3.56,15.83,5.1,32.6,49.8,Loam
49.0,18.0,32.0,5.7,9.75,1.6,22.1,62.9,Loam
53.0,11.0,35.0,5.65,4.29,1.3,8.9,56.4,Loam
39.0,15.0,46.0,4.29,6.37,2.0,8.4,40.6,Loam
50.0,9.0,41.0,4.72,4.89,2.4,6.8,35.3,Loam
26.0,24.0,50.0,6.92,9.41,1.6,44.3,214.3,Silt loam
21.0,24.0,55.0,7.14,17.82,1.3,22.6,109.6,Silt loam
35.0,26.0,39.0,7.95,17.39,1.3,0.0,386.8,Loam
42.0,22.0,36.0,7.8,17.84,1.6,9.9,196.6,Loam
39.0,32.0,28.0,7.79,10.84,1.3,0.0,658.4,Clay loam
24.0,27.0,49.0,7.93,21.0,1.5,0.0,256.3,Clay loam
16.0,44.0,40.0,8.03,17.56,1.3,7.2,357.5,Silty clay
24.0,46.0,30.0,7.77,15.67,1.5,30.9,1075.9,Clay
43.0,34.0,23.0,7.8,15.09,0.9,29.5,479.1,Sandy clay loam
39.0,25.0,36.0,8.04,16.63,0.9,19.6,128.0,Loam
29.0,38.0,34.0,8.0,28.6,1.7,138.3,674.6,Clay loam
28.0,27.0,45.0,7.81,18.53,2.7,10.2,262.9,Clay loam
27.0,30.0,43.0,7.88,13.95,1.1,0.0,326.6,Clay loam
16.0,42.0,42.0,8.11,16.89,0.5,17.0,192.6,Silty clay
18.0,37.0,45.0,7.9,13.79,1.6,0.0,178.5,Clay loam
20.0,43.0,37.0,7.6,29.0,1.7,0.0,626.4,Clay
41.0,25.0,34.0,7.9,19.44,1.6,39.1,277.7,Loam
23.0,35.0,42.0,7.93,25.3,1.5,10.2,1461.7,Clay loam
57.0,20.0,23.0,8.29,19.8,1.0,42.1,523.9,Sandy loam
43.0,22.0,35.0,8.0,21.3,1.4,65.0,1164.2,Loam
60.0,14.0,26.0,7.38,9.41,0.6,0.0,101.7,Loam
30.0,25.0,44.0,7.92,17.73,1.3,0.0,306.3,Loam
30.0,27.0,43.0,9.05,14.38,0.1,0.0,228.1,Clay loam
17.0,39.0,44.0,7.78,16.65,3.6,0.0,529.2,Clay loam
29.0,31.0,40.0,7.7,36.1,2.0,0.0,517.9,Clay loam
48.0,21.0,31.0,8.07,13.17,0.8,6.1,153.0,Loam
61.0,13.0,26.0,7.98,22.9,1.1,7.7,308.7,Loam
35.0,27.0,37.0,8.02,17.18,1.3,7.7,97.2,Clay loam
21.0,39.0,40.0,8.03,13.45,0.9,0.0,99.7,Clay loam
26.0,46.0,28.0,8.04,34.8,1.4,23.1,788.5,Clay
18.0,38.0,44.0,7.94,18.09,1.3,0.0,297.1,Clay loam
49.0,13.0,38.0,7.44,5.52,0.5,0.0,773.1,Loam
29.0,33.0,38.0,8.17,10.91,0.8,0.0,221.8,Clay loam
38.0,21.0,41.0,7.9,17.44,1.8,0.0,204.3,Loam
22.0,30.0,48.0,7.69,17.87,3.3,5.3,412.5,Clay loam
30.0,29.0,41.0,8.01,14.36,1.2,0.0,79.8,Clay loam
24.0,30.0,46.0,7.83,19.67,2.9,0.0,374.8,Clay loam
46.0,25.0,30.0,7.74,26.9,1.2,0.0,104.4,Loam
19.0,35.0,46.0,8.13,22.0,2.0,48.5,1823.3,Clay loam
41.0,19.0,41.0,7.78,16.61,1.9,4.9,164.9,Loam
19.0,38.0,42.0,8.17,23.2,1.0,6.9,624.2,Clay loam
33.0,29.0,39.0,7.66,15.3,2.5,63.5,421.1,Clay loam
34.0,31.0,35.0,7.87,21.8,1.7,27.7,847.8,Clay loam
66.0,14.0,20.0,8.16,13.6,0.9,0.0,166.0,Loam
49.0,20.0,31.0,7.26,12.83,0.7,15.2,63.1,Loam
55.0,14.0,31.0,7.0,7.77,1.3,0.0,70.9,Loam
68.0,14.0,18.0,8.55,12.27,0.1,0.0,184.1,Loam
22.0,25.0,53.0,7.92,9.11,0.5,9.7,288.8,Silt loam
38.0,25.0,38.0,7.95,15.12,1.4,12.1,191.3,Loam
63.0,9.0,27.0,8.07,11.39,0.8,0.0,189.7,Loam
66.0,8.0,25.0,8.05,7.8,0.5,0.0,336.7,Loam
24.0,34.0,42.0,7.99,17.13,1.2,14.7,217.1,Clay loam
23.0,50.0,27.0,6.97,21.1,1.3,155.8,1123.0,Clay
36.0,29.0,35.0,6.92,10.2,1.0,31.2,173.9,Clay loam
27.0,37.0,35.0,7.35,13.93,1.7,6.7,328.1,Clay loam
69.0,10.0,21.0,7.42,5.91,0.6,0.0,82.4,Loam
12.0,21.0,67.0,6.84,40.1,5.6,12.2,121.6,Silt loam
19.0,30.0,51.0,5.09,5.24,1.3,6.8,65.9,Clay loam
52.0,16.0,32.0,5.3,8.84,2.5,14.7,160.9,Loam
67.0,8.0,25.0,5.31,5.99,1.4,25.9,104.1,Loam
51.0,16.0,33.0,4.96,26.5,1.9,19.4,145.5,Loam
76.0,4.0,19.0,5.12,3.3,0.6,0.0,37.4,Loamy sand
55.0,10.0,35.0,4.7,8.67,3.2,20.8,131.3,Loam
39.0,17.0,45.0,6.22,10.52,3.4,12.8,154.0,Loam
51.0,7.0,42.0,5.4,11.89,4.8,29.2,128.7,Loam
45.0,12.0,43.0,5.62,18.55,1.0,7.8,53.2,Loam
34.0,17.0,49.0,5.32,8.51,3.1,8.5,189.6,Loam
70.0,9.0,21.0,4.58,12.92,0.5,0.0,87.5,Loamy sand
81.0,4.0,15.0,5.26,3.81,0.4,6.7,53.1,Loamy sand
87.0,3.0,10.0,6.07,3.11,0.6,0.0,50.8,Sand
67.0,6.0,27.0,4.46,7.6,1.2,9.8,55.1,Loam
66.0,7.0,27.0,5.89,6.79,0.7,29.3,55.2,Loam
66.0,9.0,25.0,5.19,5.23,0.8,0.0,86.7,Loam
36.0,13.0,51.0,4.77,15.87,4.2,20.7,59.3,Silt loam
63.0,9.0,28.0,5.04,6.01,1.1,0.0,119.3,Loam
29.0,21.0,50.0,7.59,18.92,2.9,0.0,219.5,Silt loam
48.0,13.0,39.0,5.2,8.72,1.8,0.0,90.0,Loam
22.0,34.0,44.0,7.5,16.31,2.8,12.1,358.8,Clay loam
46.0,18.0,37.0,5.83,11.4,1.9,13.7,152.4,Loam
47.0,13.0,40.0,5.33,5.76,2.0,22.2,48.2,Loam
40.0,10.0,50.0,5.6,55.4,4.7,8.2,84.1,Silt loam
54.0,15.0,32.0,4.93,4.86,1.2,0.0,163.5,Loam
6.0,47.0,47.0,7.29,60.2,4.0,10.3,270.8,Silty clay
53.0,10.0,37.0,6.17,24.0,3.0,10.2,178.3,Loam
42.0,13.0,44.0,5.75,8.65,1.9,11.2,142.3,Loam
18.0,24.0,59.0,5.49,21.1,2.3,6.4,56.8,Silt loam
19.0,39.0,42.0,6.95,25.3,4.9,0.0,390.8,Clay loam
66.0,13.0,21.0,4.88,6.17,0.5,23.8,66.7,Loam
29.0,17.0,54.0,4.92,34.7,3.1,6.2,143.5,Silt loam
45.0,11.0,44.0,4.98,32.7,3.0,8.4,216.2,Loam
48.0,10.0,42.0,4.59,28.4,3.4,9.8,53.6,Loam
71.0,8.0,21.0,5.75,2.95,0.1,0.0,69.0,Loamy sand
43.0,15.0,42.0,4.98,39.7,3.0,8.2,101.0,Loam
57.0,10.0,33.0,5.13,4.6,1.2,0.0,92.2,Loam
9.0,32.0,59.0,4.92,56.9,6.5,0.0,193.8,Clay loam
17.0,24.0,58.0,7.48,32.6,5.1,6.9,405.1,Silt loam
29.0,28.0,43.0,6.15,25.8,3.3,0.0,143.4,Clay loam
40.0,21.0,39.0,6.04,8.25,1.5,0.0,141.7,Loam
53.0,11.0,36.0,6.03,6.06,1.0,0.0,106.7,Loam
75.0,7.0,19.0,5.23,5.41,1.0,0.0,72.5,Loamy sand
25.0,19.0,55.0,5.76,7.57,2.1,7.0,72.3,Silt loam
39.0,16.0,45.0,5.68,34.6,2.1,7.1,181.9,Loam
73.0,6.0,21.0,4.75,5.66,1.5,0.0,88.2,Loamy sand
41.0,19.0,41.0,4.42,14.39,3.2,45.0,132.6,Loam
62.0,7.0,31.0,5.06,15.5,1.9,0.0,97.6,Loam
48.0,12.0,40.0,4.26,40.1,4.0,14.9,94.2,Loam
41.0,14.0,45.0,4.55,47.0,3.5,13.1,89.1,Loam
75.0,8.0,18.0,4.64,3.26,0.7,0.0,41.6,Loamy sand
52.0,11.0,37.0,5.53,22.5,2.0,20.8,372.0,Loam
21.0,29.0,50.0,6.35,10.3,4.1,0.0,141.9,Clay loam
62.0,9.0,30.0,5.37,6.91,1.0,0.0,57.5,Loam
64.0,6.0,30.0,5.63,15.75,1.4,0.0,47.0,Loam
76.0,6.0,18.0,5.38,3.3,0.5,0.0,97.4,Loamy sand
9.0,29.0,62.0,5.4,49.2,6.1,10.6,286.1,Clay loam
55.0,10.0,35.0,4.96,44.7,3.3,18.6,282.8,Loam
43.0,13.0,44.0,5.0,7.51,5.0,19.5,179.3,Loam
58.0,15.0,27.0,5.29,10.39,1.0,40.0,116.3,Loam
50.0,11.0,39.0,6.94,15.37,1.8,0.0,61.3,Loam
65.0,10.0,25.0,5.15,6.46,1.4,5.6,169.7,Loam
63.0,12.0,25.0,4.75,4.28,1.0,6.6,87.4,Loam
44.0,18.0,38.0,7.49,13.85,2.3,32.4,261.5,Loam
57.0,15.0,29.0,4.43,6.51,1.0,7.6,52.7,Loam
70.0,12.0,18.0,3.78,23.1,1.8,33.1,169.1,Loamy sand
12.0,26.0,62.0,7.27,22.1,1.6,61.3,451.0,Silt loam
25.0,19.0,56.0,6.76,21.1,1.4,41.9,115.5,Silt loam
9.0,24.0,66.0,7.29,9.67,1.1,26.5,148.1,Silt loam
74.0,4.0,22.0,5.77,10.04,1.9,138.8,163.9,Loamy sand
12.0,21.0,67.0,6.88,10.75,1.3,55.9,111.6,Silt loam
69.0,6.0,25.0,4.15,8.84,1.2,73.9,43.1,Loam
33.0,15.0,52.0,6.46,14.14,1.2,32.1,123.0,Silt loam
86.0,2.0,12.0,3.79,6.1,2.0,127.0,61.3,Sand
68.0,6.0,26.0,6.28,30.4,2.2,102.2,549.2,Loam
69.0,5.0,25.0,4.33,94.8,4.0,145.9,131.6,Loam
74.0,5.0,21.0,4.84,7.27,2.0,39.1,114.8,Loamy sand
66.0,6.0,29.0,5.64,13.27,1.9,22.2,112.5,Loam
61.0,7.0,32.0,3.47,60.6,8.3,174.8,95.4,Loam
51.0,9.0,40.0,5.26,20.6,1.5,82.3,218.6,Loam
11.0,22.0,67.0,6.83,14.46,1.3,39.2,136.6,Silt loam
10.0,23.0,67.0,3.89,14.48,1.3,6.4,71.8,Silt loam
59.0,8.0,32.0,5.08,33.4,1.7,77.7,49.4,Loam
81.0,4.0,15.0,4.9,25.6,1.6,47.6,34.4,Loamy sand
16.0,19.0,64.0,5.62,14.68,1.6,34.0,297.2,Silt loam
36.0,12.0,52.0,7.17,51.8,5.4,68.5,442.2,Silt loam
9.0,25.0,66.0,5.13,10.08,2.0,6.9,79.0,Silt loam
10.0,37.0,53.0,5.96,31.8,4.2,37.9,100.9,Clay loam
53.0,14.0,33.0,5.3,15.36,2.9,54.4,75.8,Loam
15.0,26.0,59.0,6.83,21.3,2.1,82.8,297.0,Silt loam
43.0,21.0,37.0,7.3,26.1,2.3,232.3,426.2,Loam
9.0,20.0,71.0,4.09,7.74,1.2,0.0,56.6,Silt loam
56.0,7.0,37.0,4.07,17.44,2.3,30.0,71.8,Loam
16.0,18.0,66.0,7.02,39.1,1.2,99.2,287.0,Silt loam
30.0,14.0,56.0,6.3,22.7,1.1,45.6,95.7,Silt loam
26.0,16.0,58.0,7.12,28.1,1.2,105.6,226.0,Silt loam
75.0,6.0,19.0,4.78,5.1,1.4,104.9,65.6,Loamy sand
67.0,9.0,24.0,5.62,27.3,1.6,126.8,252.3,Loam
26.0,12.0,62.0,5.47,12.45,3.7,42.6,100.0,Silt loam
64.0,7.0,28.0,5.96,14.43,1.3,63.5,48.1,Loam
88.0,3.0,9.0,6.19,20.5,1.5,118.6,237.5,Sand
22.0,17.0,61.0,6.85,28.8,1.8,153.2,521.8,Silt loam
15.0,22.0,62.0,5.92,24.8,3.7,71.9,126.3,Silt loam
14.0,26.0,60.0,3.83,21.3,1.8,0.0,46.6,Silt loam
11.0,24.0,65.0,6.47,35.1,1.5,89.1,162.0,Silt loam
16.0,20.0,64.0,6.84,12.69,1.5,45.8,177.3,Silt loam
21.0,21.0,57.0,7.75,21.1,1.7,47.9,393.6,Silt loam
22.0,19.0,59.0,7.44,21.3,1.2,82.7,246.2,Silt loam
12.0,21.0,66.0,6.49,13.73,1.3,45.9,251.9,Silt loam
8.0,27.0,65.0,6.5,9.3,1.2,42.7,165.4,Clay loam
11.0,26.0,63.0,6.8,19.38,2.1,97.4,359.5,Silt loam
16.0,22.0,62.0,6.27,14.39,1.4,47.0,124.7,Silt loam
19.0,19.0,62.0,7.14,12.39,2.2,95.5,189.6,Silt loam
67.0,12.0,21.0,5.62,25.7,0.9,102.5,252.8,Loam
14.0,21.0,65.0,5.03,49.2,4.5,91.8,324.7,Silt loam
17.0,19.0,64.0,4.85,40.6,2.7,39.4,125.8,Silt loam
16.0,22.0,61.0,6.61,15.76,1.4,34.3,204.1,Silt loam
11.0,23.0,67.0,6.89,10.42,1.6,79.4,341.0,Silt loam
33.0,19.0,48.0,7.86,24.3,1.3,70.9,253.7,Loam
22.0,19.0,59.0,6.96,17.49,1.3,87.3,179.6,Silt loam
12.0,30.0,58.0,5.82,21.9,2.4,39.4,235.3,Clay loam
30.0,15.0,54.0,3.68,21.4,5.0,31.9,49.2,Silt loam
14.0,27.0,59.0,5.13,50.2,4.1,68.9,280.8,Clay loam
16.0,29.0,54.0,3.84,12.41,3.2,14.7,55.9,Clay loam
60.0,8.0,32.0,5.53,11.31,2.4,30.6,59.6,Loam
31.0,14.0,55.0,6.33,41.1,3.1,113.5,497.6,Silt loam
93.0,2.0,5.0,7.93,12.08,0.6,0.0,45.3,Sand
18.0,18.0,64.0,7.1,30.5,1.7,66.9,238.1,Silt loam
43.0,15.0,42.0,6.69,20.3,1.1,93.9,275.5,Loam
19.0,20.0,60.0,6.49,39.5,1.4,59.5,412.3,Silt loam
55.0,12.0,32.0,6.11,25.8,1.1,112.7,342.8,Loam
68.0,5.0,27.0,3.8,14.52,2.0,24.6,35.3,Loam
63.0,11.0,26.0,7.08,13.76,0.9,102.9,124.9,Loam
53.0,13.0,34.0,5.61,19.42,1.3,62.2,79.0,Loam
47.0,14.0,38.0,6.36,46.5,1.3,134.4,391.2,Loam
46.0,16.0,38.0,6.6,16.91,1.4,109.9,184.5,Loam
37.0,22.0,41.0,7.63,20.8,1.9,91.8,293.0,Loam
14.0,39.0,47.0,7.79,24.2,2.3,21.2,611.8,Clay loam
13.0,43.0,44.0,7.91,22.4,2.1,20.6,399.7,Silty clay
40.0,15.0,45.0,6.06,11.0,1.6,82.6,261.9,Loam
44.0,9.0,46.0,6.1,72.8,4.7,14.7,135.4,Loam
9.0,38.0,53.0,6.85,10.83,2.1,0.0,172.9,Clay loam
32.0,12.0,55.0,5.02,27.1,3.4,19.2,113.8,Silt loam
50.0,6.0,44.0,4.76,66.9,4.3,34.3,186.9,Loam
23.0,16.0,62.0,5.29,48.1,4.4,29.3,123.2,Silt loam
37.0,11.0,52.0,6.5,30.2,1.1,34.0,690.5,Silt loam
32.0,17.0,52.0,5.49,29.2,1.6,68.7,70.9,Silt loam
40.0,7.0,53.0,4.22,25.3,3.1,24.0,38.4,Silt loam
44.0,9.0,46.0,6.81,52.1,4.6,6.9,154.1,Loam
25.0,21.0,54.0,5.15,42.0,3.9,12.9,155.6,Silt loam
47.0,8.0,45.0,6.28,47.7,2.7,53.9,45.1,Loam
38.0,10.0,52.0,5.08,85.5,7.2,14.9,297.8,Silt loam
43.0,9.0,48.0,4.33,34.4,2.9,41.8,199.7,Loam
54.0,6.0,40.0,6.4,121.2,14.3,17.9,220.0,Loam
49.0,8.0,43.0,4.27,15.45,7.9,30.5,142.0,Loam
41.0,8.0,51.0,4.26,36.3,5.7,22.9,121.4,Silt loam
33.0,13.0,54.0,4.52,12.23,4.6,7.1,53.2,Silt loam
70.0,5.0,25.0,4.56,172.5,18.4,102.6,546.5,Loamy sand
36.0,14.0,51.0,4.44,38.5,4.5,43.8,100.6,Silt loam
52.0,8.0,40.0,4.42,16.39,7.8,39.0,163.3,Loam
45.0,9.0,46.0,3.9,35.8,9.6,68.4,172.3,Loam
46.0,13.0,42.0,5.34,53.7,3.9,26.1,147.8,Loam
59.0,6.0,34.0,4.17,21.2,8.4,34.2,209.5,Loam
63.0,5.0,31.0,6.85,32.7,16.3,70.2,284.0,Loam
31.0,24.0,45.0,5.05,5.59,2.1,9.8,224.0,Loam
47.0,9.0,44.0,5.27,29.1,2.4,5.2,18.1,Loam
51.0,9.0,39.0,5.04,10.8,2.1,5.5,46.9,Loam
62.0,6.0,32.0,4.54,10.74,3.3,16.2,147.0,Loam
35.0,16.0,49.0,6.3,46.6,11.4,16.4,362.5,Loam
51.0,6.0,43.0,6.17,89.6,4.8,21.7,133.9,Loam
45.0,10.0,45.0,5.15,24.8,7.9,9.1,60.6,Loam
75.0,4.0,21.0,7.05,94.2,19.7,61.4,1498.4,Loamy sand
25.0,21.0,54.0,5.15,11.47,3.5,10.2,81.7,Silt loam
12.0,25.0,63.0,5.1,19.53,3.1,42.0,186.8,Silt loam
43.0,16.0,41.0,4.26,6.92,3.0,14.5,53.2,Loam
42.0,15.0,43.0,6.47,116.2,10.2,36.8,169.8,Loam
44.0,12.0,44.0,5.01,10.75,3.3,54.2,85.9,Loam
68.0,4.0,28.0,4.24,94.3,17.2,67.9,452.4,Loam
67.0,6.0,27.0,6.42,131.3,15.9,36.2,267.4,Loam
18.0,24.0,58.0,6.61,29.6,6.7,13.1,203.7,Silt loam
31.0,20.0,50.0,7.15,43.1,9.4,12.4,322.5,Loam
21.0,17.0,62.0,7.19,57.4,3.7,5.5,46.8,Silt loam
45.0,13.0,42.0,6.68,34.7,2.8,76.6,137.8,Loam
20.0,26.0,54.0,5.13,8.76,3.8,6.0,113.0,Silt loam
57.0,10.0,33.0,5.81,9.06,2.8,19.6,111.6,Loam
33.0,16.0,51.0,5.48,10.56,3.0,8.4,61.8,Silt loam
46.0,7.0,47.0,6.9,82.9,6.1,24.9,62.9,Loam
38.0,8.0,54.0,4.54,18.77,4.7,38.6,65.9,Silt loam
33.0,10.0,56.0,4.42,49.2,4.1,66.1,45.1,Silt loam
42.0,16.0,43.0,3.85,12.51,6.3,17.8,58.2,Loam
37.0,9.0,53.0,3.61,16.49,7.4,32.7,70.4,Silt loam
16.0,25.0,58.0,4.52,7.36,2.6,0.0,92.5,Silt loam
43.0,9.0,48.0,4.27,9.85,3.6,10.5,60.5,Loam
38.0,9.0,53.0,4.02,38.0,6.0,24.0,106.4,Silt loam
42.0,13.0,44.0,5.27,10.19,4.8,15.1,89.4,Loam
37.0,10.0,53.0,3.8,30.4,6.0,29.3,108.9,Silt loam
45.0,6.0,49.0,3.87,30.2,8.6,43.0,112.1,Loam
27.0,18.0,55.0,7.36,18.56,2.9,92.6,24.2,Silt loam
27.0,20.0,52.0,5.35,15.59,2.5,10.6,141.3,Silt loam
63.0,4.0,33.0,3.65,27.9,6.9,87.8,146.9,Loam
33.0,10.0,57.0,4.82,18.03,4.1,20.8,32.6,Silt loam
23.0,17.0,60.0,4.37,11.69,5.0,11.5,75.9,Silt loam
29.0,11.0,60.0,5.78,28.7,4.1,43.7,197.2,Silt loam
14.0,37.0,49.0,5.53,16.25,4.7,7.5,142.8,Clay loam
55.0,6.0,38.0,4.2,40.8,4.5,33.5,129.3,Loam
40.0,9.0,51.0,4.75,18.33,4.4,14.0,72.7,Silt loam
30.0,12.0,58.0,5.94,36.9,3.5,29.3,70.7,Silt loam
29.0,19.0,52.0,5.58,17.59,3.9,10.3,94.7,Silt loam
53.0,7.0,41.0,3.75,15.78,6.5,16.1,90.7,Loam
29.0,9.0,62.0,7.09,71.8,6.1,24.2,64.6,Silt loam
43.0,8.0,49.0,5.22,35.8,5.1,32.4,99.2,Loam
59.0,7.0,35.0,3.83,16.12,5.4,20.3,68.1,Loam
33.0,11.0,56.0,6.0,27.9,6.1,5.5,77.7,Silt loam
32.0,14.0,53.0,3.95,13.63,6.9,23.0,76.0,Silt loam
29.0,10.0,61.0,4.62,35.2,4.2,19.4,141.9,Silt loam
25.0,16.0,59.0,5.55,22.8,5.2,11.5,53.2,Silt loam
30.0,12.0,58.0,7.16,73.9,6.7,20.1,123.7,Silt loam
39.0,10.0,52.0,4.0,26.0,5.4,74.5,93.8,Silt loam
46.0,9.0,44.0,7.04,53.6,4.1,16.4,32.6,Loam
31.0,18.0,51.0,3.71,25.4,3.8,20.8,59.7,Silt loam
24.0,26.0,50.0,5.28,11.1,4.0,5.5,58.4,Silt loam
41.0,12.0,47.0,4.13,25.3,3.9,20.9,50.7,Loam
31.0,13.0,56.0,3.7,25.0,5.5,22.7,74.0,Silt loam
41.0,13.0,46.0,3.93,19.39,2.8,14.5,43.5,Loam
40.0,11.0,50.0,4.01,18.29,3.6,16.2,60.1,Loam
14.0,26.0,60.0,5.61,15.74,2.9,16.1,53.0,Silt loam
39.0,15.0,46.0,4.23,21.6,3.9,14.6,78.2,Loam
32.0,11.0,57.0,5.22,55.1,5.5,33.7,117.8,Silt loam
53.0,8.0,39.0,4.51,16.97,5.0,17.3,230.3,Loam
15.0,29.0,56.0,5.57,18.22,2.3,0.0,49.8,Clay loam
33.0,16.0,51.0,5.16,20.9,2.0,4.4,58.0,Silt loam
54.0,7.0,40.0,6.85,44.2,3.7,19.2,117.4,Loam
46.0,7.0,47.0,4.5,18.14,6.4,26.1,159.7,Loam
35.0,13.0,53.0,7.18,52.5,4.0,10.7,138.6,Silt loam
46.0,9.0,45.0,4.55,14.35,5.1,18.0,220.8,Loam
49.0,7.0,44.0,4.28,32.2,6.3,40.2,213.6,Loam
24.0,10.0,66.0,4.1,28.4,3.4,31.0,83.6,Silt loam
53.0,6.0,41.0,4.98,21.7,3.0,23.8,133.7,Loam
33.0,9.0,57.0,5.38,53.5,5.2,29.0,151.7,Silt loam
46.0,10.0,44.0,4.54,10.39,2.8,12.7,111.0,Loam
32.0,15.0,53.0,6.6,37.3,3.0,14.3,87.1,Silt loam
49.0,8.0,43.0,4.25,21.8,4.5,13.9,182.2,Loam
50.0,7.0,43.0,4.61,94.2,9.4,42.4,235.1,Loam
28.0,14.0,58.0,5.44,21.5,4.4,15.7,86.8,Silt loam
48.0,8.0,44.0,4.5,33.1,3.8,12.1,43.4,Loam
38.0,13.0,49.0,4.16,12.08,3.5,15.8,65.8,Loam
43.0,9.0,48.0,4.74,16.71,4.7,30.0,166.5,Loam
18.0,21.0,61.0,7.08,53.9,4.3,12.4,91.2,Silt loam
42.0,8.0,51.0,4.17,16.27,5.8,25.9,89.2,Silt loam
50.0,8.0,42.0,3.82,15.72,5.1,14.2,124.4,Loam
61.0,4.0,35.0,5.02,91.4,6.6,32.5,148.9,Loam
36.0,15.0,50.0,4.84,8.43,2.5,4.9,70.6,Loam
26.0,11.0,63.0,3.75,27.1,4.8,43.0,276.8,Silt loam
54.0,5.0,41.0,4.67,27.6,3.9,18.6,809.2,Loam
22.0,13.0,65.0,5.2,48.0,3.2,15.6,388.0,Silt loam
26.0,18.0,56.0,6.08,31.1,2.4,0.0,310.9,Silt loam
25.0,12.0,63.0,4.4,36.2,4.8,24.0,283.6,Silt loam
39.0,12.0,49.0,4.25,23.6,3.5,14.8,239.7,Loam
24.0,15.0,61.0,4.5,25.0,3.0,17.0,81.0,Silt loam
59.0,5.0,35.0,4.24,45.4,7.1,47.9,452.3,Loam
48.0,6.0,46.0,4.47,41.5,6.2,49.5,110.9,Loam
41.0,10.0,49.0,4.9,37.9,3.3,19.4,234.8,Loam
37.0,11.0,51.0,4.58,38.2,3.0,22.2,812.0,Silt loam
41.0,8.0,51.0,4.36,87.1,6.3,28.1,224.9,Silt loam
38.0,10.0,51.0,4.29,23.0,7.5,32.2,234.7,Silt loam
43.0,9.0,48.0,4.52,34.9,4.3,15.6,174.8,Loam
33.0,9.0,58.0,4.88,18.46,3.7,25.7,128.7,Silt loam
49.0,7.0,44.0,3.98,47.6,15.9,63.1,411.3,Loam
55.0,8.0,37.0,4.52,16.02,5.5,25.3,175.8,Loam
32.0,10.0,58.0,4.53,47.6,5.9,19.6,189.2,Silt loam
57.0,5.0,38.0,4.36,64.0,9.9,49.3,343.5,Loam
19.0,21.0,59.0,6.05,133.1,10.2,25.9,173.5,Silt loam
21.0,18.0,61.0,6.86,35.4,5.5,11.0,87.2,Silt loam
38.0,10.0,52.0,4.95,55.2,4.2,54.7,44.0,Silt loam
40.0,8.0,52.0,4.28,48.4,6.1,22.1,66.1,Silt loam
59.0,5.0,36.0,5.46,76.1,4.6,12.7,67.4,Loam
16.0,19.0,65.0,7.0,54.9,5.6,18.6,137.9,Silt loam
52.0,9.0,39.0,6.97,54.4,2.0,12.3,183.3,Loam
52.0,8.0,39.0,4.13,111.4,6.9,31.5,228.4,Loam
33.0,11.0,55.0,3.9,30.1,4.3,16.4,88.9,Silt loam
63.0,6.0,31.0,4.41,135.9,16.5,78.4,75.2,Loam
32.0,9.0,59.0,7.04,82.0,5.4,17.9,172.1,Silt loam
21.0,21.0,58.0,6.78,109.7,10.6,15.4,122.4,Silt loam
27.0,13.0,60.0,7.1,58.9,4.5,16.2,44.8,Silt loam
38.0,11.0,51.0,4.27,23.7,3.0,11.5,40.5,Silt loam
55.0,7.0,38.0,4.34,10.27,4.3,22.7,168.4,Loam
25.0,21.0,53.0,4.21,89.5,7.1,26.7,276.3,Silt loam
82.0,2.0,16.0,4.25,107.5,19.6,95.9,598.4,Loamy sand
48.0,9.0,42.0,4.76,3.76,1.7,6.0,30.3,Loam
75.0,4.0,22.0,6.28,226.0,28.9,86.9,521.3,Loamy sand
44.0,10.0,46.0,6.22,264.0,13.0,36.1,424.0,Loam
56.0,5.0,38.0,4.09,58.0,15.2,242.1,330.7,Loam
50.0,9.0,41.0,6.97,43.2,7.2,13.8,201.1,Loam
22.0,15.0,62.0,4.97,26.1,5.9,19.4,152.5,Silt loam
32.0,13.0,55.0,5.03,61.4,4.5,23.9,150.9,Silt loam
53.0,7.0,40.0,3.89,26.3,8.8,28.0,137.7,Loam
61.0,8.0,32.0,4.38,15.35,8.5,32.9,175.1,Loam
60.0,5.0,34.0,4.8,80.8,5.8,48.4,132.2,Loam
57.0,5.0,38.0,4.48,18.65,3.4,39.3,78.2,Loam
48.0,7.0,45.0,4.54,18.74,5.0,52.1,133.7,Loam
47.0,8.0,45.0,4.16,39.8,8.3,32.3,197.8,Loam
33.0,14.0,53.0,4.34,40.1,4.2,25.6,61.9,Silt loam
10.0,38.0,53.0,5.77,52.0,3.6,7.2,54.0,Clay loam
25.0,16.0,59.0,3.88,21.5,10.0,30.0,172.8,Silt loam
24.0,14.0,62.0,4.69,51.8,5.3,35.0,147.2,Silt loam
33.0,10.0,56.0,7.0,55.4,6.2,64.8,93.5,Silt loam
44.0,9.0,46.0,7.18,65.7,3.4,9.6,32.9,Loam
47.0,8.0,45.0,6.68,45.4,7.2,58.6,190.4,Loam
26.0,19.0,55.0,6.89,60.3,4.1,0.0,62.1,Silt loam
27.0,20.0,53.0,6.98,120.9,8.0,24.4,206.6,Silt loam
45.0,10.0,45.0,4.95,52.0,4.2,16.9,85.0,Loam
51.0,8.0,41.0,5.74,13.07,5.5,15.8,127.0,Loam
26.0,12.0,62.0,4.57,48.6,3.7,16.7,67.8,Silt loam
47.0,9.0,44.0,4.34,19.01,6.3,24.9,45.0,Loam
22.0,17.0,61.0,4.13,10.67,5.6,23.2,50.3,Silt loam
30.0,13.0,57.0,6.22,117.7,11.0,8.9,47.9,Silt loam
33.0,17.0,49.0,5.28,45.9,2.7,6.8,83.8,Loam
40.0,20.0,40.0,4.23,11.99,4.4,13.3,68.4,Loam
19.0,19.0,62.0,5.46,25.3,3.7,20.9,80.8,Silt loam
53.0,7.0,39.0,4.41,29.3,3.9,23.9,96.2,Loam
48.0,7.0,45.0,6.7,52.6,3.0,0.0,33.4,Loam
52.0,9.0,39.0,4.15,23.8,4.8,35.8,20.9,Loam
31.0,11.0,58.0,4.4,11.19,4.1,21.0,70.5,Silt loam
85.0,1.0,14.0,4.61,41.7,20.3,93.9,100.0,Sand
53.0,7.0,40.0,3.83,38.1,10.3,66.2,100.2,Loam
53.0,6.0,41.0,4.28,68.6,9.1,49.0,33.6,Loam
43.0,9.0,48.0,4.58,31.9,4.4,26.3,151.1,Loam
45.0,8.0,47.0,4.63,42.3,6.9,29.1,33.6,Loam
42.0,8.0,50.0,3.91,44.4,7.3,35.2,45.4,Silt loam
40.0,10.0,50.0,5.53,11.57,3.1,10.6,29.0,Silt loam
28.0,27.0,45.0,5.68,21.7,1.9,42.0,95.6,Clay loam
22.0,23.0,55.0,5.09,22.6,2.4,11.5,168.7,Silt loam
19.0,18.0,63.0,3.88,36.8,5.6,44.1,46.3,Silt loam
43.0,9.0,49.0,4.32,67.3,5.4,29.7,30.7,Loam
28.0,20.0,52.0,4.18,21.9,5.1,15.9,81.6,Silt loam
20.0,27.0,54.0,7.12,16.57,2.3,0.0,143.3,Silt loam
23.0,20.0,57.0,5.96,9.73,2.5,8.4,103.6,Silt loam
27.0,12.0,61.0,6.58,24.4,3.0,7.6,247.9,Silt loam
41.0,7.0,52.0,5.04,133.5,15.4,39.7,217.2,Silt loam
27.0,17.0,56.0,4.2,7.26,2.9,8.5,173.5,Silt loam
42.0,14.0,44.0,3.73,45.1,5.2,19.7,120.8,Loam
34.0,7.0,59.0,5.17,13.31,2.8,20.7,77.9,Silt loam
34.0,6.0,59.0,4.96,11.55,2.2,8.4,82.2,Silt loam
52.0,5.0,43.0,4.29,45.9,6.9,102.5,79.1,Loam
30.0,16.0,54.0,4.36,11.88,6.0,24.3,177.5,Silt loam
9.0,29.0,62.0,5.18,13.02,5.1,12.9,47.9,Clay loam
40.0,11.0,49.0,4.6,89.5,7.0,19.0,60.1,Loam
36.0,15.0,50.0,5.84,51.4,3.8,14.4,81.9,Loam
30.0,14.0,56.0,6.2,15.09,4.7,8.2,75.3,Silt loam
33.0,15.0,52.0,5.79,14.47,3.6,9.8,160.8,Silt loam
54.0,11.0,35.0,4.29,9.88,3.3,9.8,81.3,Loam
69.0,5.0,26.0,4.51,18.79,5.3,14.6,181.2,Loam
32.0,14.0,54.0,6.71,49.1,5.6,8.8,162.9,Silt loam
12.0,33.0,55.0,6.17,54.3,5.6,0.0,71.1,Clay loam
73.0,3.0,23.0,6.0,5.72,0.9,5.6,20.0,Loamy sand
13.0,30.0,57.0,5.16,49.2,4.1,13.0,182.5,Clay loam
21.0,14.0,65.0,6.1,89.2,4.7,24.1,111.3,Silt loam
38.0,8.0,54.0,7.34,53.7,5.3,11.3,85.0,Silt loam
12.0,31.0,57.0,6.15,20.8,2.4,69.7,146.5,Clay loam
50.0,16.0,34.0,8.0,19.36,1.6,60.7,331.1,Loam
16.0,28.0,56.0,6.84,45.5,3.8,0.0,124.7,Clay loam
34.0,18.0,48.0,5.54,19.61,8.5,39.4,292.8,Loam
33.0,17.0,50.0,4.13,14.56,3.5,27.0,75.1,Silt loam
7.0,27.0,67.0,5.78,38.5,4.5,0.0,65.2,Silt loam
41.0,9.0,50.0,3.79,65.9,14.6,41.9,99.8,Silt loam
56.0,8.0,36.0,6.86,134.0,15.8,13.9,150.8,Loam
12.0,44.0,45.0,7.52,19.46,3.2,0.0,717.6,Silty clay
17.0,44.0,39.0,8.0,28.7,1.9,42.4,656.7,Clay
29.0,28.0,43.0,7.76,48.7,2.8,315.7,896.4,Clay loam
20.0,21.0,59.0,7.07,48.1,8.2,19.2,182.2,Silt loam
27.0,19.0,54.0,6.43,43.6,3.2,56.7,234.5,Silt loam
39.0,21.0,40.0,7.9,17.62,2.1,12.0,263.5,Loam
42.0,25.0,33.0,7.52,8.53,1.2,0.0,174.3,Loam
25.0,35.0,40.0,8.07,29.2,2.0,123.3,1868.3,Clay loam
21.0,32.0,47.0,8.12,18.49,0.8,12.1,115.3,Clay loam
21.0,32.0,47.0,7.67,18.33,2.7,0.0,234.0,Clay loam
18.0,38.0,44.0,7.96,17.15,0.7,0.0,390.4,Clay loam
21.0,37.0,41.0,7.89,14.85,1.3,7.1,159.7,Clay loam
36.0,16.0,47.0,7.47,257.0,1.1,0.0,90.1,Loam
40.0,21.0,39.0,7.5,17.06,1.8,42.0,328.1,Loam
79.0,10.0,11.0,8.05,15.5,0.6,0.0,511.0,Loamy sand
17.0,40.0,43.0,8.0,18.75,1.6,55.8,921.1,Silty clay
24.0,29.0,47.0,7.88,22.1,2.0,78.3,775.9,Clay loam
48.0,16.0,36.0,7.1,5.61,0.4,0.0,102.8,Loam
18.0,40.0,42.0,7.98,15.17,2.2,0.0,558.2,Silty clay
28.0,28.0,44.0,7.94,16.18,2.2,0.0,373.1,Clay loam
55.0,23.0,22.0,7.44,31.3,0.9,96.7,589.4,Sandy loam
21.0,48.0,30.0,8.02,19.54,1.5,63.4,835.6,Clay
46.0,19.0,35.0,7.5,10.34,0.5,0.0,56.2,Loam
21.0,39.0,40.0,7.86,18.43,1.5,14.3,358.5,Clay loam
